START,STOP,PATIENT,ENCOUNTER,CODE,DESCRIPTION
2015-03-28,,72e901c5-1d05-f7d4-912f-2051a78903ed,09fc63b9-bb1b-620e-4b49-1d884196c6d6,59621000,Essential hypertension (disorder)
2020-03-14,,b54acf7e-a725-9fc7-0a14-8a5e298c4e69,6383fdb4-df15-279f-be72-f8cf1004b22d,59621000,Essential hypertension (disorder)
1992-08-11,,c3cdc816-2eaa-1e34-2975-3d65d63095c3,c737f8a8-4ae4-f78b-2ef4-45a4d2bfadab,59621000,Essential hypertension (disorder)
2016-08-16,,49a3b08b-f4eb-cba5-68b9-20eb481776f0,7be5b947-789c-b952-3561-09b493d72019,59621000,Essential hypertension (disorder)
1975-03-04,,b043b11d-70ad-af23-57ca-e46803922a31,a7127195-05f6-1140-6a34-8f9badb60f02,59621000,Essential hypertension (disorder)
1974-05-31,,506ec161-70cb-ad0a-fd0e-ddb5f2831b69,2f7d7a49-dd6d-7315-aec0-2f20d1af0e8d,59621000,Essential hypertension (disorder)
2006-07-21,,dce4d4c0-fb7e-0e22-3ac4-f224de053fcb,23ed1058-1d18-b077-5aea-7f1e7ec12d3a,59621000,Essential hypertension (disorder)
2017-01-28,,2670d11c-8300-7621-d1a2-9b76e6e071ce,07dec1a4-80b4-ea03-bdf8-5d7d83050a60,59621000,Essential hypertension (disorder)
2008-02-03,,65a94bae-f262-8e1b-4a20-071a31b0dfea,e14102e5-6edc-b2e9-859c-5c5f22fc756c,59621000,Essential hypertension (disorder)
2016-12-18,,22183946-a125-7a8f-cc97-8078c83a9199,c3ef17cd-5d00-5d62-90ff-104f9618d70d,59621000,Essential hypertension (disorder)
1987-12-11,,57bcdf69-2442-d699-5bd4-44f000adf7c8,57802258-bfe0-8107-af65-777bc74f9d6c,59621000,Essential hypertension (disorder)
1986-07-30,,bebd25a5-0543-dab9-8925-df049a094fad,6e660945-0015-a56c-4a53-cd0b5c19b427,59621000,Essential hypertension (disorder)
2008-09-13,,5e2f0e41-08bd-841f-000a-c41a706809eb,321cbf65-d015-18f3-6a0a-6314bc1bec22,59621000,Essential hypertension (disorder)
1992-09-06,,51ea57fb-e15a-4332-ba2f-dcb39c936278,4eaf7b29-c57a-3b80-8da1-f589f8c0932b,59621000,Essential hypertension (disorder)
1997-09-28,,dfdde1c4-2951-ce1b-b701-171eb82707d0,c6672583-5b65-f6a5-39bc-673378267399,59621000,Essential hypertension (disorder)
1995-06-04,,a3d3a500-4c53-e9bb-121c-9ad53e58fdb6,5279bbdd-f497-5d7f-2922-5527e9774535,59621000,Essential hypertension (disorder)
2001-08-15,,e1386d5f-9147-788a-7a48-b68fc007523c,f0202c35-7302-49b8-6a29-6d6d64ed0981,59621000,Essential hypertension (disorder)
1987-03-20,,4de909bd-7ef8-e194-1382-57c7714142e0,83e50fb8-5509-cba3-8d45-742fbf037073,59621000,Essential hypertension (disorder)
2023-11-21,,16ccf639-e541-f0d0-cd82-d42e6f632edf,b2d4199d-20db-764c-abb8-59a76353da29,59621000,Essential hypertension (disorder)
2006-10-08,,eb2d3a28-e7cb-d48e-0e59-a980841bae5e,850736c9-3d16-ab32-d205-b6c9cdd5a767,59621000,Essential hypertension (disorder)
1988-06-10,,e2079132-b862-c2af-4259-4a68aed01947,bbfd4ad2-b985-57f1-c86c-e42cb2ba70b1,59621000,Essential hypertension (disorder)
1988-09-29,,60a0660a-f0c6-74bd-1674-628143a6c61a,3399b5b6-bef1-caf6-52de-00ebeac547ec,59621000,Essential hypertension (disorder)
2008-12-05,,7398fe5f-f7da-216a-68f4-09a15d576658,395797bf-0f91-ad4b-d745-504b22af8596,59621000,Essential hypertension (disorder)
1993-10-09,,5d8f56dd-246f-3da4-f371-9629655fa204,716a8da9-8723-9eb7-1e89-aff11cd9107e,59621000,Essential hypertension (disorder)
2011-08-21,,54c00897-232b-2bb3-3ff7-fffeaa4e715a,a6b8b88d-4028-9df4-a2fe-59c614044f79,59621000,Essential hypertension (disorder)
2022-12-08,,544dddfb-4b62-d718-5788-5910985e6966,0e36e193-f14e-3756-c503-592e7752f8a9,59621000,Essential hypertension (disorder)
1991-05-11,,e038fbd7-177b-5eef-fa69-8805e9402377,a793c171-d358-8b51-62cc-81a1e70c165b,59621000,Essential hypertension (disorder)
1993-02-08,,3698d916-9e1f-6e5c-3708-9eb5bdb8d2eb,8243c8d1-fe4a-2b8b-f5d9-ec3773e0545f,59621000,Essential hypertension (disorder)
1977-11-09,,73a12433-32b5-6e2f-4b98-6e1d38616d9b,349d82ef-e061-b0b0-2c9c-f3176749d178,59621000,Essential hypertension (disorder)
2010-03-24,,edab07af-1b73-b49b-9e79-dd2f4c6ea45c,662a4d0d-848b-4894-e851-4a2e50468605,59621000,Essential hypertension (disorder)
2015-12-30,,986ba4fb-c7f0-2fed-6a57-f23ebf336f48,a40f9fee-b4d3-b1ca-f0a0-64701f4bb729,59621000,Essential hypertension (disorder)
2022-11-29,,f1021053-fd05-bbc5-c27e-ec0d03411c17,ed91874a-044a-cd3d-9ea2-7b2cca932334,59621000,Essential hypertension (disorder)
2011-01-11,,5ea1186e-fb67-fe82-a619-98294f7eeb09,5fa8c5b8-1f33-2674-7932-f2bbd640d9f0,59621000,Essential hypertension (disorder)
2009-08-20,,5c9d4325-d9bb-f2c2-0ca1-6e0f8572fa2e,ade7f9da-df99-d9c5-0a8e-8afba3ee91e1,59621000,Essential hypertension (disorder)
2005-01-27,,4e05e3db-f9a0-9677-2c18-e0242dd9b693,876e4b87-312b-3eed-155c-8abb5237aa3c,59621000,Essential hypertension (disorder)
1975-03-27,,ef0da5f3-49ef-b4f5-0b28-0fe9d37e6d98,2d7858d6-50f9-d0fa-14d4-eb164b45cfb2,59621000,Essential hypertension (disorder)
2008-03-04,,82b02341-d6cf-95fd-77b7-c5ea21ce78d9,c79dd758-d7f3-eeec-fc86-03df28e15aa2,59621000,Essential hypertension (disorder)
2013-05-20,,1e1f891d-311d-383e-9a4a-ff65b906f012,6aa728ad-51d5-3d6e-bd78-0e1fa3054628,59621000,Essential hypertension (disorder)
2005-08-18,,e39e708f-f9e7-66b8-1ae3-76339f6ee294,be61aeb0-5431-b746-ef37-aa210ac31369,59621000,Essential hypertension (disorder)
1978-04-03,,ed2bf6f5-c3bc-b1c4-e85b-2eb32938e899,575d6d2f-2a0c-369e-84e1-3c91b5027f9f,59621000,Essential hypertension (disorder)
1987-04-05,,2aa34a7e-63ea-89f0-7eb1-50befd95cd2c,94cd84d0-e599-d867-8dc6-609842f90bfc,59621000,Essential hypertension (disorder)
1984-01-23,,33424c82-e5c9-9439-3e96-526edd6feb15,c62025f5-912a-e25c-e6e3-736bee7fc892,59621000,Essential hypertension (disorder)
1993-10-23,,7a143d3e-ee3d-8e3d-2a25-82d426f58819,339a9680-9c34-b3ab-3990-556689f24cd8,59621000,Essential hypertension (disorder)
1989-09-18,,e2431fff-a30b-6d8d-c3c4-a463b84b2f24,f01e1362-e74e-a8f2-1525-b38b42d344d8,59621000,Essential hypertension (disorder)
2007-09-09,,bc310959-8c6e-ce4e-7a9c-5090f902e894,e194d42f-22ce-6218-b11a-e1de88d75aa3,59621000,Essential hypertension (disorder)
2022-10-09,,d28daa96-5cec-7bbd-a933-8d719819b504,59438ad6-9e2f-d78f-ee43-2107065b699c,59621000,Essential hypertension (disorder)
1983-02-24,,8375a8ee-531f-24d3-abec-929516f1240f,b3e0e1dd-5a23-442d-972e-f3942512db91,59621000,Essential hypertension (disorder)
1992-11-25,,98dd4bc5-c20c-eadd-2374-22b5564b2263,2f9d5b4e-f3ec-456d-0b45-d779dda0c409,59621000,Essential hypertension (disorder)
1993-10-17,,da0cf622-ccee-d698-0f90-178cbfa4e0df,077ca7f9-b06c-155b-94ab-5b87d94bb6cf,59621000,Essential hypertension (disorder)
1997-12-10,,3f4cbc9c-a1cf-2399-8c0d-02928a4f0dd9,8d99be7d-3930-6dcd-7153-3a2ee963ce32,59621000,Essential hypertension (disorder)
2011-02-09,,3af78d6c-23a1-2f4d-6dc7-393e2b74f0fe,d0699e5f-4e9a-e9f0-e97a-36ab6893dc74,59621000,Essential hypertension (disorder)
2022-04-14,,c2c5da06-b67c-bbf2-776e-99dfe475314e,7061c62d-b0b4-d77f-d659-b051599ffdd8,59621000,Essential hypertension (disorder)
2017-10-03,,3c936371-b145-7c3f-bc17-29e8cdfe7d0e,249f69a6-3c4e-49f6-2047-535624521c42,59621000,Essential hypertension (disorder)
2012-05-21,,f2c98051-54ae-d0c3-b682-51bbbfa4fd99,823dfb68-8a85-2c40-a884-004f80e43723,59621000,Essential hypertension (disorder)
2017-11-10,,35ebf613-2a45-f86d-d31e-0454d44c6bc7,5160973b-b299-3daa-dd25-0b7d78f83f9a,59621000,Essential hypertension (disorder)
1993-01-25,,0821e9ae-3557-1e62-a64d-4d91b374993d,762ab910-a262-ddd1-2bb5-a7e35a104a9c,59621000,Essential hypertension (disorder)
2024-09-23,,45d81b09-99d0-849c-e7d1-dd9defc51efe,fa3a4025-7ff1-c47b-b4a8-acd847daedb1,59621000,Essential hypertension (disorder)
2024-10-18,,5464f73c-3543-974b-8c85-0580740f4c67,b390502a-e0e1-6f17-5d83-34a108ac850a,59621000,Essential hypertension (disorder)
2006-06-03,,03b8643a-bd8e-21a8-87f5-a0fd2cba7916,55364d01-ba21-83c5-26e2-cf38a74f73c0,59621000,Essential hypertension (disorder)
2022-01-20,,f0abc4f1-1b49-d97b-fd9a-57727c5f5f22,33981da0-dbd7-5c21-1cad-283922871393,59621000,Essential hypertension (disorder)
1949-04-07,,78f32a49-f7d1-053d-2491-2ec4727fdbc1,6b9cc60a-e725-7ce8-8f06-0d0dcacac21a,59621000,Essential hypertension (disorder)
2020-10-19,,bc0e4f74-c97f-4316-76fa-352072aca9b4,8837d0f3-2a83-ecaa-447a-46fedc9ec507,59621000,Essential hypertension (disorder)
1988-09-20,,8c01f7f1-e651-b0f6-8729-d801c26cce31,9a16aed5-b0e0-4525-dca1-9ac8138131a1,59621000,Essential hypertension (disorder)
2016-10-04,,8ff45fe8-8b99-c1dd-d864-3ec4f61ec4aa,85c225c1-b4df-c531-b9e0-21ac1ea4d778,59621000,Essential hypertension (disorder)
1976-02-21,,888a8d32-2a67-e7ab-08ab-2b2d679e7c33,f1da874d-27d3-51f8-3703-57dc895bfdc2,59621000,Essential hypertension (disorder)
2010-02-05,,bfee4cc9-7f11-3838-9d47-3b4719e15bf3,8952bd27-260c-b6e6-e5ff-cb2d1d7da741,59621000,Essential hypertension (disorder)
1997-12-26,,d72da5ed-d503-9493-1ab6-f9b674d1c611,a477be04-7223-59bb-a11a-45f08d8a2fc8,59621000,Essential hypertension (disorder)
1994-10-18,,d11acd10-4611-a777-decc-54a45dc2ced2,c369feb9-9032-bf86-2622-def9be3bf502,59621000,Essential hypertension (disorder)
1983-07-02,,cc3fd2a9-21d3-6fbb-bf05-013e464a0d0e,ebd6529f-4490-481b-eec1-b03505bd3c33,59621000,Essential hypertension (disorder)
1990-03-25,,004ee21b-7a2c-8e11-4623-f0cb516c47e8,d197ea95-cef8-e378-9f34-4f9d69233f90,59621000,Essential hypertension (disorder)
2013-10-30,,ab229492-b3ec-5e0c-5cf2-db721d6c4568,eff5737b-4753-24d4-bb13-60ab0dedad31,59621000,Essential hypertension (disorder)
2008-05-11,,64fa0eb2-e12b-3053-b8a6-49fac0072917,cd7681a6-47e8-a887-94ec-4ece657e4bd1,59621000,Essential hypertension (disorder)
2020-02-26,,cd9e0e29-d1cc-7810-1567-8c84a3c403de,abb1595c-e615-6d30-15a1-b175743944ff,59621000,Essential hypertension (disorder)
1999-09-02,,ede4a5ce-6555-72e1-1047-943e0934e001,83e5d91d-66f6-1d68-d0c8-2beb08f1027a,59621000,Essential hypertension (disorder)
2023-05-22,,41da9b2b-c686-305e-5092-543f3209e719,f45c5ca9-6aba-e69e-9b23-caf972da7bb0,59621000,Essential hypertension (disorder)
2018-12-20,,5a0a6c7d-0958-d34f-0de2-9d2d673bcc2f,e85167c7-3c13-c98f-4656-00d6e350868d,59621000,Essential hypertension (disorder)
2001-04-19,,c64f9aca-b0b4-f01f-6f61-5c73d6386ad3,e552e58c-a0cb-86c8-a056-09d965a7ac20,59621000,Essential hypertension (disorder)
2023-06-22,,b907e9a7-b406-cace-3eee-65bb43561af7,cf478fb4-4495-6fca-abc9-2bc571b89065,59621000,Essential hypertension (disorder)
1999-02-11,,dbc008e4-b706-a303-54b2-5733efe7cc33,40168957-030a-16b7-c1b3-5ed3570a05e3,59621000,Essential hypertension (disorder)
2018-12-08,,dff1ad9a-6532-b4ed-eaaf-5ba319274c55,eb23db38-b8ae-85d7-21bb-ba41ebebf2ee,59621000,Essential hypertension (disorder)
2022-09-01,,d5f3b6de-6061-e5dd-21c7-03bde217a102,ef820fc1-abe0-9175-4a91-e5bbbb933e51,59621000,Essential hypertension (disorder)
2010-08-22,,39bc5d06-3db7-54a0-76ff-24aed3e4d9d1,7b3c5427-85dd-59af-8fed-40cefb945703,59621000,Essential hypertension (disorder)
2015-06-25,,63e26cd1-a62f-fec3-4a35-a0c4ba876b40,fdb01ac1-0bcb-a9a8-04c2-50561204e727,59621000,Essential hypertension (disorder)
2016-08-26,,7966f3f8-cc2c-cf18-f019-8b0970127fc6,8f322d2c-370d-10d2-917e-e13081cde0ad,59621000,Essential hypertension (disorder)
1994-07-12,,d7496e61-9019-e5b7-fdfc-abae8a46675e,12dbe57a-efc6-b0e9-be77-1a5216602749,59621000,Essential hypertension (disorder)
1989-06-30,,1a494174-d08a-f147-5a0e-d9e97131ae17,312a28fb-f0cb-53b3-499d-bd8cd55aa3fb,59621000,Essential hypertension (disorder)
2022-09-07,,6087bc6a-f823-4550-6589-a47436dc157f,e063d16c-7551-1a18-bc72-7acb5ee34a5d,59621000,Essential hypertension (disorder)
2011-09-04,,08b46be7-470c-62bc-7ea9-8778b76636a4,024dadd0-f992-543b-9dc2-15fc5aa33abf,59621000,Essential hypertension (disorder)
2004-12-27,,e6ca080d-e413-89e9-d832-7aa888834465,9a0c05a2-395b-4b85-2828-6f2bdc624a78,59621000,Essential hypertension (disorder)
2014-06-18,,9993d1a7-aeab-253b-79b7-8de21a42adf1,6c2d72ef-409e-642d-45e7-b296b364d765,59621000,Essential hypertension (disorder)
1978-05-23,,94db08f3-13f4-7739-120e-0da4d5ad3c64,d5d9ed36-377b-e613-4972-cf0cfa8df228,59621000,Essential hypertension (disorder)
2007-05-07,,c6b9c0e4-e06b-9154-3d75-4f5641d126ae,9e687bca-9430-53fd-ee3b-dafd65854250,59621000,Essential hypertension (disorder)
2018-06-14,,ebae0aad-75f9-e50f-37c7-1cf2bb1b10c8,a94d3d2c-5680-bd8c-3c89-dd0c5ed86f0e,59621000,Essential hypertension (disorder)
2021-11-22,,ccb494b2-7b35-7d4f-581c-1e59789a4fb2,966a524e-e25d-2a70-4566-df20cd6433d9,59621000,Essential hypertension (disorder)
1998-03-01,,5896d745-27ca-ab52-8fff-17c34951c0b3,f711848b-3528-11b1-caed-60b385253989,59621000,Essential hypertension (disorder)
1989-10-30,,312e1f86-ee77-6258-ab79-27aff8004fab,745ed084-2c72-8fea-b849-e38fc9855830,59621000,Essential hypertension (disorder)
1987-09-13,,5fdfed14-fee3-57b5-c99f-428627ff4b73,097fab6c-92ad-0735-6911-5739c0166668,59621000,Essential hypertension (disorder)
1999-10-30,,9bc0ca20-6366-3ca2-6c1a-da34d529e1e6,cf44653e-5dc4-b011-c253-3343206cd2a4,59621000,Essential hypertension (disorder)
2014-08-31,,d1150ffd-8f31-fa1d-ddc7-e9fa261331c6,b54c56cc-f295-ab99-853d-208cd9977a89,59621000,Essential hypertension (disorder)
2008-03-24,,cdf099c7-8e2c-7b5f-db46-d02484f8a0f8,7a5b13a6-fa1b-07f8-0af6-af791dc92e23,59621000,Essential hypertension (disorder)
2019-06-06,,1316e4ef-28dd-10f8-0d24-dbd8ce210ea8,91b48753-d017-9fa3-7094-cb04c3f48606,59621000,Essential hypertension (disorder)
2021-04-25,,1ddb75cd-171b-6641-6086-ed1b00cbea4c,9a01d469-f0d1-a91c-0314-b98b09a5bb15,59621000,Essential hypertension (disorder)
2022-04-01,,206b225e-6c54-56d0-768a-c6f43a50a018,0c903310-d2a7-7c05-af46-1065f0e50d29,59621000,Essential hypertension (disorder)
2023-08-06,,7e03869f-114c-daa3-c62e-a53200a16c87,ec6dda64-4486-0df1-2e4a-7795fa3f8859,59621000,Essential hypertension (disorder)
2008-06-18,,621534c9-4c9f-4170-33ae-d2301e0c5cb2,e9aa7a55-48e8-bc2e-8eac-10e3d3424c9f,59621000,Essential hypertension (disorder)
2000-07-04,,46840253-62e4-aeca-f8e0-ce46ff65a214,b642d102-5d2f-d0f5-956e-84ef064b8480,59621000,Essential hypertension (disorder)
2002-12-28,,bf00ea20-cd7b-7d7e-aa5a-cd02fbcf9375,c24194a5-dd7f-d326-0c70-928558f7d5e7,59621000,Essential hypertension (disorder)
2007-02-25,,921fc22a-6c21-81a6-aab6-7999435ca0da,d6dfc3b9-5808-e14b-b6c6-9257599b4c95,59621000,Essential hypertension (disorder)
1983-04-23,,c8825dba-ee25-cc07-307d-8f525011b13f,23603a5b-dfe2-43d5-3737-f9ea2a9d2ec0,59621000,Essential hypertension (disorder)
2012-02-18,,7543e462-b41a-1472-f9d2-c58218b464b3,cbf8af11-12b6-ed77-3672-4b5b24f08c4e,59621000,Essential hypertension (disorder)
2019-03-11,,62d1c37f-c575-285e-b6d9-90922aae0b64,b4306483-b594-8bf6-26fd-5ca89e9de1a4,59621000,Essential hypertension (disorder)
1995-12-20,,cf98d0a3-2e49-26f7-b5e9-6307b0322505,a2ac7951-e780-338b-7240-f153dd1ac065,59621000,Essential hypertension (disorder)
2010-06-25,,eab5686b-83c8-3808-5e31-04fd96f7a6f8,96578e73-6393-1532-1dbd-79118e30531a,59621000,Essential hypertension (disorder)
2023-04-22,,3646359f-b38c-fe2f-012b-b86e44f17797,1977b807-f282-ea29-68ce-942634eeb92f,59621000,Essential hypertension (disorder)
2004-11-17,,13d86f37-1062-860a-aaaa-ef98ff90a535,e64580e4-01c1-124f-bb0b-12333e4dfdf2,59621000,Essential hypertension (disorder)
2001-03-06,,760b8d6d-b4a7-1587-7571-b929247c3160,e7a50d4f-adf3-5dd4-e9d2-0fd0a338a5fe,59621000,Essential hypertension (disorder)
2007-11-28,,0902d303-ce6b-ae2a-8d84-1f87a494fd52,ae8edaee-ffad-28e5-99a3-f96e7e9b7dcf,59621000,Essential hypertension (disorder)
2007-06-03,,26dacbf6-cafb-5f97-da98-858e7aefca33,945b28f8-6708-bf26-7018-6c61c3ca5a1f,59621000,Essential hypertension (disorder)
2024-05-18,,df96a8b3-6308-9fe7-c871-541db59aaaf1,8aff4432-6a42-0d8a-f48a-f91cf98691db,59621000,Essential hypertension (disorder)
2011-01-16,,c8e711e9-c811-ae6d-4cd9-395b73669624,8d866da9-f989-7a86-3de2-f224cdcdea82,59621000,Essential hypertension (disorder)
2016-12-07,,3694356c-4063-ba99-0bc6-784082860ef6,e5ff6939-3c36-5b12-d880-99ac77e38bca,59621000,Essential hypertension (disorder)
2008-07-14,,e72a8425-fc84-53d7-3835-cba54ef105ec,14ca0270-b44d-064e-dfb0-dbb32c4d5056,59621000,Essential hypertension (disorder)
1985-02-14,,e09a4250-f8de-f64e-24e0-aa0c4de2bc85,2355dede-dd86-1a4d-9409-3dd4291c1259,59621000,Essential hypertension (disorder)
2006-01-13,,c5b81b8e-b718-df2f-86d9-b26ce2a89ce0,7ea80b93-b51e-cc1a-df71-bb8b52b0b5b1,59621000,Essential hypertension (disorder)
1986-05-15,,d4dd6a32-330f-14cc-b3e3-f61beb632e17,6a991b1e-bb1c-6b28-5bc0-94300de1aa93,59621000,Essential hypertension (disorder)
1974-05-28,,2a16b72e-0b11-65f6-03f4-6814ce9e7c63,51c40421-9c07-54e2-dccb-da23347bb164,59621000,Essential hypertension (disorder)
1979-08-05,,41ee0646-400e-4c1d-7383-b498c62e1466,b330a999-115a-6d10-75ee-677f00cec471,59621000,Essential hypertension (disorder)
1989-03-30,,d0a7a91c-8967-f698-7440-49bd92262e83,72a88f6d-8a5b-a522-055a-ba4ae5d8322b,59621000,Essential hypertension (disorder)
2003-02-22,,8736f10f-a914-c0a2-5626-f683862b030a,3462b36f-54dd-c771-99cb-19c85bec9caa,59621000,Essential hypertension (disorder)
2016-08-20,,ec8e72f1-1d69-c955-286b-da0782ddcd94,b906cf71-7817-1e84-5530-64fa1bf8ec36,59621000,Essential hypertension (disorder)
2000-02-03,,a921e3d1-75c9-c1c2-aedb-227343d30691,036e8dd9-dcc7-cfaf-9a9d-9ec4f2bd7249,59621000,Essential hypertension (disorder)
2009-12-16,,ab933827-44cc-6ea9-df73-826f769cc3bf,728ca7d3-1adf-75a9-5b42-476c4fefbd90,59621000,Essential hypertension (disorder)
1977-04-11,,a0c4164e-27d3-e4ca-9007-02a6bf4490cf,bbd5559e-54ae-84cd-96b4-3a44f76ac943,59621000,Essential hypertension (disorder)
1996-05-06,,dabdb7a6-a730-35f7-2944-176a6995eef4,9af9953d-a194-bea8-74a6-812ff4f909de,59621000,Essential hypertension (disorder)
1998-02-13,,4ff0db81-d5cb-ac01-89b1-53b7d5bb7296,5b6adec1-9691-a9c9-2ccb-d4659e64ca44,59621000,Essential hypertension (disorder)
1979-04-06,,efdefe31-5cb1-a8f5-ad1d-449891583a14,94e2230e-b7c2-f651-91ef-0dd2ceab3a9b,59621000,Essential hypertension (disorder)
1981-12-26,,f23624ad-265e-9fd4-986f-611923febd5c,6ea4ae92-3038-be2c-c414-75b4af973809,59621000,Essential hypertension (disorder)
2015-02-19,,cb4cedd0-14e6-56bc-bd0b-d3674cc01210,6989b4f7-d2e1-2070-3f74-071f588ab4ea,59621000,Essential hypertension (disorder)
2019-11-07,,aa98d507-de58-06ad-c51b-d2f58e718a5e,325d3428-b76b-0577-e935-6a407d567797,59621000,Essential hypertension (disorder)
1989-02-14,,5ff52f9e-8758-4551-37e0-56ee7585aa85,f81b4b5d-303f-f79a-293c-713229315aaa,59621000,Essential hypertension (disorder)
1976-10-23,,52635a81-2d89-5f5a-e934-4e2ea6c2d35d,be64865d-7e6b-da48-eddd-480224289c01,59621000,Essential hypertension (disorder)
2012-02-12,,c4ea4500-91ad-6805-6a53-6e2c02c6f0a0,4d723a15-d969-cac2-7a9c-c4ebd1ba8fe1,59621000,Essential hypertension (disorder)
1996-04-02,,ce966eff-30ac-fd41-d834-6682733b4aa4,accd83c4-9d8f-cf1a-0677-22e20d81b50e,59621000,Essential hypertension (disorder)
2003-06-18,,c1497184-4ee4-d5be-1450-8ddfb6f5959a,d75d7260-da00-260b-52b6-8edd05cb577b,59621000,Essential hypertension (disorder)
1998-10-10,,50029341-e795-87b0-b137-60c4c9bd5492,241fd740-a6dc-b882-d504-ea546bf44406,59621000,Essential hypertension (disorder)
1993-12-15,,4e97f846-fa0a-b6be-5a0f-d0c0b3cfd15c,dce7525f-d8ad-b44e-25f8-0f0474f18b03,59621000,Essential hypertension (disorder)
2001-04-14,,5b72ba59-6ab9-31b9-13c8-12ffa0d620b3,9222b940-5d7b-4b35-6ce2-4902a7704940,59621000,Essential hypertension (disorder)
1992-03-08,,71030f89-a3ce-4c8a-bdaa-a4268ece0ca5,f8986d8a-0ed7-13c8-79f4-c2738f45bfd3,59621000,Essential hypertension (disorder)
2010-07-11,,4ccba25a-614a-dca4-ab36-9c35bb393314,98942198-b8a2-699a-df3c-e06e0fc7dcac,59621000,Essential hypertension (disorder)
2005-08-31,,c9b556c6-c270-daf0-fc9f-bdd91d23580f,aff70aa0-c155-cc5e-06b1-5b814162e1fc,59621000,Essential hypertension (disorder)
1996-02-08,,e13b0d9c-2d9c-92fc-b8f3-0814cfc39ae4,bbb68c31-04d8-5b3c-0231-d6998d1ceb8a,59621000,Essential hypertension (disorder)
1991-07-22,,3a63f32e-3303-ffb6-7332-3204ae6401b6,7b7c67d9-a28d-3762-7fdb-df9affd043c9,59621000,Essential hypertension (disorder)
2015-11-26,,499983fa-1943-c194-e720-a9e0a4f0bfe4,9e3855ad-9bc6-d71d-63cc-08215ea5af3f,59621000,Essential hypertension (disorder)
1996-10-07,,86481930-fb0a-8a1d-8a0c-08a0a7ad9ccc,cb0d2bfc-5fa1-6a6a-7d84-1a0ba383c3aa,59621000,Essential hypertension (disorder)
2010-04-08,,bf0df240-5747-32d4-316e-2635ae7fe65e,1402eb31-c697-5f58-0980-18490fcb0474,59621000,Essential hypertension (disorder)
1987-11-02,,6ee85416-78ba-1fa4-39a6-29963f873ab3,79f850d9-395c-22b1-ad87-e681e0560054,59621000,Essential hypertension (disorder)
1971-12-22,,46753d32-5248-03af-88b0-15fce74dce31,db86464b-8806-1cdf-7a7c-749a8a2389d7,59621000,Essential hypertension (disorder)
2016-11-26,,75f59c1d-7605-8099-9a6c-2f8a0baa3cf1,5c377e2d-19a9-c83e-83e6-f44466e7c573,59621000,Essential hypertension (disorder)
1998-10-29,,8fc37ded-75b7-9ec7-75c2-49d465a9304d,19597d86-ee93-0562-19ee-ed5a278fa413,59621000,Essential hypertension (disorder)
1994-11-10,,a1060122-3db2-5f97-7669-88cf7c961907,36bece90-5786-2eb7-2dcf-d467ef4c9a18,59621000,Essential hypertension (disorder)
2023-07-11,,46dcf6af-cfe4-e31a-2a88-ec608f1b344c,b144cb56-66a2-cf5b-b6be-64328293bb68,59621000,Essential hypertension (disorder)
2007-06-18,,5401ace7-1cbe-a584-d26c-b3d77eae3f87,2f93aa16-c6b3-0d93-bd6d-e82c29a670bd,59621000,Essential hypertension (disorder)
1988-05-15,,7da3c4d3-789f-2fc4-592b-734c8645ed29,3fec95ce-38bb-0305-1a53-462354b55748,59621000,Essential hypertension (disorder)
2015-04-03,,b28a66c6-fa76-dfdb-a905-2489ab95832f,ac2ef3b7-8435-3f92-449b-e7e51680075e,59621000,Essential hypertension (disorder)
2010-08-28,,b370058b-73d9-6656-e2bf-da1a205a762b,1e1cb408-6a0b-e0fa-f058-41740179c5af,59621000,Essential hypertension (disorder)
2019-03-04,,2a464f57-c70e-86ab-61ef-407003e79116,ef4f5684-897b-f55c-05f9-fcf984fce74b,59621000,Essential hypertension (disorder)
1999-07-05,,b7f24132-96cd-b926-e067-7b3ffaf56df0,a6d62cca-d55a-43a5-7836-b98eaa3106b9,59621000,Essential hypertension (disorder)
2007-10-20,,412f417a-cbe9-3b16-38f3-0d951f35c906,dc84f1f3-282c-0844-c17d-79bfb1e55c21,59621000,Essential hypertension (disorder)
2000-10-19,,c85c38c9-28bf-aefe-d041-de997bff334d,d4af8ed6-8229-a24a-e591-c2e6100c7bc2,59621000,Essential hypertension (disorder)
1989-06-16,,48857f29-df36-179c-e7db-b7e56680503a,5c32c46b-ca0e-fe0b-a454-20071993d2b4,59621000,Essential hypertension (disorder)
2019-02-16,,ff95a2d3-9345-5687-57d3-8391a00a8797,1c52dfe8-cec4-16b8-909c-0017b3debce6,59621000,Essential hypertension (disorder)
2004-02-22,,a25dd6f5-4b76-edea-9109-6e1248c366e0,103d1f9d-7eff-5d32-cd68-814250c71da7,59621000,Essential hypertension (disorder)
2004-06-04,,d254346c-07a4-69a3-892d-6f6f02808282,cef3cafb-c8ad-95bb-f3bf-ca3764420713,59621000,Essential hypertension (disorder)
1996-05-04,,b87ae84b-4a57-152f-d582-a79e870413b0,57836d39-44f2-4d15-99e0-c9c9f57846fc,59621000,Essential hypertension (disorder)
2023-01-11,,9e523fc4-45a4-6e38-f1ce-cd299ffe435d,0d25e49a-3b2b-f47f-9df9-899125540788,59621000,Essential hypertension (disorder)
1999-05-07,,7b1fd43f-9032-1339-8036-7bfd01b7521c,84a220a4-8e62-9b3a-fc20-d67a65555838,59621000,Essential hypertension (disorder)
2019-01-05,,2037ce6e-4f8f-4ecc-2b72-e80b12158e2f,5c0ff29e-f1e8-9709-9607-6200e7ef05a3,59621000,Essential hypertension (disorder)
2016-04-02,,01acbd24-2afe-2a92-1fa4-334b679a0f3d,a4ea45d3-3325-e7e6-3a61-ea1c84dc99f2,59621000,Essential hypertension (disorder)
1990-02-05,,de4f47dd-df35-5324-d478-c1b76847d9a6,83985150-264e-6166-47ea-0666338fd36f,59621000,Essential hypertension (disorder)
1998-05-10,,6222f75c-8431-8100-b711-265b872fed19,cc8d387c-e939-2267-1a4b-fd828bb6cbf7,59621000,Essential hypertension (disorder)
2015-01-31,,6667f3fa-20f3-96ce-efc9-1c2d6022a19e,ca4e3d98-076b-2ba1-7953-8206dbc6edf3,59621000,Essential hypertension (disorder)
2023-07-17,,83968d61-7ed8-566b-66b9-592d642ae972,3022e0d0-8f3d-c454-8101-20ae13ff4974,59621000,Essential hypertension (disorder)
2011-07-31,,3c3266a0-3f2c-b2e0-72c9-b5af53db3092,b4c94757-1e02-44ed-42f9-f1a778a987db,59621000,Essential hypertension (disorder)
2020-08-22,,2068f9bd-77cd-9eb4-cf3b-2d519d68737b,3007a495-3cfe-58ec-2b5f-262a6e6ecbd2,59621000,Essential hypertension (disorder)
2002-08-18,,67e970bd-de1f-97d7-0c64-181f5113f728,85c65915-7ec1-1461-a88c-762f85c3b48b,59621000,Essential hypertension (disorder)
2002-09-28,,d26b8179-ffd6-2141-1d18-0843d852bf09,de0d3373-686f-61c7-6297-5b0a022f6f8c,59621000,Essential hypertension (disorder)
2005-01-12,,ff8202ae-ecf4-15c6-17e3-a2862073f431,d43e5768-a6c9-081a-4575-f91173f23e0c,59621000,Essential hypertension (disorder)
2017-06-14,,b398efb4-1c8b-9700-01a3-fa2c55c4f97f,bd93be8e-b527-ade1-26f6-825513e6366a,59621000,Essential hypertension (disorder)
2024-07-23,,cdf7ae36-43dd-638b-479f-02084cf74678,1019faa4-273c-efed-19d4-405cb625da4d,59621000,Essential hypertension (disorder)
2023-10-02,,077506fa-c45d-277a-654f-89600cc2679e,6c92aa1b-8dc0-5b62-2c6d-b217f0c48315,59621000,Essential hypertension (disorder)
2023-12-09,,ea842117-3cc0-3baa-741e-ea281b1819b5,5a15bc17-9103-c566-cc1d-3b395905fe60,59621000,Essential hypertension (disorder)
1997-01-06,,5c5d7bf9-6fb6-378e-6988-c9e7f1b33f06,9b243541-9d50-cf03-be31-17189c3750a6,59621000,Essential hypertension (disorder)
1987-08-13,,b46369af-b2ca-3015-e004-e4e76af03ffa,7f66f27d-2ec9-5b22-33c3-5b5d66b4129a,59621000,Essential hypertension (disorder)
2001-05-23,,4e857daf-2a95-2da0-a219-372adf0e850d,5887aca5-0588-89b9-3544-7bc245fad0b2,59621000,Essential hypertension (disorder)
2001-09-02,,fe117aba-0eea-3694-b07b-ae063df4bea7,aaad547b-0ca2-4fc4-d533-3f30e8401aca,59621000,Essential hypertension (disorder)
1966-09-04,,a0e3a7c5-eeb7-4859-d751-f89028d19ad9,620151bf-ab42-2b4e-059a-bdc830372547,59621000,Essential hypertension (disorder)
2008-01-06,,4f604f67-8add-f246-7f47-3fc38fe04849,abfe4b8c-b4ab-1041-ea89-5f13f081a29d,59621000,Essential hypertension (disorder)
2015-02-12,,4ec6d2d3-b2e9-e031-515e-9d60d559f74d,0f2d40d2-6a8a-9660-e28c-5cdf3756d47b,59621000,Essential hypertension (disorder)
2019-11-17,,018a9db5-7a6b-8d4a-d1b3-04cb499ae277,294c2985-26f6-28f3-1de9-20032ee9c059,59621000,Essential hypertension (disorder)
2001-02-28,,ce8faba2-b94b-3d12-3e4a-b90348b18e80,8c304756-1f1d-5fc7-5eac-cf1e74ea94ad,59621000,Essential hypertension (disorder)
1990-12-22,,a526eb00-0b51-5889-050a-efe9d1d59305,1bb7aec9-7d07-dfad-bf2a-df09d231596f,59621000,Essential hypertension (disorder)
1989-06-07,,c574fa36-ad41-945c-7189-cb03d47e4084,bfb98040-584e-584a-a2cc-756549afe8b4,59621000,Essential hypertension (disorder)
2024-09-27,,69a3fb7e-cfc1-cc6e-76e7-cbd1e5dc29b5,cbc85c3a-86c6-44e3-5777-98bbc260a483,59621000,Essential hypertension (disorder)
2001-12-16,,eb5ff945-8cfc-9cdb-b222-f37c7e6fc5ff,79336410-d9c7-ca69-2bd1-eda45e10ebaf,59621000,Essential hypertension (disorder)
1997-12-23,,f4fb8265-ec5f-a864-3f3b-f407c9569e64,481cabb5-205d-10ea-5c18-793c4df9762c,59621000,Essential hypertension (disorder)
1993-12-08,,bcba5e2b-798e-ad36-06f3-96237126d139,a7710992-19fe-fe03-93c7-4722fda37c1f,59621000,Essential hypertension (disorder)
2017-01-08,,2124918f-b429-47f0-b0c2-7abf81d3db68,a49314bb-fd40-beae-7b58-85b7bf2e04a6,59621000,Essential hypertension (disorder)
2023-02-11,,b1182469-4b8c-906b-d12d-0263b93b1937,79cd25a0-b8f4-04c1-4fd3-218ac5e10a1c,59621000,Essential hypertension (disorder)
1974-03-06,,eb32ee4d-fe2b-17f1-6728-0383e80962cf,c816457b-eef5-8c8d-c775-5cd5f6b7eb7c,59621000,Essential hypertension (disorder)
1986-09-09,,72f4e048-f04e-d64d-97b4-7c16c690d7a7,b9dcbef8-2e2a-c586-84b3-8f1d9beae87a,59621000,Essential hypertension (disorder)
2009-01-24,,dc883076-2011-12e9-2ab7-cc432058f90e,a7d39644-b65c-8d7a-e906-67745f27d97e,59621000,Essential hypertension (disorder)
2017-10-18,,84ae55ac-6411-070a-3404-88a8257d1b86,9a123455-6241-c262-da9f-b26cedcd69b4,59621000,Essential hypertension (disorder)
2023-01-30,,af64c09c-914c-c287-23b7-909c6c4c03c1,c6cc2ec2-b469-b458-9024-401dea944731,59621000,Essential hypertension (disorder)
2015-03-16,,8e018a11-8ce8-553a-3091-91e06b7de0d6,1751a363-6f52-4b73-5121-60aabbd88156,59621000,Essential hypertension (disorder)
1994-12-10,,cf46c5a9-76d0-29c1-d073-3fa15ffebc33,dc2ab2e8-4397-86c7-4406-39ee302185b5,59621000,Essential hypertension (disorder)
2014-11-25,,03881841-76bf-9a77-f59a-0e5d6b2b4e55,2c434a06-a7c4-67a0-4075-10bbafa67fb1,59621000,Essential hypertension (disorder)
2024-02-15,,77936f34-70b7-2653-2ef8-33f6e1b78969,df92aabb-c81d-f61b-84a5-f266949c66b4,59621000,Essential hypertension (disorder)
1988-04-25,,7f17fef1-fd41-db83-9ffd-ff3270577efa,a8b246a3-3379-53d7-c912-978cac1cbf57,59621000,Essential hypertension (disorder)
1995-12-18,,55061db0-2b89-0c27-497b-1568a0a0e50e,33b22e86-f8b6-dba7-f729-3cd0e515a8c7,59621000,Essential hypertension (disorder)
2011-11-20,,57fc5606-47a3-16fc-43e2-1db2bddd4c86,ca3e4d1b-e9c9-1029-a21e-c558a273d5a9,59621000,Essential hypertension (disorder)
2012-02-07,,d75eb92a-8afb-1138-c962-7fb60fd929eb,28876692-560b-8ac4-5ae8-9c44e1da626c,59621000,Essential hypertension (disorder)
1999-02-08,,afe362b2-2f22-dfb1-644c-70665cab8072,725112bc-230f-acfa-a2c0-333c4b5fbf5d,59621000,Essential hypertension (disorder)
2023-10-15,,3c932032-64aa-a7f9-6731-d767438288b5,172ecf7f-34f3-620d-cff2-047ced82f744,59621000,Essential hypertension (disorder)
2020-08-28,,cc42aaad-9cf1-96cb-c269-0d3f4ceeda62,8358d304-ac76-8c00-a53c-29437364d312,59621000,Essential hypertension (disorder)
1963-08-30,,d33f8d71-4590-698c-a5ec-4b46348f63dd,c57a2ef4-40fe-88d2-3ade-6773640f6c0f,59621000,Essential hypertension (disorder)
2006-03-26,,1ce97e17-08d5-2b9d-a977-36760792e01c,410a8326-dc40-5507-52ca-3c90d401b197,59621000,Essential hypertension (disorder)
1990-09-03,,b78bccf5-27db-a9c2-41f7-77956726f06e,d5b589fd-ccdc-0f76-f929-6cf52c80b9c0,59621000,Essential hypertension (disorder)
1952-09-11,,da7ee092-6119-a277-fa0e-8dc34c5b9a7a,863dfa3b-568b-fdf7-3f9b-ef8874dd4e3f,59621000,Essential hypertension (disorder)
2013-06-24,,779145cb-f42f-85d8-b08d-92cdf48c2236,a295652b-1759-4239-d02f-d42a9ee8e3f5,59621000,Essential hypertension (disorder)
2024-08-27,,eb3525a1-522c-deea-33c8-c52c3a156cbf,1e2cc978-eac8-a486-d198-028ce9dcf9b3,59621000,Essential hypertension (disorder)
2023-02-12,,ea93e985-033f-1b99-6bfc-ed3150314878,d9130630-c6c2-d9b6-cb22-c03341ddc104,59621000,Essential hypertension (disorder)
1983-09-12,,8bf19b5a-32b1-d6b6-8f3d-0e2e9474b9c4,f86e5616-0d85-2dc6-8ff5-42d43c49a2b4,59621000,Essential hypertension (disorder)
2008-03-14,,afa28de9-918c-c907-c8f0-d62fa1ebce6c,538a4d9c-e509-797c-4bde-8417c4a8c9cb,59621000,Essential hypertension (disorder)
2007-05-11,,2d231661-60c0-4369-4671-1dc1748f3906,395c7bdb-51a0-f645-d5cc-6974df66a1d0,59621000,Essential hypertension (disorder)
1982-04-06,,d4523cab-4775-1f5d-eda5-73cd912fd2bd,4e981c56-9a6b-444c-72b7-3cf84bdb1756,59621000,Essential hypertension (disorder)
2010-04-15,,f23f51fc-c744-51fa-0be0-e7ad19014b9c,cf1bc748-f989-8c2f-aa90-13cff0bfa31c,59621000,Essential hypertension (disorder)
2008-11-25,,d75b1f4e-a20a-c59f-7870-ae5ddf17a723,35c8600f-354e-723e-5fd2-f4485c64e01c,59621000,Essential hypertension (disorder)
1987-02-11,,b18e669a-28b8-2d19-7569-4934a15fd45a,1343b0ff-68fd-05cc-2845-a3f8daab1e09,59621000,Essential hypertension (disorder)
2015-04-29,,1f792feb-b519-0ec4-21ba-fc596b746d6f,44394532-edae-8eb0-970f-82cea1002f23,59621000,Essential hypertension (disorder)
2023-07-22,,6780e992-46d3-9891-6e47-6e8facee5be6,0a916c52-205e-22ea-4470-6af243962c19,59621000,Essential hypertension (disorder)
1992-07-28,,83633781-de10-8668-8c2d-b6bfeca47dcd,0bb04ed5-1c00-0083-0751-5efffde3ffef,59621000,Essential hypertension (disorder)
2011-05-07,,4474f080-a47d-97cd-68d6-485e7f987863,f32a8396-8853-2b09-11a1-01ac195f9cbb,59621000,Essential hypertension (disorder)
2017-07-21,,2bdd2511-d95a-f83a-d9a4-51f486123f4c,47ae731f-5ae1-74b4-ef94-b7b9f5bfdaa1,59621000,Essential hypertension (disorder)
2013-11-15,,89b9c8f8-91f4-f1b2-3361-fe76f172b6a8,f730324a-36f3-3b59-16b7-14dc3575774a,59621000,Essential hypertension (disorder)
2013-12-13,,e2c8f973-fc6f-5ca9-87b0-215c8158dcb9,4d2b91d1-b51a-9a5f-c358-017904f6a85f,59621000,Essential hypertension (disorder)
2024-01-27,,28b187c2-24d4-e573-fcc1-d6de03d4890d,bd2d31e9-5d8e-2552-d981-829eaf5a9cf5,59621000,Essential hypertension (disorder)
2010-02-27,,f1c97e88-915a-6e3d-8029-61cdcdc51048,7d1cee5f-0f43-b4d7-ab54-df781dc79c3b,59621000,Essential hypertension (disorder)
1992-08-11,,bb34546d-68da-f282-840a-750b2af01467,de8f9b7a-74a3-cd9f-5733-34ae57257525,59621000,Essential hypertension (disorder)
2016-02-27,,cfd1246d-3a80-4cbc-a78b-0eb1ea1a307c,fe3e57f8-b82c-5d88-1f4b-66fc5e47037e,59621000,Essential hypertension (disorder)
2023-12-25,,1e0bec64-9c6e-9d15-b753-9fcdde2b0cd3,bb0c256b-292b-37ca-2c0c-4c55756cd268,59621000,Essential hypertension (disorder)
2022-05-08,,9375d8f2-28ce-0843-39b8-a3c97871e0c6,e492aba2-19ab-922f-52be-7b56e1ae6256,59621000,Essential hypertension (disorder)
2014-02-03,,52a480ff-198b-f057-31e4-d4d8fbca422b,d0839332-f440-fa8a-880b-70c850a92ecf,59621000,Essential hypertension (disorder)
2003-11-19,,94704a9f-84b9-facc-ee5d-cae4cf0c0e34,45cce8da-3075-d54b-53eb-dae30687c825,59621000,Essential hypertension (disorder)
1976-03-28,,295bef78-5a32-46f4-9e15-ee0ecc572151,d8beb407-c4f8-67da-13b8-5c2fca1bb600,59621000,Essential hypertension (disorder)
2014-05-08,,8b142f4f-7dab-34e4-65f1-a2bac8e575ab,23514aef-e8a6-4d49-e381-0d8070c43be0,59621000,Essential hypertension (disorder)
1998-04-26,,9973043e-3c33-ed29-4cf7-9353b9870f8e,e4bfb2d8-5911-4c72-1bd5-02452505d69d,59621000,Essential hypertension (disorder)
1996-11-29,,e65e6f76-f1ab-388f-6775-7cf5d9e177e4,c360a01d-3908-3916-cb4d-020dc4dee409,59621000,Essential hypertension (disorder)
2012-09-05,,1e1c7632-41d5-7dce-0520-438d32ff31f7,f683fc51-0a6a-edc5-273e-2cf3d0a9f031,59621000,Essential hypertension (disorder)
2000-01-06,,46bb7c00-8276-1031-0139-cda40114aac3,d31e886c-462f-6b07-ae0d-cdc7b8e70208,59621000,Essential hypertension (disorder)
1994-01-05,,9160ae5d-cf3d-8be4-8721-712d28d6f5f7,90d95a67-0097-2412-6204-842373254de1,59621000,Essential hypertension (disorder)
2014-06-23,,8792822e-a540-24f9-419b-6c58c212dfcd,3977802a-cf83-0c41-03cb-76489f4e7143,59621000,Essential hypertension (disorder)
1981-05-12,,f2960579-3b2b-382b-203e-52e0c0f8bec0,4645e544-fe95-cdfd-e38b-7a5e04f265d8,59621000,Essential hypertension (disorder)
1997-09-19,,3f3c4a74-e2e0-9ec5-4b82-7ef104152da4,df61f56d-0868-e303-fbb4-9f77da4f624c,59621000,Essential hypertension (disorder)
1993-02-05,,08458a3b-bed2-d3cd-0b8d-3f802a9b3181,c8e5f0e9-4099-52ad-c98c-b2f402ce2d84,59621000,Essential hypertension (disorder)
2008-07-10,,88d51966-bdae-ea7a-e16d-160bd6d0de28,095b6832-4ee7-d9b9-ee0b-2540492326f9,59621000,Essential hypertension (disorder)
2000-10-01,,e7d8a88a-04e3-542c-5e6c-23f83d14a3fd,68a5a031-193c-1f84-f157-6039caa509bd,59621000,Essential hypertension (disorder)
2011-08-24,,5cf7ccd4-b758-c726-f019-24de1dc8d01d,1a298447-93f8-0fa9-6517-f011a16638e8,59621000,Essential hypertension (disorder)
2009-03-05,,851cb5c9-8d35-b835-2172-106afca00807,31a4c5c5-684e-d88c-1544-40a9636b0423,59621000,Essential hypertension (disorder)
2009-12-14,,7f353282-b1cf-5de1-2baa-e27149104a4f,e83b141a-4573-62ff-5cc0-80c1e2ca153b,59621000,Essential hypertension (disorder)
2006-12-12,,74326ef9-87c0-9ef6-3683-f10b954251c1,baeea8d9-dd52-65bf-7d1a-4b2ac973030d,59621000,Essential hypertension (disorder)
1975-10-18,,396b923e-112c-56c3-e28a-6891d57beace,c437e7ae-6e43-d85e-ac74-a22648f63bc3,59621000,Essential hypertension (disorder)
2013-05-08,,e8b48279-c7ad-5d2d-a889-4aac549b462f,732085e4-7fc9-0cc4-bb0f-7c103ef480d4,59621000,Essential hypertension (disorder)
1965-12-09,,c925e802-b146-f686-90b4-c80b42a58bb6,f2858b11-b695-ae2e-61a3-8176eb218955,59621000,Essential hypertension (disorder)
2019-12-02,,7b168b37-6ec4-2934-1c8a-c12871d7898d,bd6df4b3-a889-7826-ed38-1614424969bc,59621000,Essential hypertension (disorder)
2023-01-10,,1825ffcf-6b50-4531-d8a9-3a7f83009f2b,99663518-91ab-0fef-1a7a-0904e2d15004,59621000,Essential hypertension (disorder)
2013-10-11,,e3a2f481-3a13-387f-23f8-5e125e9fe2d0,c1b96991-3d09-01ea-d213-cdff43e05acc,59621000,Essential hypertension (disorder)
2024-07-24,,0862f70a-5dd6-df40-bcce-f703064d3006,668c54db-7b87-435d-d530-b19109d994f9,59621000,Essential hypertension (disorder)
2001-05-29,,d62b0b50-1a3d-fd17-7196-97f5ff88f2fd,27cb6817-82ce-9950-8da1-0a981ff7d147,59621000,Essential hypertension (disorder)
2005-11-30,,f5cf2f97-5890-7e27-1376-e7e534ac2e1c,d2524a6e-80f9-4670-6ab0-ea32e02144f9,59621000,Essential hypertension (disorder)
1983-01-14,,3c3b5268-d6f4-69ef-e2df-60d4e75abc71,5283f660-cfc1-a99d-bd96-dc86e7eb0f19,59621000,Essential hypertension (disorder)
1979-06-18,,25dcdc9b-4b47-5cd8-4b8d-37e4a87cc33d,aad8d240-ec8a-66bd-9708-6e16582da754,59621000,Essential hypertension (disorder)
2010-03-20,,007d40bf-0d77-d254-3720-1de6cc96ac0a,2a97beca-1ec4-30ec-6f79-4c1ba85b8c74,59621000,Essential hypertension (disorder)
2012-11-11,,d223edf6-33b9-ffd7-a982-147361c44a43,a4169905-a4aa-ed8b-f0d0-faabd2412f1c,59621000,Essential hypertension (disorder)
2015-03-26,,eed51e72-67c5-aec8-dbd2-7aefc65ed666,9bb277db-5dc8-ee7d-71df-4073da588fcb,59621000,Essential hypertension (disorder)
1995-01-17,,e11e924e-b877-c20e-fa61-e8dbcbf6a7d1,d50f2700-45a5-6464-c23f-8c8e347a9aa6,59621000,Essential hypertension (disorder)
2005-06-18,,68086c8c-fe31-f6c9-b415-29c6a61e75db,0affd562-55e1-e27d-7152-193b410df60e,59621000,Essential hypertension (disorder)
1954-05-20,,3aca91f0-cfef-a440-8f3d-af5e9f9cda60,ea958b2b-c3bb-c8ac-9d5d-9339d4f3dd46,59621000,Essential hypertension (disorder)
1983-08-10,,91c167fe-2ba0-68c4-75f9-f9b3e5d79674,95e9eafb-926d-ce2e-6427-c6816c041c8e,59621000,Essential hypertension (disorder)
2006-09-25,,4622795e-e4b7-59b7-b033-dcc14bd5b72a,527bd3c4-242d-a3d8-d088-64b0acba5c88,59621000,Essential hypertension (disorder)
2017-02-18,,8d3b7f0d-feb9-e168-8b08-0abb9ba7a0b4,c2d0badd-9a9b-cedc-5e20-bf962e61fd31,59621000,Essential hypertension (disorder)
2007-08-30,,e84255be-6959-d318-f05a-57fa9f7222ce,cebde102-4bb8-917a-030d-12b964f20f76,59621000,Essential hypertension (disorder)
2014-12-25,,f568fca1-2659-cf64-2a82-841333060a31,a34704e9-d699-4e3b-463f-ed279b2b8e3e,59621000,Essential hypertension (disorder)
2006-11-29,,b91c26c8-0316-add9-a0a2-1f97686250f9,074625d1-72de-48ab-9895-1ef864047866,59621000,Essential hypertension (disorder)
2010-07-16,,b7b27b3c-4f06-b2a3-9a23-30b54c49223b,0c38195b-259d-8d5c-0a02-249f8f676f1a,59621000,Essential hypertension (disorder)
1994-04-25,,b13d2d41-d077-9eeb-5f79-da1430810843,33575e16-0849-7ee2-b5fd-a6ce57f1c26b,59621000,Essential hypertension (disorder)
2018-05-12,,af3b32a9-5e8e-a6fd-37db-b2cbb7908b40,b9d7983d-e0a1-0d79-28b0-89bd1f64636a,59621000,Essential hypertension (disorder)
1994-07-10,,44f391f7-0af2-a958-20ce-273f71046af0,b8f1b329-0d36-c41e-e98b-2a5bf6464322,59621000,Essential hypertension (disorder)
2009-07-14,,26280c21-b3b0-b322-2cc5-8a72bb88377b,6867a77c-b751-1927-e351-2aaa27b7a375,59621000,Essential hypertension (disorder)
2011-10-22,,5ec04c5c-7fce-10d3-3546-4daa28e00a56,2db9e90c-642c-336e-6f7a-c6be8fb2dd7e,59621000,Essential hypertension (disorder)
1995-04-07,,7ba1be36-85e6-95f8-bfb6-c8f9550e40cb,f2115285-f91f-b9e4-547b-ec0621cb3018,59621000,Essential hypertension (disorder)
2010-09-07,,ff8e465c-1b34-81c1-16a0-4980f0dc267a,2acc9324-29c3-7271-e276-33f04fb3037e,59621000,Essential hypertension (disorder)
2011-02-07,,b618397a-e578-3611-9caa-0e40778f7410,a964114c-060f-8ebe-8ff7-9b077fdff6c2,59621000,Essential hypertension (disorder)
2022-08-31,,fb2cda0e-8daf-4fc6-0223-6d99c164ce42,dc82c3e0-934b-07bb-d1af-bf34a97d0d78,59621000,Essential hypertension (disorder)
2014-05-01,,340604e6-ade1-bc83-329f-4df7e3646ebf,dcf4cb36-c446-fe4b-7984-f664358dc61a,59621000,Essential hypertension (disorder)
1970-10-22,,18f67ab2-6e3d-4286-375a-880800f10606,79f3f28b-eb83-a128-25d1-512a9b7df3af,59621000,Essential hypertension (disorder)
2005-09-18,,9d645076-2f16-d96a-e05c-eb0f3d5464fb,affc4d3e-3c9d-746d-5a2b-44b62fb2404f,59621000,Essential hypertension (disorder)
1983-12-22,,07ba43fc-4791-205a-c9fb-4c8fc7a178aa,f38ddc74-3ab4-5877-e3f6-e37f74b32563,59621000,Essential hypertension (disorder)
1989-05-31,,191ef122-eaac-3f7d-f27f-a19915d1de28,f1542236-fc37-dc7e-d605-5b213b7e89fd,59621000,Essential hypertension (disorder)
1977-07-30,,bbe44614-81e3-b284-ea4b-d1727dbfc0b8,5822f02e-1374-12c8-e64b-6b2bc1f3eb35,59621000,Essential hypertension (disorder)
2014-07-20,,a361ea72-7712-be03-1140-318bc69d6c02,02cdb5fb-30e7-e4d3-76d4-3e164a9876ba,59621000,Essential hypertension (disorder)
1972-09-27,,449561f1-fb26-63b4-011f-e9ec5e4bb9ab,272df048-f61a-6abb-e948-f753a0427da1,59621000,Essential hypertension (disorder)
1986-12-10,,f774f886-3943-3073-23a7-a399ced62165,1c7ace4e-d89e-7390-f492-3e2d5046ae41,59621000,Essential hypertension (disorder)
1992-04-08,,b6cb1773-6add-36ad-31fc-a0c075470dc0,3005e97e-8d14-49b1-391e-77bbb98ce74f,59621000,Essential hypertension (disorder)
1978-02-19,,41c51fbf-af7d-73e1-ba2f-dc59b069cd9c,b51c854d-d702-bbdb-bd06-c09aa0f06cbb,59621000,Essential hypertension (disorder)
1984-07-01,,0aaf765b-885c-4411-6981-c4c6129e500f,3041391d-9d29-ab44-dfaa-453da90041b7,59621000,Essential hypertension (disorder)
2007-12-15,,a67de6ec-39d2-698b-9a4f-e0d04162457e,8333d7ae-d681-6f65-140d-6c281b6edf0c,59621000,Essential hypertension (disorder)
1998-03-07,,18811a80-1377-7058-923d-e1de629209e8,bbffd45c-02b8-1fd2-2ec7-090aaa0302a9,59621000,Essential hypertension (disorder)
2005-04-29,,b577f71f-98ec-288b-238b-2b42f0604027,c690b64f-9956-f9a8-61fc-dc09321b24ce,59621000,Essential hypertension (disorder)
2021-09-07,,ba99c021-0168-2091-0ef4-f4a3f235a1b3,93375a71-23ca-af27-f1c0-47c6a8f02062,59621000,Essential hypertension (disorder)
1992-03-01,,02a51291-a781-96f8-cd71-e2062ceedaca,4d9e5ce7-bb70-656c-44b6-adeea29151c5,59621000,Essential hypertension (disorder)
2003-09-02,,e7155396-b0a4-fff7-fdd9-c37e933c8b78,3211afda-5d34-446b-e644-cb476b9904c3,59621000,Essential hypertension (disorder)
1987-03-12,,8697a9e3-4c59-eb5e-48c3-165932ca1c8d,6ed49a20-0001-3dca-c699-b8160e65a59c,59621000,Essential hypertension (disorder)
1971-03-18,,76cd9d59-b881-350d-364d-ab7e9b60a279,3b356483-734d-68a5-d920-b8ccf1832e83,59621000,Essential hypertension (disorder)
1971-04-30,,ecc2168e-bd75-5e6e-ec64-2b4224c8bb28,f0f6a376-83db-7ea9-d818-a28f256cfa82,59621000,Essential hypertension (disorder)
1988-07-16,,46271264-4991-4171-c36d-f19b5f002bca,97fd09e1-e084-0ffb-39ef-05481bbcf116,59621000,Essential hypertension (disorder)
1997-11-29,,2408e08d-1672-6b90-c988-cbdf81d41929,381060f4-e5b8-21e9-b114-adeb1bb9e559,59621000,Essential hypertension (disorder)
1985-09-06,,2c4c9bc1-297c-2295-ae31-f8279b52784b,285ccb72-f0c0-475c-84fa-f0991e2373cb,59621000,Essential hypertension (disorder)
2008-03-10,,a4280bfe-46fc-7f16-239d-82cd350e3a8b,a6512491-bb0a-1a52-9f0f-102f77fb08d3,59621000,Essential hypertension (disorder)
2004-10-11,,9267bdb8-674d-8a9c-c3ba-6233cea5fcad,982493ec-17a0-68a0-808e-6c594176f8fd,59621000,Essential hypertension (disorder)
2002-01-19,,fba58032-a63c-55b0-3332-80abd7b86c51,3b0c663f-7f48-2e97-e8ad-00d7b32d8134,59621000,Essential hypertension (disorder)
2014-09-22,,e6687aed-ae91-2ea3-eab7-6a8002edac95,ec8f5f11-5d74-5073-a5e8-a684d1a5018c,59621000,Essential hypertension (disorder)
1986-08-29,,7296a7d2-b75f-efee-7770-9faec32ef776,0ef8a1bd-231f-74fb-6e12-96f0899db4d9,59621000,Essential hypertension (disorder)
2011-11-02,,8d6098a8-8106-2d7d-c28c-f7c000f705fd,d839b677-e9da-a5d1-a797-4ccb06e6bbc7,59621000,Essential hypertension (disorder)
1996-12-07,,fe1c6b93-fb31-9c5f-36ec-b76f021b7ac9,cdae11f0-7984-8916-8465-8e1e0e636916,59621000,Essential hypertension (disorder)
2019-09-28,,71949d6f-f5d3-0e39-1acc-3bafed326a92,a9f0e1cd-59dd-9c67-7df5-296c5c8d9772,59621000,Essential hypertension (disorder)
1986-12-19,,313b6c06-c532-4973-9604-9d4c9735e433,8443feff-5f51-757c-a107-511a04625999,59621000,Essential hypertension (disorder)
1993-01-08,,538351be-141f-a22e-b193-831e427ee4c2,4bd53bbe-326d-6d27-b18a-42d1e7a538a5,59621000,Essential hypertension (disorder)
1994-09-06,,69b1dac6-0c59-9ab8-4000-6b9f8913482b,7237374f-70da-cd58-f903-0bb4b2978fd6,59621000,Essential hypertension (disorder)
2019-08-10,,e46b27cd-11ed-eba4-749a-ed44dcd45120,c758fd14-a2bc-823a-07e2-c7b26076c6d0,59621000,Essential hypertension (disorder)
2005-04-29,,f24206df-28fb-19e4-334c-1ab0263f7598,b4b49965-4b74-714a-e683-e385f6ee088b,59621000,Essential hypertension (disorder)
2000-06-15,,0d4e6db6-8f51-cf16-668d-8ec131ba6c1a,5da54205-1b70-87b2-2cef-4811cb9cc67f,59621000,Essential hypertension (disorder)
1990-08-03,,f5a7f699-2250-5559-8b1b-4f2f5042610c,2b16bdb1-4a9f-4de5-ea2a-0ed646eb2de7,59621000,Essential hypertension (disorder)
2021-10-26,,1bb531c3-66db-3fba-e198-9b624366b4f1,bc474cbc-0bdd-e6ec-78d5-a6208c04578a,59621000,Essential hypertension (disorder)
2001-01-19,,22f443bd-131a-fb3e-b72f-cea9f1c28def,ea4c5c44-7015-df7e-f6e2-f3ddcce8e7a0,59621000,Essential hypertension (disorder)
1995-01-31,,15723343-8bb5-1e61-f1b7-3de5860dee6d,1ed1e8e5-8ca4-1d26-5626-80a3dd7f362f,59621000,Essential hypertension (disorder)
1978-06-18,,6fdc026e-4e1e-579e-900d-b3fecf707b20,a7d647f0-d2f1-877a-5b62-e736c84fbcf8,59621000,Essential hypertension (disorder)
2013-12-19,,d8df1f54-7f8b-00f3-a878-16413ef99fe7,1f3a4cff-b65e-4b33-1525-a762ccd39fa1,59621000,Essential hypertension (disorder)
1992-07-13,,2d0c2958-048e-4762-4bbe-ef1f177dbdfa,2697bb69-fd1f-067e-a82a-369a960296f3,59621000,Essential hypertension (disorder)
1995-12-16,,31b843fd-de6f-371c-5524-a182b66356e8,d4126bb8-6af3-ee1f-7732-d66401faa7aa,59621000,Essential hypertension (disorder)
1997-06-12,,c13efbb5-a83b-a49d-3a6f-5dd2809a3f17,3fee7ee2-60f2-ef45-605f-2cfd1cd7f200,59621000,Essential hypertension (disorder)
2015-12-22,,ef877152-4aaa-c3b9-fb33-77ee7b7dedd6,a1242207-5eb0-7421-dffd-79e97479d5b6,59621000,Essential hypertension (disorder)
2001-04-02,,306a4ea4-0aee-5f7d-6358-4d19654aea71,5422ce9e-feed-427e-d6b2-44eb4aee3a56,59621000,Essential hypertension (disorder)
2018-02-10,,d8c0fa2e-98a5-b5bb-c0d7-42385c5c8a5f,232dc021-7e44-09b8-d0c0-114582ff7c4f,59621000,Essential hypertension (disorder)
1980-07-01,,d21b6dbd-abb9-dd07-d93d-be00aa1ba2e3,e23fa54b-ecfe-b5b9-cc05-809d74a5a39e,59621000,Essential hypertension (disorder)
1993-12-28,,3ff0f590-da80-2929-fc06-9dc06d5132f6,9d9adc46-d157-9503-6bcd-a697facc3ba3,59621000,Essential hypertension (disorder)
1994-10-10,,e33de72f-a7db-155b-0b68-c0757ae58240,34070522-c45f-967c-a289-319d9cb91761,59621000,Essential hypertension (disorder)
1997-04-07,,1d90a3e5-95ab-b48d-057d-7ff826217707,ce2a521c-7d46-2526-0191-cd76b58a5274,59621000,Essential hypertension (disorder)
2001-04-20,,122d963a-75be-bcf6-4be2-11ddb62953ce,715b399d-b3da-650f-7cad-3737fb3da682,59621000,Essential hypertension (disorder)
1993-06-19,,1b9f9095-167a-c91e-7948-47002156c747,4c313600-845f-977e-cb25-17343578ead5,59621000,Essential hypertension (disorder)
1984-03-10,,e687a938-2ede-3651-5e8f-b48bcfbea2d5,4f354fe9-1ba6-ca2c-a755-3c51284a1ba1,59621000,Essential hypertension (disorder)
2011-05-04,,f9860bf1-f1c3-ad2f-5952-187b9c354d7f,1f61bdbc-475f-d0b8-448b-d8b24b8f0465,59621000,Essential hypertension (disorder)
1973-03-22,,53c5967f-7baf-3cd8-b5ea-a363c5412bae,b384b804-f741-00a1-e66d-91add21952c8,59621000,Essential hypertension (disorder)
2012-03-17,,03c0a638-e14b-2dd9-2113-de6c3d0190e1,f43d24bc-3588-8880-c1e4-afbede0848b7,59621000,Essential hypertension (disorder)
2001-08-31,,8f509c0f-c10e-f6f2-1902-a304098bfeba,55e69cee-1073-499a-0278-e942f615df56,59621000,Essential hypertension (disorder)
2014-03-20,,18a41bfe-24d7-3821-438f-9ebb15cedf4d,507ec244-f8e1-33a5-24eb-f20c143c4305,59621000,Essential hypertension (disorder)
1984-04-13,,ffc66f33-e936-8d9f-5771-04d381b34caf,a18610cc-1947-9a4c-0768-91151678a510,59621000,Essential hypertension (disorder)
2000-06-07,,ab9bed6e-2db7-3d9e-e333-74a513186615,25c2dcce-3ddb-54dd-fd34-e4a78a44bfa8,59621000,Essential hypertension (disorder)
1980-01-14,,9b1e74b4-400d-8df8-9461-29280344ef21,6a6d9517-1ea2-1f0e-01d7-d23df038c66c,59621000,Essential hypertension (disorder)
2001-11-27,,c1c4abc6-4f26-7059-967a-8600aecd0fb7,6247de39-2a5a-181a-0ed7-5e6afba5e559,59621000,Essential hypertension (disorder)
1991-05-22,,86050010-412b-db62-547b-68f8a644808f,a06fcc72-3850-52ad-0050-0dc2cca12167,59621000,Essential hypertension (disorder)
1986-10-29,,e2d96fac-4b97-240c-84ca-2a5d557e7835,d39e4a9c-0d95-00bc-dea6-457ad07fefb6,59621000,Essential hypertension (disorder)
2016-11-07,,fd9a3651-74f2-3673-83ab-5aa25e7581c5,109fcf27-7852-c2aa-d855-b2a2d6ec4e66,59621000,Essential hypertension (disorder)
1981-08-08,,62a41767-2276-41b2-daa7-3bd588207207,c0eee72c-9069-ae32-9904-e283c3535909,59621000,Essential hypertension (disorder)
2017-02-24,,01fcec9e-21ad-c71e-b152-c36b8813e781,2b358e39-5724-b322-0235-95c188048a38,59621000,Essential hypertension (disorder)
2009-01-02,,e34c36e3-ad35-1d59-06ed-78be52c78f79,1db53046-fb8d-167f-e432-437a1c87a3eb,59621000,Essential hypertension (disorder)
1995-12-04,,9683275e-c5a5-3c36-2896-5571cc6aa38d,98f4ed91-e442-45f8-259c-0837a7775b40,59621000,Essential hypertension (disorder)
