START,STOP,PATIENT,ENCOUNTER,CODE,DESCRIPTION
2004-07-29,,4101f661-68a5-c5d7-f077-7268e6ec5a92,00015bca-8d90-8129-5269-3fcc49f0974c,59621000,Essential hypertension (disorder)
2002-05-20,,5325189f-a216-dc37-ab1b-e9cc431bc348,d152ff56-1bb5-29ea-44b4-5a5149a77927,59621000,Essential hypertension (disorder)
1996-09-03,,9d2786aa-78c0-a8a6-50fc-8f87994ba212,9c16bba8-e315-5812-8028-5bb664983ddd,59621000,Essential hypertension (disorder)
1990-12-03,,3d427152-2f48-4249-f1f1-d08783669f37,617909ba-f1b4-7db3-044f-1fbe099be587,59621000,Essential hypertension (disorder)
1981-07-23,,e05f3001-26ba-5902-3a5d-0283e888cd87,1c8d00e5-baad-8d74-d99d-f3094440dc63,59621000,Essential hypertension (disorder)
1983-09-08,,e71a34f4-d513-c506-1280-5dd6716914f7,b9c2f745-f9be-f424-db21-a1c98569b583,59621000,Essential hypertension (disorder)
1938-12-23,,05038ed8-71ec-72f3-a96e-d46c0fdfe9a4,2c7f0b39-fd36-8363-0aca-df8c4d1ee393,59621000,Essential hypertension (disorder)
2008-08-04,,adcecf3a-7fb9-8e92-11f8-5bf942d82444,f69076da-3d2a-5c2a-ddff-8c264dfe8340,59621000,Essential hypertension (disorder)
1993-08-24,,e7c7c30a-26f0-35cf-c29f-0183dedf35fa,c6aa8413-cab9-f753-e31f-9b6d1e4fede1,59621000,Essential hypertension (disorder)
2001-11-29,,bbb53e5c-9d8e-6357-7fe9-ca1e73aaa06d,3b85ff89-c952-9f0d-6919-35562cefe294,59621000,Essential hypertension (disorder)
2017-10-27,,18bdfca8-139f-6207-0637-0d652c5cab62,46fce82b-a936-3c22-002a-be6aa90ab9ab,59621000,Essential hypertension (disorder)
1993-09-07,,40bf9300-c63d-4a6c-2d47-c08d1940d2d3,1a69f07a-f4bd-c44c-2de5-7b0c325ada21,59621000,Essential hypertension (disorder)
1993-06-27,,5479196e-f11c-b20f-3168-c59b9d843343,1c8f7739-3376-26e2-d7c9-3a22eae4e155,59621000,Essential hypertension (disorder)
2010-03-27,,7a910b4c-ff92-8b80-3bdf-636c361437df,e47fb1ea-eaef-8723-8f23-952cea80374e,59621000,Essential hypertension (disorder)
2024-07-05,,e887e171-ec12-2c3c-3dcd-09cde8942acd,8231e86a-cb88-6a00-6272-f25d8da984d5,59621000,Essential hypertension (disorder)
2004-01-05,,b8867f29-55e0-bb86-1d08-d49b0c2cc349,c31d75fe-f8d7-8474-c10f-e68eff632119,59621000,Essential hypertension (disorder)
2002-04-27,,5ce827fd-a195-09de-ab80-cae5f9f9a964,77dada2d-67a2-cb14-2519-203c6ff483f5,59621000,Essential hypertension (disorder)
2023-06-04,,3d102da1-4425-7de8-20af-7f32adaaa741,8a4afff5-abfb-b717-c006-5b050eebb7cb,59621000,Essential hypertension (disorder)
2000-03-18,,1d38ee6b-7f2a-dcab-872f-4ef677ee0309,6b86e738-d540-9ff8-7db3-00c9fe5cf331,59621000,Essential hypertension (disorder)
1972-07-09,,f85d84d6-23c6-60ea-1db6-3b9cad9ca6d0,3f931627-d1e5-2ae9-e79b-1759a131a952,59621000,Essential hypertension (disorder)
1982-06-13,,4e66a690-c4b1-3344-1595-d96cafa74438,2a2a6578-ceca-2a19-06a9-5f8372ae3852,59621000,Essential hypertension (disorder)
2010-11-04,,2cc809ff-ed4e-c361-a7f5-94bfde55394f,f7fae9ac-90e5-01e5-6435-8e1966e717de,59621000,Essential hypertension (disorder)
1987-10-01,,33eb83f5-2587-b70e-420e-8de37efa34f9,23e6ecc6-ef5f-20e2-9c08-27c15ee097d5,59621000,Essential hypertension (disorder)
2007-06-30,,1dd9f680-7a7c-ceb5-4bdc-be56eaa719a8,faf83cac-9be1-46cc-d688-06504f48e329,59621000,Essential hypertension (disorder)
2020-07-17,,3d905e54-3300-20dd-d54e-e1ffa88235ab,dcf16fda-0e96-e160-17f4-3504e4b65045,59621000,Essential hypertension (disorder)
2001-05-15,,89c06521-8b3e-03dc-9dbd-e62927eb4f37,df3c45e1-978c-0072-2e1d-c02a18ebf5fe,59621000,Essential hypertension (disorder)
1977-06-05,,3c5b2e3b-2960-4179-0936-13f178637242,8e3e7dae-3280-4746-f90b-7cf68b24fc06,59621000,Essential hypertension (disorder)
2011-03-23,,40fed2f9-afa9-8d19-688e-ea301638a297,ebc5bfaf-6063-eb2f-2748-4a05af18350b,59621000,Essential hypertension (disorder)
1976-06-09,,6bcb0f4d-1aa4-b117-1913-5daeab8c9108,0b7bb426-9894-553a-dc02-a1087b86a3d7,59621000,Essential hypertension (disorder)
2008-03-04,,4a340ff7-261b-e4ab-5a48-6c37f611baa2,5151f883-db6c-fec6-67cc-e8aad876daaf,59621000,Essential hypertension (disorder)
2011-01-17,,05721912-e945-a372-3835-665cb275d0c4,eb61a5d8-ea9b-99fb-0428-c9bb83792dfb,59621000,Essential hypertension (disorder)
2004-04-06,,fa7c6c3f-f14e-f152-d0c0-e70d18df1ebe,36bd0a85-9872-b310-75ba-4a7fc1719c84,59621000,Essential hypertension (disorder)
1971-01-29,,7d25427b-c32a-1f4f-444e-d9bb3928b7d2,87e8d3f7-bf08-0f21-2bb6-e68a0e1ec589,59621000,Essential hypertension (disorder)
1993-08-02,,bdc90130-e720-9524-10c2-27dd9c5774f5,298833a1-4e24-210a-6139-284f7a1667ab,59621000,Essential hypertension (disorder)
2022-08-01,,b3ae88a3-818e-9a5e-2a73-7cf52bbe5877,b6d73da2-478c-7fa9-7742-12cf81a7b255,59621000,Essential hypertension (disorder)
2012-12-18,,015e138f-910e-5a13-b559-e7758bf0ddca,8e40ac03-0e06-5342-99e1-3166e4cab2f9,59621000,Essential hypertension (disorder)
2007-11-07,,929ce49e-7221-a750-a911-679d20731a10,1522d76d-82e2-8957-1bb0-a9ee94e519f7,59621000,Essential hypertension (disorder)
2021-07-31,,e5f6a7ce-c92e-ffe5-23a3-f081dd6caae7,eec87d25-5c29-1ef9-0fbc-c07211f42bd9,59621000,Essential hypertension (disorder)
2008-07-08,,a0c3d6ae-9f6e-5031-f8d5-b435f9bda7c3,58a0deb5-e1fa-4566-9e0c-d9e358e62f4b,59621000,Essential hypertension (disorder)
2018-01-09,,01e999c5-c7d1-3498-f45a-bebf9a4f31ff,8219a2dc-d490-59cd-6b36-fc9c31e0154e,59621000,Essential hypertension (disorder)
2009-05-10,,31dac80f-f491-6203-3771-00015f060fd0,1fe59e4d-4b0c-f7f3-dd6b-a5cf74b38201,59621000,Essential hypertension (disorder)
2019-09-03,,093f4730-62e5-f8fb-2496-1a86dc36bb27,bce60602-dc4a-cf22-a34e-b9e3e480eb3e,59621000,Essential hypertension (disorder)
2015-02-08,,b35bf975-2439-ccd7-3c3e-f19f573857b2,8d1bb4b9-f943-21c3-8a20-6ae130d2f1cb,59621000,Essential hypertension (disorder)
1993-12-23,,b0f7a05a-b519-2bff-df69-fb5258b7f0d2,9a4d0645-b2ed-d0c8-8be9-22f735599609,59621000,Essential hypertension (disorder)
2021-07-20,,7a3009ab-cd05-c5fc-2fed-a6cf974ce974,bf452764-a4a1-3992-66e4-a4c6396796a6,59621000,Essential hypertension (disorder)
2024-11-03,,d1dca2b3-532f-3fd7-3c8f-a2e867cb1d94,b9e1b9f7-a90d-7124-e93b-e625ac5d1d21,59621000,Essential hypertension (disorder)
1973-05-26,,3eb96751-f876-fa2e-c945-3cec1c64ccf1,85804f98-c852-c7d6-d316-19459a821bc1,59621000,Essential hypertension (disorder)
2006-11-27,,ae8c1568-c55c-35d1-8eed-9ed72adf82f0,37223bbc-8172-cc80-805a-c9b987b252c1,59621000,Essential hypertension (disorder)
2001-03-22,,72b34ab6-be96-137b-d249-e8f48ef3d369,01cc3995-7b9c-2a5a-19a8-8b4ce8947c25,59621000,Essential hypertension (disorder)
1986-09-17,,40f6199f-34bc-b448-1c2f-7c0649bce5d6,1707aef1-f9b9-ba38-02f1-ac2fc00c19d5,59621000,Essential hypertension (disorder)
1997-01-18,,ef3f4624-7417-9b08-83ea-2ae29c497350,f101cdfe-42b6-9999-c07b-5b8cbd630607,59621000,Essential hypertension (disorder)
2008-10-15,,25bef39b-c8e8-f017-2f12-34ce21e356ad,2eea4a9d-4133-8b38-4928-a92b9abfaed2,59621000,Essential hypertension (disorder)
1984-05-06,,be816a4f-9d26-5e10-bc53-7d2a1520ce9e,3f2ff9b3-9130-ddfe-3491-f76d8048fbb5,59621000,Essential hypertension (disorder)
1978-02-14,,14f77aa9-bfc1-9d58-7062-7079d74e1850,c486dfc8-d3c1-f31d-376a-50d159ad20eb,59621000,Essential hypertension (disorder)
1985-04-17,,442bcdfd-5939-028a-6d03-84efbe9a694a,24cc3fc5-0380-b5e0-d451-c41d0e05b6a3,59621000,Essential hypertension (disorder)
2020-06-26,,1a1961fb-f4b1-9aae-811a-4d31974f2b42,acc1c756-599f-e763-1648-c2f3f086238e,59621000,Essential hypertension (disorder)
2013-09-12,,a00704d2-7765-c01e-d8c6-64e2e163a696,08054356-d053-0291-3100-6c449f147bf1,59621000,Essential hypertension (disorder)
1990-07-07,,8971e60e-295c-1483-b540-a4331e33bc0c,81f00e66-28aa-5c85-c46e-8f1f35e78154,59621000,Essential hypertension (disorder)
2012-08-15,,488eba15-396a-8cfe-3a41-79a3e1496b91,b01a21a3-e417-3b1b-64f8-b3ccd087b3d1,59621000,Essential hypertension (disorder)
2004-06-15,,4c17d814-b752-67fe-6d9c-e9b7d11e6caf,b3c781d0-72b8-d96d-a0ea-f8901e6ee60c,59621000,Essential hypertension (disorder)
2006-05-12,,5481eb17-bec8-5da8-46ac-2cd3ab4e2768,fc86d63d-fea5-11aa-d60b-feb6ac276abe,59621000,Essential hypertension (disorder)
2018-10-18,,04ed394e-9339-6b95-ca1d-fe9e0418e436,f78f260b-60e7-5a3f-d8e4-dbd1db9e208a,59621000,Essential hypertension (disorder)
2018-06-25,,6490eb09-5c71-87ee-7bed-ecc6fd58a88b,ce868bc9-6e4f-1640-bd18-82c91b1c4bc5,59621000,Essential hypertension (disorder)
1993-04-07,,5845e601-613e-9be3-e0b9-87ac9bf77301,b5c90a7a-946f-6a53-5714-4c494d5dab8b,59621000,Essential hypertension (disorder)
2013-07-20,,3881aff1-232d-fee5-b36c-d56e48fada14,1896f2bc-5dea-cdb9-5d7d-aef38fec5827,59621000,Essential hypertension (disorder)
2008-03-07,,46275334-04d2-c89b-da27-50aa8c6780f4,1cb4777c-cede-170a-712c-95b4eb6932a8,59621000,Essential hypertension (disorder)
1980-05-11,,f5ef85bd-2e03-009a-bac4-a2233b37b9e9,1a1532f5-6146-2ed8-f7ff-d2ae89a770f7,59621000,Essential hypertension (disorder)
1950-07-22,,5c6792bb-66b7-fbbc-5575-3396382448bd,9930b104-740e-27b4-f2b4-a01a3d9bfcf0,59621000,Essential hypertension (disorder)
1969-05-13,,f723e8b6-57ea-b179-2cd5-24659d372332,d29da090-1c82-44a9-3358-0211af76cd65,59621000,Essential hypertension (disorder)
2004-03-03,,4ce6eea2-b1ab-02a4-76dc-3d39c92334bc,25c41a2f-009e-20ef-32bd-d4ddd8432683,59621000,Essential hypertension (disorder)
1985-02-08,,e331eacd-6e96-1561-8074-872d7f608a77,a43073ad-9858-7d40-2744-7163c00bdf7a,59621000,Essential hypertension (disorder)
1983-11-10,,7f7f6a5d-367d-85ae-ec39-a1fef8919860,270a93b2-ffc3-cd27-5a68-1ffb3ec391df,59621000,Essential hypertension (disorder)
1985-02-19,,1c68cc25-c461-1fbc-1f62-1e2ee479c3e4,57e2c74f-5f27-258e-5e9d-14d42b7bf8f4,59621000,Essential hypertension (disorder)
2023-03-27,,b38faf62-19c4-586d-5d68-8ba5196f73e3,48786c09-2882-3fce-8af0-10be90ee8e14,59621000,Essential hypertension (disorder)
1996-02-06,,fc30fb2d-03b1-8b09-f398-074bcb3d06ea,2a5920f0-e4ec-1377-51ed-1b6e70b6e191,59621000,Essential hypertension (disorder)
1963-09-19,,b5508f65-b8c0-d302-54a2-bf961081d54c,14c5d478-aca6-eb1c-b165-25dca022f4ad,59621000,Essential hypertension (disorder)
2016-06-04,,c17122f4-25dd-26f8-5647-a1731a749cdf,21e53865-46a0-9d2b-2ee8-01bc1e581d61,59621000,Essential hypertension (disorder)
2018-09-30,,1586ccb1-7f66-4e3f-309b-f4125b3068ce,2c534391-7b52-ec7c-67d1-9350749a2533,59621000,Essential hypertension (disorder)
1996-09-22,,86349d24-7b88-8868-72da-76a3565ff212,e0d4172b-1001-eba2-eba0-b76f720e9f5c,59621000,Essential hypertension (disorder)
1985-05-04,,48fe076b-9906-2204-0040-4a2cd27db476,f52e6fef-0fb2-23c7-90ee-ed4eb476445f,59621000,Essential hypertension (disorder)
1989-09-11,,db529dec-8db4-cfb3-fad6-7748576bd3fa,1347c2b9-59f3-28b4-32d9-159a0446f9ed,59621000,Essential hypertension (disorder)
1989-04-14,,351ade76-760c-ae22-f025-b967ba5ab806,83f92f49-0b84-70ef-cba7-f4c348dd40c6,59621000,Essential hypertension (disorder)
2014-01-13,,e6ad74ff-c49a-7f19-f16f-7954e92b2b0d,25233aaa-66e6-36fd-f5f1-fb58aad31518,59621000,Essential hypertension (disorder)
1983-05-21,,f9752a69-f5ce-2475-3d37-710317fd8326,54476048-3413-2aad-debe-961962db6595,59621000,Essential hypertension (disorder)
2000-02-22,,2973954c-e408-1eab-2e11-b4a25002c640,e9f73f1f-7685-a607-588f-7fc554b11621,59621000,Essential hypertension (disorder)
1964-07-04,,0a0f0d41-d243-83ae-1ff7-952357426702,2a134bc5-6891-7ad8-77a1-47a8536c802c,59621000,Essential hypertension (disorder)
2022-10-14,,44cc304c-069f-6661-a214-3d5ba08bb652,fe499d7e-e811-7473-a525-7972bbc56d12,59621000,Essential hypertension (disorder)
1980-11-22,,b8129bf5-7b34-5fdb-3c1d-d061ef1dac4e,a2680c17-cb18-daad-57fe-2580b837674c,59621000,Essential hypertension (disorder)
2002-04-25,,6b9bd5d2-b6d0-a010-f8b6-f7e65240e01b,3d97acd4-8c56-628b-2d76-9c8fa9af089f,59621000,Essential hypertension (disorder)
2021-09-29,,1a216477-82f1-b86e-b400-e7162960eeb2,d5cfd3ce-c0b2-bbda-4c7b-fbd8da486403,59621000,Essential hypertension (disorder)
1997-03-08,,a0d46f42-76b4-8499-625e-cb737fc4ba0a,200a024a-a1ac-4885-b105-53f05a7d6fe9,59621000,Essential hypertension (disorder)
1963-06-05,,fcc29283-6a13-b857-28a0-d7f004944e71,c740b43d-c0bd-dbb9-e5b9-edc5d24d9c95,59621000,Essential hypertension (disorder)
1998-08-15,,0972ac7d-02ca-bb45-9c0a-fc2be0d290df,85df32ed-853a-a772-dd29-afbd87da703e,59621000,Essential hypertension (disorder)
1990-01-14,,5a65e7b0-24df-fd70-524d-05fbe34e8361,4751ae18-e20b-ef79-f9e2-270c20370122,59621000,Essential hypertension (disorder)
1994-03-20,,5b2d5e37-0deb-1113-3077-bf6aa2020da8,40de79af-fa29-bad1-8da1-90ce5d2d06f8,59621000,Essential hypertension (disorder)
1991-04-10,,ae4ae21b-1d1d-1736-5da9-d50a35b14b39,992a224a-a524-fd4f-7e1a-43d2a82976ad,59621000,Essential hypertension (disorder)
2002-09-12,,2e946f06-5077-4127-4563-257d91f16f91,2ef5450c-259e-90b9-be44-cabf7bed230a,59621000,Essential hypertension (disorder)
1981-01-07,,9812f87a-9768-400e-ecde-3dbe2c77c5e4,01f1c0fc-0248-7236-3ad6-87bf076f5acc,59621000,Essential hypertension (disorder)
2012-10-22,,43dd5e5b-c0f1-205c-47fb-6bc2cab891b9,9141180c-cd82-5a1b-cde1-314ee0f228b4,59621000,Essential hypertension (disorder)
2023-02-14,,9a8c7540-6a51-da1b-8d81-624c6e87984a,e1289899-14ac-3ff0-95d3-a3ce08d8aa5d,59621000,Essential hypertension (disorder)
2024-03-15,,e468523c-04fb-846c-26ea-ef24222e86f3,fb48487b-1528-3fbd-94ef-b3bb2a0c70cf,59621000,Essential hypertension (disorder)
1949-09-22,,77ae4aea-dbb3-8374-2d6c-96b767731278,e4422d37-0a86-5f14-eac3-93e555e02067,59621000,Essential hypertension (disorder)
1987-10-27,,e5c0db48-c537-7242-bd9c-5b5efa863d10,cae44cea-3262-0c5d-c46e-5197854d1a2a,59621000,Essential hypertension (disorder)
2014-05-26,,8b668291-80eb-4766-4e7a-36902bb5ec39,282a1256-0a9c-9264-e1ec-34f0f3e711ad,59621000,Essential hypertension (disorder)
1998-05-01,,d062763c-2f0b-3235-2a11-84e5a6a36369,4f4dd1c6-8150-600a-53a4-a03b6a9fcc66,59621000,Essential hypertension (disorder)
2001-08-01,,8356e808-d999-b20f-1ec9-bf541d520bce,15db0dc4-bc00-d648-735b-98226b0b42f8,59621000,Essential hypertension (disorder)
1997-06-15,,ad6c51aa-9632-b20d-f649-6c30b50135ff,2e899189-a425-6102-4023-62e442637dae,59621000,Essential hypertension (disorder)
2004-03-08,,9a218d11-cec2-c951-6eed-813931973f04,29f04f5b-f346-8699-d82d-a541112dfa05,59621000,Essential hypertension (disorder)
2021-06-08,,dd866769-2fde-2132-c8e7-f1b9972af447,c8d694d2-f9df-f89d-c0f2-af41dd5d3b5b,59621000,Essential hypertension (disorder)
1987-10-31,,dbff0582-a6af-5c20-f503-57593d0ae82b,2f9e0e4f-87db-9e4a-418e-ecc503e91a74,59621000,Essential hypertension (disorder)
2006-09-07,,e471478b-6c07-1d93-0665-b5ca0bd14a35,c0ff5de0-87fb-f4c9-f467-db2653b2496c,59621000,Essential hypertension (disorder)
1990-06-27,,ae3b6874-6456-25a4-d712-46a17eb4bc5e,b4f9fcb2-da97-9647-d6f2-5e71325d0713,59621000,Essential hypertension (disorder)
2014-01-22,,9ac23883-e40c-1a6b-f0b6-aa0ace3d8a7f,a16d84cb-019b-e1bb-529d-2475778a7aa1,59621000,Essential hypertension (disorder)
1990-05-26,,996f7888-02ad-d755-327d-00b550b631d0,4d43aecb-56a1-c588-7e1c-1f1763ad2403,59621000,Essential hypertension (disorder)
1988-09-09,,1c6a0b3c-57fc-5eac-c551-541e0eb674f0,da78caa9-03d8-a7e5-47dd-9a11c3c76f43,59621000,Essential hypertension (disorder)
2004-01-23,,a93d20b5-6304-55e9-4ea4-035d2722a756,6581e492-4d22-7971-719d-0706d2924ea2,59621000,Essential hypertension (disorder)
2013-12-07,,b4029181-830e-69e1-23e3-639ba43fa37c,b2a7f2a2-25b8-dcbb-d0ca-251188b7b606,59621000,Essential hypertension (disorder)
2004-09-15,,03f7abe0-2254-541d-bf65-b32e29fbf711,7f7fe2a9-bd89-744f-568a-db76451a8b2e,59621000,Essential hypertension (disorder)
2023-12-24,,20b5f73a-a08c-92af-4a31-1abe33082369,6f5d7fe6-0dcf-2a23-e93a-e385959f11fd,59621000,Essential hypertension (disorder)
2018-03-25,,970b255f-efc3-fd8f-7f91-92b4aeba6dbc,737fc0f4-87fc-1492-d81c-81a61baaf91d,59621000,Essential hypertension (disorder)
2014-05-31,,d250215b-5c15-4aac-ba48-2c592b9cede5,5eaa0495-2183-a12b-eec7-9452d5027662,59621000,Essential hypertension (disorder)
1985-07-07,,56b285f1-124f-da73-7199-a19ef669e967,a94aecd2-716d-ba41-b163-817a2bd56994,59621000,Essential hypertension (disorder)
2003-05-16,,65cdfa62-3e40-356d-eca7-210652884cfa,1014b077-f590-4ee9-5c8f-0a4c91d2eecb,59621000,Essential hypertension (disorder)
2001-09-17,,8aef7e44-979a-bd86-2b59-a7be5a847067,4902bdc2-79d9-70b5-f389-6be9a3a127a4,59621000,Essential hypertension (disorder)
1976-10-26,,7cc6a935-9e17-d4ce-c651-a3a82fc746fa,5c806040-b41f-6f76-78cd-72a492074114,59621000,Essential hypertension (disorder)
2013-02-25,,4282bad2-bbe0-8a73-4362-09bbd32e952d,f180a0c2-56fe-67dc-ee85-ae00b9389bbf,59621000,Essential hypertension (disorder)
1976-01-17,,d7b3036a-95a8-d7a1-a4bb-d5d49b95624e,e0f3be87-a577-0f7c-832f-46fb20c15043,59621000,Essential hypertension (disorder)
2006-06-20,,e25fc963-ccc5-4c6e-7b63-9a0e7b102325,e23c8444-c30f-708e-1e98-067cecfb4d30,59621000,Essential hypertension (disorder)
2015-12-20,,f2a97aa0-479d-b2f6-4fee-269693978e98,d9087457-33ef-28a2-6a53-09bfef0865b6,59621000,Essential hypertension (disorder)
1983-09-24,,2c75c819-1b62-e74c-0167-562d7a149d9a,53bb29b9-2de5-0e0b-682e-460920aea908,59621000,Essential hypertension (disorder)
1984-08-15,,cc6145d6-e022-8a40-3caa-cdba82f65009,066b0163-bd42-8ce3-912a-f9ed4a8fb160,59621000,Essential hypertension (disorder)
2020-11-04,,e0520552-72bc-d2aa-5315-9b1f1aa230df,638e1ee2-131f-74b9-760a-d508eb3bb3b1,59621000,Essential hypertension (disorder)
2020-01-01,,b903490b-bf01-ca53-87f7-057304ac05d8,bb7fca5a-0313-7c3c-be51-00d8570fd7c2,59621000,Essential hypertension (disorder)
2008-06-12,,e674144c-c535-7dfc-7090-a678d114c919,f81f4c40-90e3-b383-ed42-2b7b08fb9344,59621000,Essential hypertension (disorder)
1980-08-29,,f30fda80-bd99-abb9-7023-9f8799fc627d,e38698a4-9a63-1f7a-f013-ba698366b980,59621000,Essential hypertension (disorder)
1977-02-12,,3241b164-40ba-a4df-a847-067873affa7a,7f3cb0e4-4065-c207-4129-a241a4b24f69,59621000,Essential hypertension (disorder)
2016-10-01,,20328ac3-7b65-a58b-81a5-b6a36a376d91,9bee20ad-4dba-4486-ac34-e4353c766a87,59621000,Essential hypertension (disorder)
2024-05-19,,a3a53943-845a-ea14-320d-b9719446521f,c6dc9b62-3b19-d451-7f29-ce782d1b9159,59621000,Essential hypertension (disorder)
1987-07-10,,e53f7445-24ab-da2f-f419-f1e3eecc1881,32613ad3-4158-55a6-127c-ce389e977cf6,59621000,Essential hypertension (disorder)
2024-11-19,,0db1e1d1-9bc3-8132-8017-15e77fd51ad5,e664a6bd-e595-9271-b287-c1c75f9b00a9,59621000,Essential hypertension (disorder)
2014-05-27,,2b4156f4-416e-eeec-61b4-21e012bcc571,80241ded-8505-9446-4bad-54c746348cf6,59621000,Essential hypertension (disorder)
1985-02-12,,3a114043-9c88-53e0-6d1b-53f8924558bc,f54a4cde-f0ce-6130-d6e2-63cb88df2d73,59621000,Essential hypertension (disorder)
1974-11-04,,1b942b30-0a2c-4d93-34df-7332eda5e389,7dc60443-4913-0fb4-376f-f163e112d2da,59621000,Essential hypertension (disorder)
2021-12-29,,e8c92548-23e3-9c6a-47aa-028b42e26f5e,9e577a95-9eb7-e344-7696-702a8e5bd789,59621000,Essential hypertension (disorder)
1983-03-01,,54207c57-901f-c3e7-1213-739a01ea2023,bb1d0a7e-8638-8065-2998-f161ffcaa869,59621000,Essential hypertension (disorder)
2017-09-16,,402eabb1-8c5d-d1f2-84e9-6db3cdd661b6,16c1be7a-25dc-c4d4-98ba-c45d0c814ab4,59621000,Essential hypertension (disorder)
1953-05-01,,89388f6d-969d-ef23-e0ec-c36f2ecd2cd1,67825c41-1015-560b-8569-6af10e860592,59621000,Essential hypertension (disorder)
2004-05-25,,a7d10351-1c41-3983-4534-8cc9c06c927d,0bd3e255-e6aa-71fe-b1d4-ef18e913cf77,59621000,Essential hypertension (disorder)
2020-04-29,,3b3196da-417e-d1ce-f798-e0c38093689f,68971413-7a20-38b9-23b7-8ec63444fd24,59621000,Essential hypertension (disorder)
1994-10-08,,a8a55ebc-521b-9977-cb1a-082613f79d9a,0e83b0ab-0724-539a-7452-020e6f68fd46,59621000,Essential hypertension (disorder)
2012-09-15,,798dd63f-d4bc-e938-15de-53e40e72d4af,a952a742-b5df-4ca4-07f0-548468ad815d,59621000,Essential hypertension (disorder)
2002-05-11,,a0e35a3f-bf70-f9e3-76bb-22ec13e8eb73,e1e4ef46-ac4a-2ff0-2ac8-fc610bca50a6,59621000,Essential hypertension (disorder)
2012-09-19,,70d17b1b-e725-f912-5a56-24ae949e7824,ba0664d4-14d0-4965-89dd-e2fffe0e959f,59621000,Essential hypertension (disorder)
1977-05-27,,d7809753-a2c7-bc19-5275-ff86e0671695,79b8f425-ab63-188c-c77b-7b27902f4849,59621000,Essential hypertension (disorder)
1986-09-04,,5ecd16dc-c924-df33-4986-b7987ad47f28,ec93ba22-9328-cdaf-71e8-ae89b34efad7,59621000,Essential hypertension (disorder)
1997-04-18,,49a694a5-3a66-bf28-9478-6708f491c661,df88f2bf-4e70-8c9f-5209-9ff6ba9d8c98,59621000,Essential hypertension (disorder)
2002-03-15,,61b30b62-400b-5cf3-7c16-1fd982e0c3e5,b234d89b-8302-c162-4b15-128fb9cb3d7e,59621000,Essential hypertension (disorder)
1988-01-05,,095ce3c2-4e05-4baa-be20-0bb3725f41d9,7a5efe68-0968-2759-02bb-a0ffebcef6fc,59621000,Essential hypertension (disorder)
1998-01-17,,06806351-4ba3-3b3a-3d56-620a701d79df,3cb2ffd2-a6f1-cbe4-fc49-2958d5817290,59621000,Essential hypertension (disorder)
1958-12-07,,1c889e8b-f305-ec7f-5ec5-15b484784c03,0e21e0d7-ed88-bf54-7132-a52e095b63c4,59621000,Essential hypertension (disorder)
1988-04-06,,64be68e7-76bc-5c22-42a6-8f1ff4e6c065,a000953e-358f-6e2b-cc4e-5ab94fc6e921,59621000,Essential hypertension (disorder)
2013-12-09,,c872a692-d087-08be-c6c2-27e4e0543f73,40c090d2-32dd-82bf-1e41-7556ae8c6e7d,59621000,Essential hypertension (disorder)
2019-06-18,,a11431c6-d018-c323-a438-8f88f7e45b13,e836aaf4-3f46-9f99-3898-7fb83549c71d,59621000,Essential hypertension (disorder)
2010-10-27,,cc792a8a-fc50-4b62-cc5d-6300b4425de0,c71de9c1-4b3b-a5ed-14ba-56f7f83a51cd,59621000,Essential hypertension (disorder)
2000-02-14,,a46dfea0-4bba-7624-d9d0-c39bc2f021d4,c1287420-73a0-003e-c452-8fd55ffedf9d,59621000,Essential hypertension (disorder)
1976-01-29,,bcb43e96-f095-9428-cd28-d8fe76b81149,625f60fb-1d86-cf98-e348-4a67bc2cb649,59621000,Essential hypertension (disorder)
1999-07-21,,ef4756c2-f0dd-2f80-f3bf-79990701f74c,91160272-64b9-213b-8866-10e682c16025,59621000,Essential hypertension (disorder)
1975-11-03,,b6848d78-4ee7-d44c-29cd-c89739049913,a2068726-b384-f771-304c-5ed7bcc2e7b4,59621000,Essential hypertension (disorder)
2014-07-27,,51301d89-d7e4-1a88-600a-0548631ae818,fca592a4-de7d-99bb-996a-da58a446877f,59621000,Essential hypertension (disorder)
2021-06-13,,f2dd8afc-98e6-7e50-0f4a-883169913a68,681db86e-8033-16f3-3a2c-28d504e74f10,59621000,Essential hypertension (disorder)
1981-05-31,,653fc3ae-3876-61ee-6cb9-05a5ee851633,fb7d7507-7659-a1e7-93c3-64d5f94e1444,59621000,Essential hypertension (disorder)
1970-06-07,,9de6d4c7-d068-1d0f-aa31-ae3d722c56a8,aef89826-907e-efb5-4e53-1431884b6994,59621000,Essential hypertension (disorder)
1959-04-02,,507bb04b-41ae-a6f8-6bc4-f8806345df07,23fb4d35-dafb-6b07-d656-996de7a3a0e9,59621000,Essential hypertension (disorder)
2017-10-18,,7437002c-05b7-f012-813a-09a6f949e2fb,61de0e52-0b61-ca99-a572-1933bb3743d3,59621000,Essential hypertension (disorder)
2008-08-01,,22c8ecf5-1e88-794c-3d12-1f9c0c82357d,d2d1cd4a-4ae4-b02c-c140-d243bb76d7fd,59621000,Essential hypertension (disorder)
2024-09-21,,09a8c4df-59d7-92de-0d3d-299f56d18de7,6f25ab08-cef6-c6b7-93d7-831aa7204e54,59621000,Essential hypertension (disorder)
1951-10-23,,e266dcf8-81b3-e407-987b-ce8719107cb8,98f26aef-e75b-067e-3fda-4e9978de58b0,59621000,Essential hypertension (disorder)
1978-01-13,,030131c2-9948-031e-3546-407b212c7689,8d1bbcee-5a73-8519-c5b5-4609906cac3f,59621000,Essential hypertension (disorder)
2020-09-30,,cf843a48-1d03-f94a-8e7f-a03ccb64a485,fc78bebb-a69d-a0ad-40a9-118ed39ea24c,59621000,Essential hypertension (disorder)
2000-04-15,,eed547bf-e608-0c38-0f4c-4cda699bc07e,c6fe3259-eb87-a9e2-e6d8-1c473711800a,59621000,Essential hypertension (disorder)
2003-12-05,,8f26c06a-4467-7794-73cc-daa717c2f219,b15e0301-6869-074b-e477-8608611e9936,59621000,Essential hypertension (disorder)
1997-04-11,,5b0d2bdb-5214-1b9d-8e7b-dc3694d995ae,baa183b6-fcf4-f21f-4568-691f302cca56,59621000,Essential hypertension (disorder)
2000-06-12,,f69dac8a-7bf4-40d3-38a5-21e7403d6a8d,f6682f37-cd46-dcfd-b42a-f5824a517c19,59621000,Essential hypertension (disorder)
1994-02-16,,ce1e9390-2f07-87d3-8a49-c0dc015f8fd7,080f472f-5fb3-ad7a-7de5-0fa188e5aa97,59621000,Essential hypertension (disorder)
2021-02-28,,34baa46f-9941-3f38-9253-473c795abe96,3a8b6056-4b5e-893f-4488-f3fdd3503efd,59621000,Essential hypertension (disorder)
2004-10-28,,a7fac741-1b84-476d-e61b-7cb31fd92cb2,773ab19c-eb41-1c48-8813-60049b601b84,59621000,Essential hypertension (disorder)
1978-05-24,,b33e1305-2e9e-395d-b6cd-ab8c6f876c6a,5454085a-578e-680d-a88f-bb94a0fa10ef,59621000,Essential hypertension (disorder)
2004-03-09,,4843ace6-99ab-d188-0561-6ea763592185,e774ae74-bd88-16b5-9db0-3e9702ad97a1,59621000,Essential hypertension (disorder)
2003-01-11,,11acc029-311e-fee4-8769-5ab76208865d,a8af8e91-393a-8e19-2d5f-ed510fbd4e7d,59621000,Essential hypertension (disorder)
2021-10-13,,9ad705ee-229e-da9b-d7c1-fb561be8e93a,0c4f8732-7126-dab1-31a6-148565dfecd1,59621000,Essential hypertension (disorder)
2002-03-03,,af518d48-ed7b-ab45-c9b8-c7677004b7bd,d66acac5-4b5f-0f29-8a0a-b52fed1efb39,59621000,Essential hypertension (disorder)
1982-12-19,,a297dc5c-9628-60bf-f17b-87e30d3ce49a,6a8d6776-d00d-b7df-c495-ec9ef45e78ee,59621000,Essential hypertension (disorder)
1991-10-30,,7f37bb9f-f3ac-bbeb-3147-9a50cbf591ee,8e3cca8a-e53a-6dec-e764-4ae6595e282c,59621000,Essential hypertension (disorder)
2019-08-15,,a6395e12-b8ff-e64c-7f5c-775c241b6fab,c7838b4d-3a49-12f0-913c-a1e1a508d545,59621000,Essential hypertension (disorder)
2006-09-13,,ec8f1521-af80-2e31-8245-dfdc3a750a96,4ea68ddc-bad2-162b-ea7e-b8f8c306dfd3,59621000,Essential hypertension (disorder)
2008-01-14,,7ea5b8f6-cad3-773e-5f6d-8dccf82e549e,2d432962-279a-0ace-e734-7e98fcebfa3d,59621000,Essential hypertension (disorder)
1987-04-08,,dcbe9e43-bde0-cda0-f60b-dc6a98f5985f,1335c873-82ee-3867-d95d-a0d4dd55130b,59621000,Essential hypertension (disorder)
1970-11-14,,1e4ad94f-39a5-d4dd-6bd8-d92255959d5b,e49a2c74-8ea8-e66a-c6bd-398ca4784270,59621000,Essential hypertension (disorder)
2024-05-07,,20b322b5-acc9-e43f-2cbe-ebd6adb67df2,c563ab55-11d0-bcb2-4409-ecdf296471c0,59621000,Essential hypertension (disorder)
2009-12-19,,b573632e-f93a-db08-547e-6549c59e524c,aee15ba8-7fab-1fa5-b55b-52fc263373fe,59621000,Essential hypertension (disorder)
1996-04-11,,3dbf1e3a-3129-fc22-220d-1385aa97fe49,a1de4286-4610-152c-7646-8f9391b50f2c,59621000,Essential hypertension (disorder)
2023-11-12,,75563f82-e45a-d3ae-6d28-ce78ee10e042,0d1d3bb7-b224-fd08-3a94-daae951dbd63,59621000,Essential hypertension (disorder)
2013-02-20,,4ba82760-da3a-309e-4c67-6f5d83e9a600,8fab5834-1e64-ad3a-48bd-482f74d4dffc,59621000,Essential hypertension (disorder)
2014-01-20,,4b39cf01-481b-b8fe-3d89-2779f4979632,5698aa09-4681-bc35-051b-d2091754d7fd,59621000,Essential hypertension (disorder)
1984-05-24,,da019b95-54a4-116b-080c-7e6b00c3553f,9f726091-9331-6ca7-ec34-8c70a63e1f54,59621000,Essential hypertension (disorder)
1996-11-09,,f426f66b-ef74-27cb-17a1-e682f98f29c1,fac5ff13-9df8-776d-5498-36b2da3281fe,59621000,Essential hypertension (disorder)
1982-03-09,,0434a15c-b7c0-a954-5ccb-553dff8c1246,cc22efc6-bb27-f33f-6429-b387cc23418d,59621000,Essential hypertension (disorder)
2023-01-30,,cba0f101-f262-89a3-6a6c-896da3c98b71,f8119465-0dfd-031b-9878-63640d91dd7c,59621000,Essential hypertension (disorder)
2015-10-25,,3e767658-83c3-192e-2f36-de84420e4999,09cf65ee-7fe5-4dd8-6904-9e566e93fa20,59621000,Essential hypertension (disorder)
1993-06-29,,e27b03a9-f4d5-5a08-e9f7-ceb0020b6fd2,cf2695d6-babe-19fb-0294-5509737ba467,59621000,Essential hypertension (disorder)
1980-07-19,,dbaa0539-dc0b-99e3-5b88-52e7641a5176,117bc246-e8b1-17a5-5c33-147d177c8a9e,59621000,Essential hypertension (disorder)
2004-01-05,,7b6053f9-d00a-1d8d-b82f-435681a357bc,092238f1-4170-3240-ba48-76038465340c,59621000,Essential hypertension (disorder)
1999-05-29,,41c4c8dd-0e70-2d7f-e18f-e81839da64fd,ea219e3f-d0fe-be2c-286c-65ace9f878e4,59621000,Essential hypertension (disorder)
2018-09-06,,63810751-116d-7e82-f47b-86ed0e5ede89,3167c919-1d30-1cc4-a0fa-57e87ebb58cf,59621000,Essential hypertension (disorder)
2008-07-08,,ec3cc828-23d8-6c90-b789-e89174ed65dc,f3ecf883-0c87-e585-d6b9-6310d6d80af6,59621000,Essential hypertension (disorder)
1982-05-17,,c7b2a131-b8ce-628f-4f19-f11c894242b7,f7499cd4-6b2c-3a15-fa73-2356f60d8495,59621000,Essential hypertension (disorder)
1984-10-29,,c2da82bb-77e5-a292-5b56-3f034b5ec3f9,6b5098f8-a6d9-6bb8-0177-fbdc9f4d442a,59621000,Essential hypertension (disorder)
1965-02-20,,41a68eac-27c4-5f4a-6ef4-1afa6aa1467f,4a712995-1c27-1d1c-67fd-3e77237f0959,59621000,Essential hypertension (disorder)
2001-08-27,,ab0bb893-ac2a-8d07-3a44-e9c476d3b1fb,e54e99e1-7434-122b-6d8b-3128eff9ac03,59621000,Essential hypertension (disorder)
2001-05-24,,7bd49a57-3f30-280b-15e7-5c8bd9226d40,7cac94ac-7f86-44e7-db84-f6dcdb75c872,59621000,Essential hypertension (disorder)
2000-10-06,,58c166e9-1532-9c8b-2b2a-e8ca0d61e7b0,8467ecda-dda5-8342-9606-557bb810178d,59621000,Essential hypertension (disorder)
1983-01-02,,6384bb65-5530-da11-4817-3758edd2c1c1,0f6913e4-ed35-68e6-5c45-61e97fe1f2c7,59621000,Essential hypertension (disorder)
2011-12-04,,373ee86e-07b1-a601-4dd9-49f204334640,b9ed12d3-f8e0-db1d-4737-36835c419887,59621000,Essential hypertension (disorder)
2024-10-16,,ad1d0ebf-0691-e6e4-2f79-9ae32aca5656,d84dc6b8-2100-ddf0-6605-35718893853c,59621000,Essential hypertension (disorder)
1997-09-09,,2dd63cef-459d-b71d-1450-a6fa5e676ba3,10f06b70-f00a-8e68-8a94-759397903864,59621000,Essential hypertension (disorder)
2002-08-24,,88fe0da4-3b72-6dc4-6438-209d24b38b0b,5d682cd5-a259-8b12-69a0-8f66bd79dc00,59621000,Essential hypertension (disorder)
1962-03-18,,12c25178-5a2b-5b01-1eac-0c5b74ef7b0e,84cf98ec-deb8-d2d0-0163-4eb332186555,59621000,Essential hypertension (disorder)
1994-01-08,,2927b418-77ed-05f3-3152-737daf985c90,2410aa2e-aca2-7da4-bf41-68d1faa88b6f,59621000,Essential hypertension (disorder)
2019-03-01,,04a82116-7d4d-4bb2-bd13-a1c6101f5ec1,a64a2cba-454d-5edb-1206-a8c477e10ce6,59621000,Essential hypertension (disorder)
1988-12-23,,ddc06e02-8cab-c948-a18d-4c553fc1a29e,e332814b-7359-4454-4592-c08124d809da,59621000,Essential hypertension (disorder)
1990-01-21,,3adaecff-e272-cca2-8342-3151ded97128,9a3f6dd7-2d11-0ef1-0c98-543e25b08501,59621000,Essential hypertension (disorder)
1990-09-18,,45f3b3a5-4bb5-4363-fe12-9afb4cfa2c60,2e7930bd-c958-8c95-9427-9d1eabd77818,59621000,Essential hypertension (disorder)
2017-04-06,,5e5293e5-6268-dcef-4dc5-491095d980ca,630b3784-4833-1743-dcc1-b61e407f6bc6,59621000,Essential hypertension (disorder)
1996-05-01,,96dc495d-2544-e8ac-9d81-a47e32100cce,33fd6727-8bd3-be22-c476-997a600c0f5a,59621000,Essential hypertension (disorder)
1971-11-29,,e621be84-c013-7fa1-3129-f0efa20a83cc,4a49a0c4-3722-cc43-561a-22a4ef080ef7,59621000,Essential hypertension (disorder)
2023-01-30,,a65b3036-9eca-a5fa-a3dd-05e30ccc9996,a3c964b5-2500-a690-2732-a4117cddd106,59621000,Essential hypertension (disorder)
1996-08-11,,8c309911-29d0-ee21-a68e-0d59b42ea86b,97b913b5-9e53-3ae9-918a-bdf3b9776b66,59621000,Essential hypertension (disorder)
1965-10-09,,548d4678-0d0e-f38b-fd91-2f6e941388c2,fe6c8ba7-11de-c555-f070-a16d81af3c34,59621000,Essential hypertension (disorder)
2000-09-24,,1801390c-3856-e27d-0489-a8ebfd9e87ab,8e3f2328-b444-9093-76f4-1ee8cab06464,59621000,Essential hypertension (disorder)
1973-05-05,,12005f20-baba-3087-e932-038aea832c8f,30ecc7a5-e845-7a9a-7376-eb440e76fce8,59621000,Essential hypertension (disorder)
2003-06-16,,74280409-79f9-7040-2420-8792b558de76,8de4b3db-2100-bf58-2622-70f78d231d7d,59621000,Essential hypertension (disorder)
2014-05-16,,55d50f6d-0329-2293-779e-ff2aeb4057ca,5df1bb9d-06d8-aa77-4462-4b5a51d77561,59621000,Essential hypertension (disorder)
2005-06-24,,1e2bc9f2-415a-cf0d-50ac-0ae68cd287a5,28ae9d14-005a-6e6c-3807-bbf9f83a246d,59621000,Essential hypertension (disorder)
1996-07-23,,81717a69-68b1-1860-4f37-6d4648300914,cca507e7-4a6b-b4c8-ee87-136be33b72e1,59621000,Essential hypertension (disorder)
2022-04-08,,83eebdad-ac12-7055-6e02-09107fe3a981,275c4c2e-2cae-9753-0bf2-518ca78ad84f,59621000,Essential hypertension (disorder)
1984-09-02,,81cfcc7e-66d5-bdc7-e5b1-ffa3bf493f95,72ad3562-a9b5-fe6a-9f7a-15394d0aa478,59621000,Essential hypertension (disorder)
1975-07-10,,770dc4b5-cbaa-e455-f0d9-571ec99896c6,6aac42aa-e77f-62f8-2399-11692b49e039,59621000,Essential hypertension (disorder)
2018-09-01,,de5b4ef3-134f-aecd-b4ed-1e2f113ca964,1529e429-41b9-50c6-8083-e690e8ced01a,59621000,Essential hypertension (disorder)
2001-09-07,,be53f38d-01f6-43b1-95b8-3a286fcb16c9,fb1fd1c0-bbe7-948e-611f-2af39ef1ed03,59621000,Essential hypertension (disorder)
2021-02-20,,1ef2203c-1081-2418-02c3-6287a3912d69,68c092f2-0304-6230-03cc-9e20a97008f0,59621000,Essential hypertension (disorder)
1974-01-23,,1511b337-75b6-c47e-a1c0-c921ca2b8e0b,4496a33b-3377-69ba-93d2-f71f99f01221,59621000,Essential hypertension (disorder)
1994-01-10,,2f7092d6-eef1-9940-3546-6a3f7d570cf2,ca0c4582-ff15-d7f6-b85f-bf1f067db22a,59621000,Essential hypertension (disorder)
1991-09-13,,48853cac-aa1e-7514-366f-2e51d0caaf73,9e06ea82-8402-88a3-ea7c-8019cc6bf1b6,59621000,Essential hypertension (disorder)
2020-12-15,,ab5923af-4b59-2ddc-004b-6bea34d0b83f,a08d955e-c881-a986-e6c4-3186a6361636,59621000,Essential hypertension (disorder)
1987-01-15,,c0a11d1a-4196-1723-c90f-9c2b770783a5,743928ba-08b4-ab62-8220-39d839108776,59621000,Essential hypertension (disorder)
2016-08-05,,52e75da8-8dfd-04d3-e5b2-35e8e3fdba2c,c47e1b56-2343-c8a6-d000-b6a7fac73eb4,59621000,Essential hypertension (disorder)
2000-09-11,,af90e915-ef38-ccec-8e6c-fe6ef198cf2d,d6429baf-0b09-a71c-def4-184eb4233791,59621000,Essential hypertension (disorder)
1994-04-28,,23a2d6c0-917d-0bdb-f734-e0d6e8fe5597,e44e6c3c-92bf-dc38-525d-1db1573077d8,59621000,Essential hypertension (disorder)
1997-07-19,,38b8c607-9154-8e53-7de1-5ef958d02890,c44b08a3-2730-6d44-30f4-be2087efdc39,59621000,Essential hypertension (disorder)
2005-09-17,,8da0cd4e-7b3c-44f0-7bc0-d97849a37638,6d8f0a72-0250-bf21-03bb-bc6fc44ec358,59621000,Essential hypertension (disorder)
2017-03-25,,c1de9e53-79a1-3883-1423-fe116de65f73,51696d18-ec78-8925-7332-efae5bab66a4,59621000,Essential hypertension (disorder)
1996-11-11,,553dee28-2794-343e-f43f-d6b32f0e70a6,fae0cce0-16fe-2318-f52f-53be6db53c2b,59621000,Essential hypertension (disorder)
1999-01-22,,5a22f8e4-53cb-9295-17ca-3c885fe0c1f8,0c5e72e6-c38d-deac-f3ea-b57265e183db,59621000,Essential hypertension (disorder)
1974-06-22,,bed771d3-92fe-015e-d4c3-e69be6fde2ef,256541e4-2a66-0b18-e689-ab45a7ac0092,59621000,Essential hypertension (disorder)
2015-06-01,,a1c3133e-57f3-b0b9-6506-a81ffba201da,2259de13-26c0-6900-bf92-90c74a769b6e,59621000,Essential hypertension (disorder)
2005-01-13,,6eef3241-9f5c-9a01-ee30-420774807f87,a7ede4a3-5648-5e2f-d365-abc9fac52e3d,59621000,Essential hypertension (disorder)
1994-04-08,,72a996af-9e45-a52d-7688-b7041294146c,d6b8f0e6-677c-458d-8ac1-397343cd1b4a,59621000,Essential hypertension (disorder)
2001-04-09,,6bc39859-5331-ed58-8c51-3e750d3d5a92,a70858fb-6571-7b04-628f-e192b1ca166e,59621000,Essential hypertension (disorder)
1934-09-04,,7f7f6ab7-07bb-b791-8c4b-af9515dfbf39,d52fae11-8577-cc60-e624-3cd5081f4f2e,59621000,Essential hypertension (disorder)
2014-06-20,,d865fb6c-35a4-fb3c-ff0e-dca9ea21aae0,3d8c196a-30dd-81b5-308a-0d67e50723b3,59621000,Essential hypertension (disorder)
1967-07-13,,f7b1f380-f2ab-1dcf-7425-54f870e4b012,e53e57af-e9de-db8f-ffde-304ec9f86e39,59621000,Essential hypertension (disorder)
2000-03-06,,fa8e5090-52ba-df45-1808-29aa3decf23b,4e6711ff-9f1b-7499-6f33-f298dfd10ed2,59621000,Essential hypertension (disorder)
1999-09-11,,011437f9-2cb6-e46b-98e2-b12fcfaf7546,b960a136-fe41-13d2-5e36-141aba458b06,59621000,Essential hypertension (disorder)
1986-07-07,,4e525651-a09f-b1a7-afc1-d74d87f2976b,2d934e54-053b-87d1-fdbd-1fb00cbf3dfd,59621000,Essential hypertension (disorder)
2007-08-30,,ff04a942-f41a-3b19-95f3-f708542b267e,790a1a10-a2a5-a89a-520c-3a09fce2b3de,59621000,Essential hypertension (disorder)
1994-05-08,,7a9bfeca-b549-a81d-12fe-030f6125293a,849cb491-a5f6-8cb8-f2f7-5bdf28de1783,59621000,Essential hypertension (disorder)
2012-10-08,,9f93b3a2-69af-ccf8-df41-cd2dc594bb34,aaefb574-fbb6-acf0-3300-3fd3aa291042,59621000,Essential hypertension (disorder)
2022-10-14,,7ab4dda5-379c-e1f7-3e0e-b9b3089476f3,9c572b54-671d-5a98-34aa-46f990dec5fc,59621000,Essential hypertension (disorder)
2018-08-05,,0879ade0-5835-dac7-9625-9040005dd488,1293aafc-613a-b10c-b37a-2eeb34d826e1,59621000,Essential hypertension (disorder)
2014-05-21,,8882b2e9-4bdb-958d-2b35-0bf5402237ed,7f847542-6347-c918-6701-90bd5311f1cd,59621000,Essential hypertension (disorder)
1984-04-10,,cb2f2943-79a2-d50c-39f8-7bb65cd3feee,b0a69df1-c2b5-0c65-983c-33bbfdb41b61,59621000,Essential hypertension (disorder)
1994-06-01,,314d2449-c34a-9af1-f830-55221fef181b,111d700d-c73e-b7a7-a9ac-fb434305a27a,59621000,Essential hypertension (disorder)
1969-12-08,,e5fd9a93-a8dd-4a2e-6b18-f36c77116d94,1c9ee421-fb17-885b-57fb-e6baeffd2244,59621000,Essential hypertension (disorder)
2006-12-21,,1f93d383-f41d-1688-b066-ca3d58007b83,30baa73c-ae6e-4513-3903-24c9b97b6975,59621000,Essential hypertension (disorder)
2003-06-13,,e9c99a1d-63c4-1b55-9ccf-dd4d4280b559,d6e196eb-da48-447e-b47d-8a3afd2b9776,59621000,Essential hypertension (disorder)
2011-06-30,,58166da5-d894-69c3-be5e-b6e0e1479f59,b3198cc5-ea08-de61-09d6-e449680ca91f,59621000,Essential hypertension (disorder)
2000-03-01,,3dff4ba3-d3fd-678f-502f-eadd61ba01f6,bc14a633-a8aa-732b-541a-c6cb01c52996,59621000,Essential hypertension (disorder)
1999-11-21,,94a40289-2127-b3e0-1598-6c0790595514,1855a5fa-9cea-278c-d2ef-467c3606c620,59621000,Essential hypertension (disorder)
1996-12-13,,feadd102-2c21-a017-ec11-b087694ebb01,c17dea7c-66cd-d162-0635-5d9dfe97190c,59621000,Essential hypertension (disorder)
1973-07-12,,a77e29a5-cff4-abb3-17e6-d339f5a3b96d,5e9ab482-6bed-7421-612c-6e95711d02a5,59621000,Essential hypertension (disorder)
1998-11-09,,befa405b-706a-377b-3970-a62242196a0f,78668998-0fbb-8f51-fb52-d5eb1a5be487,59621000,Essential hypertension (disorder)
1952-02-15,,1e8d74f1-4996-894a-2647-3aaa56386208,eae1bd49-0954-1a1b-fe9c-7c8bbdcb84c4,59621000,Essential hypertension (disorder)
1982-11-20,,92f03da4-c80b-bfc6-f916-91578076f102,911bc5f2-2353-cf14-485d-5aa90e924ec5,59621000,Essential hypertension (disorder)
1995-11-11,,7bab093e-8c29-acd3-e5b7-8e75acfc1b77,4c74f96e-9033-93f0-b5ce-dd14e51f935e,59621000,Essential hypertension (disorder)
2016-01-30,,d4faf821-f62f-0593-7caa-3701331e7766,1fd2046b-5be6-568e-d29c-879e9d6bc0db,59621000,Essential hypertension (disorder)
1999-09-02,,bb268b6f-4a0c-2e6d-3088-a30229f28b33,9c39e034-9557-aaf0-8bca-483e839de332,59621000,Essential hypertension (disorder)
2007-04-08,,69c2f14a-9b79-1b25-43e2-99b7cf57b74b,bb3224bd-c828-0c48-56fb-e3c453f764a6,59621000,Essential hypertension (disorder)
2016-04-05,,f35b3240-cd55-69d6-23dc-508b56c62ec3,bfc5416c-4af3-4d81-56d5-e483fad1da8e,59621000,Essential hypertension (disorder)
2022-10-22,,7424f3b5-5f0c-c94a-f23e-8771b2267632,8797a447-aac7-9bb1-1c8f-d7d129b67977,59621000,Essential hypertension (disorder)
2002-09-21,,3f92e3ab-d930-02f9-50d4-5cbbb5eebbf6,19587dff-5527-3db2-0515-6bab12bd5cd1,59621000,Essential hypertension (disorder)
1994-04-04,,4d2e8676-07dc-5668-0d69-d5b8e88eed1b,95a93f56-11d8-ed6f-55f4-395e352ce7de,59621000,Essential hypertension (disorder)
1989-10-13,,898c8757-f36f-4c19-c38d-31661198726f,9a9cf12d-191d-60f7-7c07-1efe0829d8e4,59621000,Essential hypertension (disorder)
1996-12-23,,cd9abc7d-fed4-555e-e300-37b0e976b44a,bb6a3914-112c-6d69-8530-9912e71d4b75,59621000,Essential hypertension (disorder)
2020-01-25,,c3546375-e563-d693-fd00-3a8e26683a15,612bf1a1-9827-1435-5212-c13fe9a08b72,59621000,Essential hypertension (disorder)
1964-02-22,,824564b3-0c07-35d4-ec6c-47a7b7686764,ffc7c383-d224-8ccd-e8b5-c021b25f0eb8,59621000,Essential hypertension (disorder)
1963-08-24,,2f22647c-c43f-1215-c458-0084194a1bc4,5a3758b2-b290-350e-1f8e-ebe3cc2deca7,59621000,Essential hypertension (disorder)
2009-11-27,,6f67ac3a-b131-4e85-f44a-30e7d5dbf5aa,fbacd85f-2314-7ed6-f96a-762cbd9e000f,59621000,Essential hypertension (disorder)
2011-02-09,,32e0fb81-48f4-f27c-d242-b4f793268a19,93b5e209-89e4-2124-f14a-01671cd994fb,59621000,Essential hypertension (disorder)
2023-08-17,,bac7f451-486d-a57e-5561-6b657244fc94,9117fc94-0d52-2bae-29a3-cd8ba26fa504,59621000,Essential hypertension (disorder)
1975-09-02,,efb63adf-ca1f-4691-5319-7fbe3aed7cf4,7d907937-7475-35cf-b16d-30172df6c08b,59621000,Essential hypertension (disorder)
1993-09-28,,b85e58be-5716-020e-2366-d81baee59f49,e96f9300-e9dd-78bf-7f7c-e9376be20201,59621000,Essential hypertension (disorder)
1978-07-04,,f957cd61-750a-b149-df01-a22e5cb00650,7f90876d-c1d5-4ae2-e60b-a7c2e7ea6acd,59621000,Essential hypertension (disorder)
2016-12-30,,d666355b-2141-f527-2cc0-ded0ecb1ac61,d8a17da5-7c96-093e-869c-2a7c25f3a2e7,59621000,Essential hypertension (disorder)
1984-07-13,,b7124634-38a8-ab32-8cd7-69065ddb9ab1,4b271d3b-6715-4760-3ee3-5d774099aed5,59621000,Essential hypertension (disorder)
1979-04-25,,3bb9dffa-d11e-5a26-87d2-601505d8f6b4,2b0c040a-3b99-4e5a-afb4-abd6b7b25b7e,59621000,Essential hypertension (disorder)
1976-10-12,,e507275f-f537-b1e6-c564-1a074489548e,79027101-704b-971a-9b60-66d10510f060,59621000,Essential hypertension (disorder)
2003-02-02,,090d35cb-1da3-aecd-45a2-fd03538a94c1,8ef10df3-b746-81e4-9782-b3b82f1d9d25,59621000,Essential hypertension (disorder)
1978-07-19,,c901365e-f8fc-6a8f-a21c-c04a149d0ab6,1004b1a0-3498-2caf-f1f8-b03481605245,59621000,Essential hypertension (disorder)
1995-10-01,,0370969c-63ae-8404-67bd-074168411c12,7ee5e0c3-57ce-91c8-dca8-e172f6a5420f,59621000,Essential hypertension (disorder)
2002-02-20,,bce2edb9-1bde-a97a-939d-d12b5e7a9621,089fdd9d-1bc5-ada9-809f-e9f2c9c4c59f,59621000,Essential hypertension (disorder)
1993-12-09,,fc2d5025-3dd1-a141-5887-494f91ff2e43,04e605f7-04cc-9b03-f550-79e05ef946d9,59621000,Essential hypertension (disorder)
1999-01-18,,28da063b-8a3e-71ea-9a48-bb380fbf7fc6,6de4fafc-de28-2ad7-2275-0f7cbf77fa3f,59621000,Essential hypertension (disorder)
1991-09-15,,ff3947ad-776a-e4a9-bc02-97ab08ebbdc2,c6be6aed-7001-6eac-7187-921db503a1a1,59621000,Essential hypertension (disorder)
2011-04-11,,bb1a9830-2eee-fb95-722f-4e138937fef9,5318424a-0b73-b05f-2515-f4120dfd1a65,59621000,Essential hypertension (disorder)
1945-12-18,,a9d160d3-8a74-dca8-bd00-a6880ef0e64e,67e54bfe-84e6-a187-0267-4be8a90dc1f6,59621000,Essential hypertension (disorder)
1986-09-20,,f8e4b9ac-0c6a-8654-5011-694bd891cd25,4ffce6c7-fc18-4277-fbfd-7f2e33d04c11,59621000,Essential hypertension (disorder)
1974-01-28,,38f741ce-dab5-d1dc-4343-8d3f4d1e9ce5,49089cc5-0a2d-f343-615a-e5729a8a74f8,59621000,Essential hypertension (disorder)
2005-05-21,,79ff1d2c-5408-f390-cc23-956145cf7a3e,7a17f29d-3dae-2604-3895-6ab9caa1c347,59621000,Essential hypertension (disorder)
1992-01-21,,8c96a7f7-0bb5-544c-a722-c6565d553de4,c212dfde-34bf-fc6f-1494-431aa64279b6,59621000,Essential hypertension (disorder)
1974-12-21,,72e192e8-d6eb-f14b-1fce-8ff4b5615aa2,dc1e8a29-722c-1c3c-0617-0e49bac730e3,59621000,Essential hypertension (disorder)
1964-10-31,,c6ac8b6d-54fc-d814-8218-1b2f658b12c5,f25d5c45-51e6-136e-7de7-14768e685152,59621000,Essential hypertension (disorder)
1982-05-26,,96eec1b1-39f4-630f-8b98-1e62e6601c21,1a9a92f8-b0fe-7e36-2d0d-09bedb83134d,59621000,Essential hypertension (disorder)
2018-09-30,,36d64718-02bc-29d6-f915-edabb538465a,d5527ef2-23f9-218a-55a3-a0934734c803,59621000,Essential hypertension (disorder)
1974-05-02,,8a1cab69-87a3-58f9-f890-7fc281905b68,3326ee00-ef88-bac7-3f49-4a8834a37358,59621000,Essential hypertension (disorder)
1984-04-17,,48aef81f-1250-4968-be9b-bc0efa0d48df,fb4453a8-c345-eaac-5f6f-8b195967a146,59621000,Essential hypertension (disorder)
2023-12-21,,8b420bc9-6649-5850-9d5e-c6dfd0d42041,ca21abd4-d866-f4b6-b9e9-4722dcd7eae8,59621000,Essential hypertension (disorder)
2023-10-04,,d4c42f31-6815-de18-0bc5-0015b71f38e6,a3f89812-6e63-d9e3-00b7-5b81d040978b,59621000,Essential hypertension (disorder)
2022-04-24,,0315071c-c0b6-c514-057b-947c88b8b375,5b0aed25-c203-4cb4-04ef-2426b2b06bd1,59621000,Essential hypertension (disorder)
2004-03-06,,3d39c6c6-05df-cb75-001b-c6ef84ef8971,537689c9-98f4-d752-5f04-ecdf636e1d42,59621000,Essential hypertension (disorder)
2012-07-15,,03b38edf-b5c8-bb8e-5873-472d2dcadd60,12a9c031-30ec-fbdf-93e5-80c27d3a5996,59621000,Essential hypertension (disorder)
2008-12-04,,46af01ec-8807-6d8b-8697-782268035fb0,0cd6ae56-87ad-12c7-d250-8078786b0477,59621000,Essential hypertension (disorder)
2003-05-25,,ff8d46a6-1940-2a2b-0258-cd3403819aad,3a48d5da-a01b-a36a-b064-4e3d97552add,59621000,Essential hypertension (disorder)
2003-01-01,,f0d99612-9546-cd17-277f-5656da9f3402,b895ddf1-f2b4-e84e-7ff3-f10a0be760fc,59621000,Essential hypertension (disorder)
2020-02-10,,80332e7e-cb35-c238-2c75-d9ea4f5dc455,78daab70-63d8-7d14-bd7b-6818b3059044,59621000,Essential hypertension (disorder)
2012-10-13,,5fafc001-2c21-c548-402d-a90db80a4be4,3f238518-88e4-c801-98cd-88b7ae28ea8e,59621000,Essential hypertension (disorder)
1983-08-11,,dcb48280-6066-6049-9424-93e867d89c79,9f015f68-d2a8-db22-83de-29cc9506096f,59621000,Essential hypertension (disorder)
1990-04-24,,58e4177b-7217-7379-a712-a0a479ef40ea,b18bd5fe-4463-6e1b-4988-0db4dcb5b5e2,59621000,Essential hypertension (disorder)
1988-06-23,,44af5525-6415-8389-fbaa-836e75de6752,f331ad4f-16d1-a392-8c87-3ba59074f63c,59621000,Essential hypertension (disorder)
2021-05-06,,d9c3d024-d4f5-a2b1-a0e6-d48f5fdcece6,6af508db-9017-10cd-10e4-63345722651a,59621000,Essential hypertension (disorder)
2014-01-18,,6aeb4566-09ad-5172-8ee5-91d078cd44c4,3dd018f6-8c75-218c-626b-80224e0db511,59621000,Essential hypertension (disorder)
2018-05-20,,a6c85edf-072d-8d96-69d2-d606dbe60d69,33a3f845-8c0e-a08c-930f-6bce0f77d1ca,59621000,Essential hypertension (disorder)
2007-04-07,,9acc203e-f3f1-126a-8b2f-f61358561fab,05647bb4-be76-627f-b61e-51627a4927ae,59621000,Essential hypertension (disorder)
2024-08-03,,91ef639c-680a-b377-6652-97f054ab749b,d21e2d7e-89c4-91cf-e67e-e01ca3e964f7,59621000,Essential hypertension (disorder)
2023-04-04,,b174986d-2b83-b2b4-0929-18b2a2461d58,7c49f8cd-914d-d769-3445-bad50ad12b40,59621000,Essential hypertension (disorder)
2010-05-06,,c908879a-82fa-c281-ff12-36b7e24f4110,fe3709aa-23be-fd3a-4c76-005062918be2,59621000,Essential hypertension (disorder)
2011-11-14,,d486585b-d8ee-7854-bf56-3d078a81cf97,19deb52d-7b0c-a8df-ebf8-7f7f5b5a1687,59621000,Essential hypertension (disorder)
2019-04-09,,c199913b-c6c5-6f83-e21a-50e44186beb3,f2238a90-4322-b3ef-32c5-425ccc3b12e3,59621000,Essential hypertension (disorder)
1999-10-11,,61dc9d3d-0339-3671-4a70-82beef969111,e65beb49-f00c-f4a8-17f5-37b7185f124e,59621000,Essential hypertension (disorder)
1971-05-23,,fd2c1e70-f41e-a4d8-29fe-a604c732ca41,62c70bad-90bc-af15-765a-f56c0e81cfe8,59621000,Essential hypertension (disorder)
1984-01-28,,beef3eee-a9ba-206a-5b87-3b55a4b3ec22,ec076fae-13da-17dd-8baf-ea89bb33c077,59621000,Essential hypertension (disorder)
2006-02-25,,6df529f3-83d2-5204-51f0-2110908b4210,693f30ac-8337-149a-263d-b55d5c6f6797,59621000,Essential hypertension (disorder)
1973-03-09,,107a63af-2148-f026-009d-c7980eeba857,744078c4-39fa-9acc-c089-005d299be0af,59621000,Essential hypertension (disorder)
2001-01-31,,48fb6c6c-fe54-9772-7914-1bbc9af1f5b2,7f19d5b2-fa73-48cf-83f0-921d3efe5a7e,59621000,Essential hypertension (disorder)
2023-10-15,,415babf9-0aec-2803-99f3-ffd4c14954e5,046fe138-b2f4-805f-cb6f-7e96d8b65a3f,59621000,Essential hypertension (disorder)
1977-10-28,,7f4a9d91-6aa6-571f-bf55-599ee58003f1,0bddb4ee-76c2-a8e2-35fb-4f81d1158062,59621000,Essential hypertension (disorder)
1990-01-25,,fe4a20b0-56ab-1ac3-ab29-ad2ac732c8c2,fa38ab40-145d-d6ae-d881-72e74992fc0a,59621000,Essential hypertension (disorder)
1983-01-02,,9626879c-f900-2277-2c52-e158eb443418,84df7584-d555-776f-4932-e90f56343185,59621000,Essential hypertension (disorder)
2014-02-01,,bb474f88-c66d-be87-c6f1-ab3a54480ee9,7d58c7b0-94a8-7c05-7feb-5d46af155d91,59621000,Essential hypertension (disorder)
2014-04-11,,57548256-e5e4-46da-a056-e22eb75e71f2,b950aa63-d543-ce2e-7e2e-9de83b2a6d78,59621000,Essential hypertension (disorder)
1975-07-08,,e973c0e1-744b-ad77-2c22-8b3131463077,a5c47b4b-41e5-3548-d8a4-d634ba4da31d,59621000,Essential hypertension (disorder)
1998-11-11,,7ee3a9c3-484b-f3d7-f4ac-468dcd70ce32,4fc09940-5f04-ef6a-f462-d3bc8cc2edcb,59621000,Essential hypertension (disorder)
1996-09-17,,30693613-1856-d743-ff50-d8c87f30918d,2888e6ea-e3ae-14b0-9f33-69cd362b7198,59621000,Essential hypertension (disorder)
1960-09-07,,b3712a01-bcd2-efc4-1040-fe678ebb5e53,7c276987-225d-d22d-03ad-0a11256c399b,59621000,Essential hypertension (disorder)
1986-07-01,,427f618a-af95-1397-35d4-c7f62360c696,f18a5a7d-80ed-347f-5f7f-a86bf11b1712,59621000,Essential hypertension (disorder)
1975-06-05,,4f46fd99-a039-8258-ee68-c4798e8abda8,99ae576d-6c05-ff42-c22b-8b57fc68851c,59621000,Essential hypertension (disorder)
2017-09-09,,4dff34af-3149-6ab2-7ebb-13632129bbc8,8bb74238-964e-0d8f-53e3-ccad919c7c51,59621000,Essential hypertension (disorder)
1958-11-21,,070e957c-3b32-55cb-2177-1634308a83e7,6da8659c-2780-e59d-3f65-d41df2871875,59621000,Essential hypertension (disorder)
2007-11-19,,36bd750e-f4ee-16be-bcb5-486f19a63e5e,51d0e59c-dcfc-da64-29c1-e39863f16c5f,59621000,Essential hypertension (disorder)
2020-05-10,,dd7f0549-d615-083d-fe13-80f0baee5ffd,c1182df5-7d9f-f220-cba3-40df6ecbe251,59621000,Essential hypertension (disorder)
2013-04-02,,39cbeb43-bac3-7b17-47e3-6223e4c20ded,ea433b5d-c166-d3da-87c7-171dc4755cc2,59621000,Essential hypertension (disorder)
1999-12-12,,b3bd97b8-908b-660e-fc4d-a502febb5f1f,236f3935-ab17-ba47-cabd-7fab1bbd10b5,59621000,Essential hypertension (disorder)
2012-03-05,,2d635b7b-27a2-42db-895f-4f528c670d75,2154aeb9-5487-b3a3-3c77-99c83fdad249,59621000,Essential hypertension (disorder)
2012-01-02,,b45b23f2-ad60-ab8f-1d6b-d8ed59691a33,32ca221c-6fe0-b999-152b-a7a3bc13fb5d,59621000,Essential hypertension (disorder)
1984-08-04,,845bd53a-ee65-59eb-a209-270a12ead239,c90dfb44-0eae-2980-3899-2a130d6b1dd2,59621000,Essential hypertension (disorder)
2011-09-08,,cd664b0a-b1a9-c766-741f-02d39e35772f,eb526756-70b0-bc5e-56c6-9400e4c2e5f9,59621000,Essential hypertension (disorder)
2017-11-07,,f48dc0cc-825a-c581-27fd-f24bfc5c71fd,4adfd7ba-d1bc-6d6b-7aa1-2984aeacfb3e,59621000,Essential hypertension (disorder)
2003-04-11,,f39259ad-f7e8-72a6-98b7-7da9df8570ac,eddb4516-58f5-1ff0-5b20-2e23ec63dcf1,59621000,Essential hypertension (disorder)
2001-04-28,,2c88cea3-86b6-a3a8-ad1e-092bfaedd077,ebcb3540-3a55-9e2d-86fd-ac70617562ac,59621000,Essential hypertension (disorder)
2015-08-04,,17d4aff6-aa72-279a-0458-d1c551dbc947,292cb4d7-e1f9-cdbb-195e-90acafa47e03,59621000,Essential hypertension (disorder)
2022-07-27,,95f7ffc2-9d92-ab76-8c46-ee2d6d1bf1b4,74acf3f2-e29c-3a23-4568-6fda6da388a7,59621000,Essential hypertension (disorder)
2023-04-25,,022368c9-41d8-2068-3579-eb5a49409c24,1084b475-0896-c5ad-5166-d35b1ecb82c2,59621000,Essential hypertension (disorder)
1996-03-19,,ec843074-b84a-55c5-a02f-0697e839106d,76839b90-e6a9-4b07-b885-9b37ddcb0927,59621000,Essential hypertension (disorder)
2022-05-03,,c26c1d0c-1772-bbeb-899e-c17b88b13327,a142c48f-d18c-12a5-f178-8377f022a291,59621000,Essential hypertension (disorder)
1967-03-31,,891b4e3b-131e-df96-c1b5-6a775f748dc9,1ba42041-4ce0-c945-51d9-9bcfe693e529,59621000,Essential hypertension (disorder)
1993-10-05,,9391eaed-020b-9642-e58b-8d663ee4407f,9042f402-9a1d-74a0-b8d7-38dff3e3207e,59621000,Essential hypertension (disorder)
2024-06-28,,ea4ba968-db70-fd9e-61f7-4784955c4fd8,8f017f20-d24c-385c-abbe-85cd1d34071a,59621000,Essential hypertension (disorder)
2004-06-14,,c564f639-44b9-5a05-57c7-181af884396a,10400763-f08c-0909-8c74-6fd253fcba31,59621000,Essential hypertension (disorder)
1967-02-15,,a4abef5d-ffb1-4d5c-c232-aadad1423ed1,0de600cc-15fc-d3b1-e1a7-118ab5d95296,59621000,Essential hypertension (disorder)
2005-06-11,,9c2cd351-43f9-451c-4edc-eccf32e0b826,18a1410f-8b79-1659-551d-33289d5d0639,59621000,Essential hypertension (disorder)
2021-10-24,,ab7b2833-6870-b0ec-389a-5ee7385cbf60,b9aacf79-ff7d-0e9c-d4ea-918725a6204e,59621000,Essential hypertension (disorder)
1974-01-16,,85804c86-9aba-8412-d3bc-28390e2d3d6d,f5c142d6-675d-67df-9486-245e7d4ca132,59621000,Essential hypertension (disorder)
1983-01-04,,34cea48f-0c33-ca72-0aa0-93adea51b21e,e716edbe-66a5-45f4-3114-809862f7a062,59621000,Essential hypertension (disorder)
2008-07-03,,3012df03-22db-7ddd-e905-4d2d772a82e7,e52b40f8-3f5e-b9ed-abce-0f66e37e2814,59621000,Essential hypertension (disorder)
1984-04-05,,413c5822-21c4-5bc1-eeea-502b15e10ccb,0953a866-a676-ab7f-ccda-2d41c8724a7e,59621000,Essential hypertension (disorder)
1975-03-01,,4a2e8a00-f16d-7829-f988-e976913a6bc2,6ec9f1bb-fc01-e56d-aaa6-fc5724353644,59621000,Essential hypertension (disorder)
1988-03-24,,16e37e57-5898-6eda-c6b7-db68e6b47ad2,6b52f9f4-ef86-00b1-3f05-550cbc8b495c,59621000,Essential hypertension (disorder)
2006-01-31,,fe58c2ec-3e4a-f868-ba8f-51d2d9a1a8ee,e5de7503-cca3-8429-4175-364a6f2a2b81,59621000,Essential hypertension (disorder)
2020-01-27,,988b7896-ce03-794e-98ec-0112b9490881,565ddc1c-90b0-1c29-0f0a-163a462af403,59621000,Essential hypertension (disorder)
2002-07-20,,6b10ac66-a0b4-a175-a176-96a76c2f7180,bcfad503-75d0-09c9-1ec1-ff69166d3187,59621000,Essential hypertension (disorder)
1994-05-01,,951fd4f0-edc0-5b96-2d27-65dafa66c44b,f3a31d94-6531-c324-e9e2-c7021fd3090b,59621000,Essential hypertension (disorder)
2009-06-25,,95089850-05fe-b7a6-0444-99cf7e092928,a1d2c71a-844c-2d3f-c5ab-5a4b9f1ba52d,59621000,Essential hypertension (disorder)
1991-08-12,,a484c471-eb43-41d2-2c3e-22c4f6dca1bb,0a713552-2176-6b1f-2e7a-9be96a93ccec,59621000,Essential hypertension (disorder)
2010-07-30,,e44973e7-becd-d6e6-3191-01df2817e393,3ad82ac4-3356-968f-356a-5ac3ba5ed72a,59621000,Essential hypertension (disorder)
2016-07-09,,8e4c7cf6-34a0-7cea-2b3b-3f280a56f0a0,938762ca-6177-642f-8631-798aae5cc4cb,59621000,Essential hypertension (disorder)
1983-08-23,,af23070c-5079-e8e6-2ddd-04b45703da09,dfb10bcf-74ba-4215-b700-e58254c709bf,59621000,Essential hypertension (disorder)
2020-01-18,,7fdadfd2-97c5-5944-1043-ed3119153325,864cd4b2-6437-1a4f-4588-e21f5f67b10c,59621000,Essential hypertension (disorder)
1963-03-19,,b51d3668-8fc4-e5e1-8647-d0439c6ce986,31443a2e-32cc-92c7-2895-0eac74520a2d,59621000,Essential hypertension (disorder)
1986-09-03,,de3b0adf-a2d1-6833-cd2f-8047930b2216,d6357ff2-2a20-2c25-88ec-1aa6bcdce42a,59621000,Essential hypertension (disorder)
1989-10-08,,cd2e3842-a95d-4442-f146-399bce5ff1c5,2565c0aa-072e-7512-41e8-d275d5ddcf74,59621000,Essential hypertension (disorder)
2024-02-08,,3c1e99a0-9966-711e-f7fa-4007275c8ff9,b4410960-2553-d0fe-f58a-1eaf2c6c0781,59621000,Essential hypertension (disorder)
1996-11-13,,3ea3041a-c6db-630f-9682-4c37bc1e5037,4db014d3-94c9-4aa8-205c-5582ff429099,59621000,Essential hypertension (disorder)
2012-03-02,,fae8895a-f4fe-6392-e014-14b57bc4a249,5568bc27-ee6a-4cbd-a2ae-7079b8db4554,59621000,Essential hypertension (disorder)
2019-12-18,,bccaa830-ab70-fbf3-5133-61952726eb5e,8e2ccdbe-eb54-2e15-f8b9-ea6750c55817,59621000,Essential hypertension (disorder)
2012-08-23,,448b70a1-1ba3-f8e1-8085-d8d660f6b89e,590afb76-f0e9-a196-4bea-950ac88ad18c,59621000,Essential hypertension (disorder)
2012-03-11,,c8f8b240-ecf2-c58d-bc41-d2e6ed9bb2e9,fd05bcae-d09b-1457-d4de-f394402da83f,59621000,Essential hypertension (disorder)
1992-06-23,,0ded050e-aebc-1b9a-ea5f-389cb94e1236,cfc4c757-c71a-2feb-4c4d-28f1ff6d6fb1,59621000,Essential hypertension (disorder)
1984-05-28,,ec88a16b-a657-1104-cef3-f06b7996f082,013698fa-536e-fe65-13a2-d0d25920a3a4,59621000,Essential hypertension (disorder)
2001-07-09,,905f67dd-98e5-b0b2-b21e-e7e87b3e3af9,97a22bbc-69c9-daab-9fb8-6c15580a957d,59621000,Essential hypertension (disorder)
1962-04-29,,a90a93eb-5efd-bc36-d9c3-e4e6f8b8a56f,0d3dd14c-0435-5081-66e4-7750a23473f4,59621000,Essential hypertension (disorder)
2021-09-02,,2b5a9874-4ecc-871b-a712-cddd3317fe9a,71302644-9f7a-c649-7198-cd051356786e,59621000,Essential hypertension (disorder)
2019-06-15,,346d773d-dfd7-0dcd-4bd2-2675613f6f02,c85e2a47-1d88-1e58-ac8f-3d33ab7ac578,59621000,Essential hypertension (disorder)
1992-01-08,,990d2334-1592-c377-7fe3-e3151fe2517b,8c3f6d05-ec41-f921-d509-cb18ffeea65e,59621000,Essential hypertension (disorder)
1986-12-30,,76fabb4b-aa11-e98a-1a50-c565d464c9de,9f3f87af-0a52-f21f-8de8-c6905b4372cf,59621000,Essential hypertension (disorder)
1989-11-09,,16ac299e-0389-dbb3-5626-d85bf99d66d8,f6d071b5-beb9-698b-2ef6-a6e95a90e054,59621000,Essential hypertension (disorder)
1967-08-22,,34c2936b-6d23-dea6-1d2e-6a31a85e7aa1,9674ab5b-7e88-e073-58d7-b1d25cae723d,59621000,Essential hypertension (disorder)
1987-10-07,,391fcae3-6445-6c6b-f5df-f4d2e59e2ca4,adb0f0f8-f240-baad-4969-d4b2e19ccd3f,59621000,Essential hypertension (disorder)
1995-05-17,,16cec4c0-c674-cd48-ac02-9aac7e7ae4dc,ee78c8a8-c672-5683-7bb6-773e6d0fba05,59621000,Essential hypertension (disorder)
2000-09-24,,1a26757e-ee50-caaa-9dc3-ed0d50eef4ff,fc6486dd-af4d-f4e9-badc-d93b7dbd86bf,59621000,Essential hypertension (disorder)
1998-09-10,,4cf76707-1da0-bd3d-4b0e-320833a72d9c,6f760354-35be-acd6-b561-f9721230e957,59621000,Essential hypertension (disorder)
1996-09-27,,76efe70b-4b16-197b-8648-3aa57b5cb4ea,ba59286d-a3ee-8b24-4605-cdb5167a4f39,59621000,Essential hypertension (disorder)
1993-02-28,,53a8764f-fdf4-1fc8-0947-aa5a3899a513,2797197b-fd03-569a-58cd-d3efc8ccb87b,59621000,Essential hypertension (disorder)
1985-05-29,,6e5916d9-041b-12bc-16ec-ff1fb4a7acfa,7f3c2c2f-0d0d-25a8-aeeb-21e7dcd34785,59621000,Essential hypertension (disorder)
1972-05-18,,06483e80-0284-d0c3-415c-967abb14016a,aa8bd424-d73e-5cf7-4f83-43b24ae282a3,59621000,Essential hypertension (disorder)
2009-09-06,,6922adc6-669c-4d99-c158-ae5c6d1a6ccc,e29b8e33-fd4e-85af-ebd1-09004fb4720e,59621000,Essential hypertension (disorder)
1966-10-04,,336f5653-6dcc-8b5e-f1d9-f9e98f53d730,55993cce-ea28-d760-100a-a30e0b28e890,59621000,Essential hypertension (disorder)
1983-11-03,,3fbd87f9-0aaf-f19e-da4c-1ec09435b3b1,fcb297d8-709b-c292-ecd0-0111de8cb4ea,59621000,Essential hypertension (disorder)
1985-11-17,,84dbaaa0-016e-1b81-c0bb-88bda3b7a121,b48a9895-efa7-0d2e-d6eb-27a54a0a266f,59621000,Essential hypertension (disorder)
2022-11-28,,e38bdcd0-5485-798d-4741-e49c925188bc,351ea2d2-d3fc-2c87-c7d8-305d5a2662bb,59621000,Essential hypertension (disorder)
2003-09-27,,adf7fd10-715d-c559-e831-d2eb0f6d982e,3786633e-5b1f-d002-2fe0-4c288d9efb46,59621000,Essential hypertension (disorder)
2004-07-14,,74e2edc4-2ae8-e256-7ca1-3639c021ac29,28295b11-903f-157b-3db8-edfe74913ec1,59621000,Essential hypertension (disorder)
2003-06-08,,b28b70fc-3145-6747-a4c7-eb37973ef6af,068fa9dd-5c8c-4e34-627c-d142852133a8,59621000,Essential hypertension (disorder)
2015-05-04,,941bd9c6-3a6c-7e65-6128-5ec9ae51d6d5,fca205e8-e87c-e670-e6e4-31f8eb416f54,59621000,Essential hypertension (disorder)
1952-06-18,,e898a278-eee1-b670-a72c-70859bf13008,7ca14fab-a72e-1bcf-6832-bc5f6062265e,59621000,Essential hypertension (disorder)
1998-05-26,,1aa1c744-5a40-2c7d-3245-6d236401016f,e22b416d-28e4-269e-c431-81d72d349015,59621000,Essential hypertension (disorder)
2014-06-21,,5119bab2-a69d-da93-acd6-cd0bbf7aca13,44e9f282-aa63-cca5-522f-2d05f9ac569e,59621000,Essential hypertension (disorder)
2013-11-06,,c0e3bf97-5c57-f167-600a-a7de7ef69e45,bd50858e-8dc6-cdb6-28a6-879c519dbf6f,59621000,Essential hypertension (disorder)
1992-11-02,,86d5d695-8fb7-63d8-0cf2-5d1a9688401b,b6d0529e-eb5b-785a-a9b8-ea605cf40155,59621000,Essential hypertension (disorder)
1976-05-04,,c163f473-a6b7-f378-9da9-847e43e4a1e0,f350e1ab-9aa3-f4c0-12df-3aa53689c6dd,59621000,Essential hypertension (disorder)
1999-07-24,,75a44496-3ef3-50d6-0160-93845d19eb88,9969c33a-635b-b04f-6dc6-216371e8cf74,59621000,Essential hypertension (disorder)
1974-09-30,,01224c63-a3a1-a31d-cf2c-82d1b2d11e7f,a0e25664-5623-5b45-798a-d5a7d199b472,59621000,Essential hypertension (disorder)
1988-06-05,,f6017c92-e8c9-7375-5823-ecc67ae05c90,79638981-b774-ca34-7665-eaabf407f8fc,59621000,Essential hypertension (disorder)
2015-12-06,,6aea6216-1b31-9f64-eb91-b4f6598e9e46,5d99cd8c-56d5-f6cd-c411-11ab6803b46d,59621000,Essential hypertension (disorder)
1965-01-12,,323c4ae8-5664-3bf9-7ca9-3706e1787370,4bf80157-972f-8249-bd9c-c9a4cea7b78c,59621000,Essential hypertension (disorder)
1984-08-03,,1dd06e86-c45a-6c1e-90cf-22f2d9edd812,3a76355a-1a20-57a8-f2dc-eb8a13e74c71,59621000,Essential hypertension (disorder)
2001-07-11,,79b48236-193b-8d5c-e3ab-b376a4ea84e7,a4c082f2-5c78-02dd-b127-c3e96f68a9af,59621000,Essential hypertension (disorder)
1981-12-31,,e024316a-0d9d-68d8-7803-1b3b54409524,b4470bce-c1fc-2169-c073-21c642cf4e12,59621000,Essential hypertension (disorder)
1984-10-29,,e516bc3f-87a2-67ac-6244-a6f086fe936e,dcc98a29-4cb8-b622-b8a6-804d54aaa210,59621000,Essential hypertension (disorder)
1974-02-07,,f4035886-dc00-4fd5-40ed-e44a6584373a,0dfc1b73-9b60-144d-e2c9-f43e7435a0ca,59621000,Essential hypertension (disorder)
1998-09-03,,9307f532-dcb0-d2f4-3764-64b2b89d0184,2513ec83-7bac-4fe1-2706-155c94658221,59621000,Essential hypertension (disorder)
1997-01-14,,7dd341e4-504f-86ee-ddfb-f1a6b9089c0c,76879b2c-13b3-e4e9-2ccd-b5624576f0c1,59621000,Essential hypertension (disorder)
2012-01-24,,324b5bb8-9515-f91e-a350-4959465fa1a7,340d9c20-fee3-0dc1-daee-c2e7c1b7cc4b,59621000,Essential hypertension (disorder)
2024-10-19,,eb6f9890-b9af-01ea-a1ed-208b371ef895,a2c0f984-6af2-238b-37b6-24fb95496af5,59621000,Essential hypertension (disorder)
2022-11-18,,f6d96ad0-c815-ee9b-7d28-41a426b71027,4afab2ba-316c-7248-80e6-51f018b953df,59621000,Essential hypertension (disorder)
1973-05-31,,d3c13b6a-07d5-1872-ea4e-ade15d49864e,364de252-17cb-3035-a514-5597f4949960,59621000,Essential hypertension (disorder)
1975-09-17,,6a844bd1-a44e-8b77-6e8a-f03af99f747c,96cd0c07-a1b3-83fa-af6d-4e7646297cbe,59621000,Essential hypertension (disorder)
2001-02-07,,967f89f2-79e0-9f00-4a31-48e49c29a6f0,add37f58-0e3a-1b00-39de-eebb9c60dfd5,59621000,Essential hypertension (disorder)
1992-04-05,,87289a40-cff9-3a2a-47ad-a177c781db78,c8f58efc-9929-e65e-dd3c-fc98dda003b0,59621000,Essential hypertension (disorder)
1956-04-14,,d8272dc0-2a01-8a8f-376f-b2e137b6d0af,ea3430c2-1940-fdde-d32b-21d5f839e05d,59621000,Essential hypertension (disorder)
1952-04-25,,846cd306-cdda-1496-e4d0-6eae818bac4f,9a8f71fe-26b9-aeaf-ffe1-04f4840a02ca,59621000,Essential hypertension (disorder)
1985-03-11,,6b659c94-cc70-cb14-7fdb-2579993a5dbf,44a6589f-6c64-cf86-bb54-3fe00e5aae4a,59621000,Essential hypertension (disorder)
1996-04-24,,09dc704f-edf9-ec72-65e7-5e9240ec5279,187dba4b-c551-8098-b1d3-c28689501683,59621000,Essential hypertension (disorder)
2001-05-11,,df25bf33-4283-7706-ce4d-9a1e865cec4d,7fb7b25e-bc6a-087d-6c05-c67791374ec7,59621000,Essential hypertension (disorder)
2019-11-02,,c9351e58-3e27-ad2d-afc5-3c033f7c5dbd,117d006e-0171-faf8-689e-469d3b1803f3,59621000,Essential hypertension (disorder)
2011-08-07,,78fb3381-3a81-9a3b-2c5e-1e029cdffb91,a5e80e06-42f7-147a-122c-f5511c029a8f,59621000,Essential hypertension (disorder)
1988-01-11,,1cf9a883-9ed3-6aaa-16c7-bc0717ee71c3,37246b8c-51d1-2ad7-741e-4edbddd8af65,59621000,Essential hypertension (disorder)
1950-08-23,,328018f2-c3ad-feb0-9d34-b21643e18633,17efe2a4-c8ee-9db5-a710-50acff38a9e5,59621000,Essential hypertension (disorder)
1984-11-14,,25e8c084-5754-067b-20b3-347e58dddcd8,ac4096c4-5c25-2f79-ae06-313dd9eb4a4a,59621000,Essential hypertension (disorder)
2019-04-03,,324b01ce-93e6-e5b4-e1e2-ef64fe083f3c,52e68301-b218-57e9-3c9a-7abdd6d71438,59621000,Essential hypertension (disorder)
1979-09-15,,426e13aa-3672-1f24-6299-b7da463a63b6,c0472434-02b1-56df-8b3d-e5b74d9a1c9c,59621000,Essential hypertension (disorder)
1980-02-08,,14fae7b8-b440-22b2-1e17-0747c788f873,189fe40e-5f40-4e88-bc44-767c00b9cbb5,59621000,Essential hypertension (disorder)
2017-03-26,,7359e3d4-aaa9-dd8d-49a0-6a605bf4c688,848b451d-8438-1f79-164e-5c3e6fc8732f,59621000,Essential hypertension (disorder)
1999-12-07,,063856c0-6824-60ff-46be-d1a8a5586f3a,eceedf36-aa2c-8a7d-320d-ff8028867a7b,59621000,Essential hypertension (disorder)
2009-11-02,,3ae83fec-0cd4-5552-9239-e9395dced8a7,cb9a7e75-96c8-b5e9-996b-28ffdddc2b4d,59621000,Essential hypertension (disorder)
1997-11-01,,1bd01ebf-6572-a8ed-c758-46ea01ce38a4,da056bef-2409-0149-e600-4caa73773e39,59621000,Essential hypertension (disorder)
1992-05-21,,9c2c95c2-08e5-826d-0ef5-3612cc0da247,58d62cf8-1c12-890b-f778-aeece85f84eb,59621000,Essential hypertension (disorder)
1966-08-26,,12df3fb9-170d-8b7e-d46a-f03e9c45641b,352f089a-35c4-8a97-a48c-1c76fe7abe86,59621000,Essential hypertension (disorder)
2015-02-19,,55db4a21-9f1d-eb5e-0fc7-4ce18dcf3e57,35f81195-830b-cc7c-43e7-b5b18ddaa4a7,59621000,Essential hypertension (disorder)
1983-10-09,,590dae1d-df44-8d02-7049-a47873919887,17804e20-5e2d-4b40-cee0-f999a2542a0d,59621000,Essential hypertension (disorder)
2001-11-23,,462825c9-48da-cfba-c21f-70bbff1df9be,a6f65079-ab93-de0e-1742-9843e6e0e565,59621000,Essential hypertension (disorder)
1961-10-18,,bdaf983a-b962-7912-cbe8-d1753599c99a,d82e6800-ae97-e1c5-384d-73e78e4104d6,59621000,Essential hypertension (disorder)
1996-04-25,,fa1be145-7947-561e-145c-fcd9f23ce494,5cf869c7-8661-f6f9-35b2-7bd2cc79a8c8,59621000,Essential hypertension (disorder)
2015-12-11,,aa79717b-ecbb-cd46-ef9c-9f8e1834cc0b,aa501a5c-0571-9e0a-d688-df58e8ebc8ab,59621000,Essential hypertension (disorder)
2012-03-17,,dacc449c-c869-4270-082d-a3b64b80184e,c2de0d09-c3b2-bf12-741e-0fd10952527f,59621000,Essential hypertension (disorder)
2005-05-21,,0513dd83-ecfa-1c0a-3bd8-e1bb31e3b4fd,32baddde-ce7b-ea3a-3e87-a73e866bcea2,59621000,Essential hypertension (disorder)
1981-02-22,,435c3b5e-3930-9147-12b0-0c464a2566ca,05106d97-6797-0d11-3eda-ef659283b30f,59621000,Essential hypertension (disorder)
2014-09-28,,ea337d91-18b0-c7ed-0b7f-2be5301124b6,fd9f084f-3856-2610-ff68-6099f4b1a4a9,59621000,Essential hypertension (disorder)
1990-05-12,,5e7e1ab1-0d5c-16df-424f-ef9f565e1cbd,55c732bc-076c-5716-4fb5-ce77cc63ce5f,59621000,Essential hypertension (disorder)
2000-04-24,,bd0079c8-eef7-03c7-65a0-9c6dd54f5a1d,d1d77241-744b-1c01-0972-806354d19564,59621000,Essential hypertension (disorder)
1982-02-20,,1d3fa89b-cc59-a79a-9d9c-fb145699d8ab,f655d17e-e244-422d-dd86-741c7a942a47,59621000,Essential hypertension (disorder)
2008-12-31,,87b3b3ed-8b06-953e-cae7-4c33606f8b1a,3310cd96-3157-42b5-3337-46ce356cb575,59621000,Essential hypertension (disorder)
2018-10-19,,2f15fb42-a999-e4ea-8d3b-0c6a6b11cc1d,a85ab660-103f-9d4d-f3b8-e852cd67644b,59621000,Essential hypertension (disorder)
2003-11-12,,28fbc5ed-e8a4-555d-4f49-ca7811a1d04d,22946acf-24e1-340a-6312-fcd65f0054af,59621000,Essential hypertension (disorder)
