START,STOP,PATIENT,ENCOUNTER,CODE,DESCRIPTION,DISPENSES,REASONCODE,REASONDESCRIPTION
2004-08-27T23:46:58Z,,4101f661-68a5-c5d7-f077-7268e6ec5a92,5a9282dc-a5a6-e81f-2e83-a8f4c2d67bc7,313096,spironolactone 25 MG [Aldactone],59621000,Essential hypertension (disorder)
2002-06-19T02:32:05Z,,5325189f-a216-dc37-ab1b-e9cc431bc348,7da1f174-86f9-0fa8-5203-f3673e8fc8e3,197626,Doxazosin,59621000,Essential hypertension (disorder)
1991-01-02T03:52:39Z,,3d427152-2f48-4249-f1f1-d08783669f37,a54a5a7a-7163-4c81-51a7-3cfe7a547227,197626,Doxazosin,59621000,Essential hypertension (disorder)
1991-03-03T03:52:39Z,,3d427152-2f48-4249-f1f1-d08783669f37,4b748f74-37ae-b7d7-c1d0-f2c3337afc0e,3827,enalapril,59621000,Essential hypertension (disorder)
1991-05-02T03:52:39Z,,3d427152-2f48-4249-f1f1-d08783669f37,d274ef55-65aa-6e4e-1587-a6f0c85d514f,197361,amlodipine,59621000,Essential hypertension (disorder)
1939-01-22T15:40:05Z,,05038ed8-71ec-72f3-a96e-d46c0fdfe9a4,fd3fe079-2f60-9157-aa68-a847ee432298,197626,Doxazosin,59621000,Essential hypertension (disorder)
2008-09-03T08:33:05Z,,adcecf3a-7fb9-8e92-11f8-5bf942d82444,ac8b05fe-e866-488b-0634-5438cfc0d663,313096,spironolactone 25 MG [Aldactone],59621000,Essential hypertension (disorder)
2001-12-29T14:25:10Z,,bbb53e5c-9d8e-6357-7fe9-ca1e73aaa06d,ea0ebac1-c495-d301-1e64-002379d7a1c8,197626,Doxazosin,59621000,Essential hypertension (disorder)
2010-04-26T09:11:53Z,,7a910b4c-ff92-8b80-3bdf-636c361437df,4bb11e2a-0ee1-2ac8-cf3a-78ce813593fb,197626,Doxazosin,59621000,Essential hypertension (disorder)
2024-08-04T15:17:09Z,,e887e171-ec12-2c3c-3dcd-09cde8942acd,8437a62f-f1a3-9ff9-5f91-8791a8a41423,313096,spironolactone 25 MG [Aldactone],59621000,Essential hypertension (disorder)
2023-07-04T01:04:21Z,,3d102da1-4425-7de8-20af-7f32adaaa741,80b98fe8-875c-4641-ea01-36c3e85d9426,313096,spironolactone 25 MG [Aldactone],59621000,Essential hypertension (disorder)
1982-07-13T01:12:48Z,,4e66a690-c4b1-3344-1595-d96cafa74438,e323eb4a-98b0-e5b9-31db-f26f03189495,197626,Doxazosin,59621000,Essential hypertension (disorder)
2010-12-04T09:44:27Z,,2cc809ff-ed4e-c361-a7f5-94bfde55394f,a3bf5e2e-c441-27a9-b31e-b51d00b2c9ec,197626,Doxazosin,59621000,Essential hypertension (disorder)
2007-07-30T01:23:36Z,,1dd9f680-7a7c-ceb5-4bdc-be56eaa719a8,38d3e843-1a15-aec9-55c1-8017fe651a3e,313096,spironolactone 25 MG [Aldactone],59621000,Essential hypertension (disorder)
2007-09-28T01:23:36Z,,1dd9f680-7a7c-ceb5-4bdc-be56eaa719a8,3d7bb588-1d92-d217-eb50-be26914a1ffe,3827,enalapril,59621000,Essential hypertension (disorder)
2007-11-27T01:23:36Z,,1dd9f680-7a7c-ceb5-4bdc-be56eaa719a8,57f037b4-a42b-d158-ae12-48b2848986b7,197361,amlodipine,59621000,Essential hypertension (disorder)
2020-08-16T09:43:38Z,,3d905e54-3300-20dd-d54e-e1ffa88235ab,4f7dad09-5a0d-2513-a6e1-a845b25e2fca,313096,spironolactone 25 MG [Aldactone],59621000,Essential hypertension (disorder)
2020-10-15T09:43:38Z,,3d905e54-3300-20dd-d54e-e1ffa88235ab,3d687ee0-c155-5b22-ada0-0225a6cd7e1b,3827,enalapril,59621000,Essential hypertension (disorder)
2020-12-14T09:43:38Z,,3d905e54-3300-20dd-d54e-e1ffa88235ab,d727f172-af52-5a69-616a-d898626ad7d9,197361,amlodipine,59621000,Essential hypertension (disorder)
1977-07-05T14:37:23Z,,3c5b2e3b-2960-4179-0936-13f178637242,b8a7c056-865e-8411-d122-63dcdc586046,313096,spironolactone 25 MG [Aldactone],59621000,Essential hypertension (disorder)
2011-04-22T13:37:27Z,,40fed2f9-afa9-8d19-688e-ea301638a297,833dc4a8-b44f-54e1-8d9e-d78f343e59c8,197626,Doxazosin,59621000,Essential hypertension (disorder)
1976-07-09T06:55:45Z,,6bcb0f4d-1aa4-b117-1913-5daeab8c9108,cca549e4-f9e5-3088-337a-1b7fc77f49f5,197626,Doxazosin,59621000,Essential hypertension (disorder)
2011-02-16T20:26:27Z,,05721912-e945-a372-3835-665cb275d0c4,2c2974a7-b69f-7127-f54a-1537ac787306,197626,Doxazosin,59621000,Essential hypertension (disorder)
2004-05-06T22:30:06Z,,fa7c6c3f-f14e-f152-d0c0-e70d18df1ebe,4b777c99-f9d5-7e5c-7e88-833b4302bbf3,313096,spironolactone 25 MG [Aldactone],59621000,Essential hypertension (disorder)
1971-02-28T12:21:50Z,,7d25427b-c32a-1f4f-444e-d9bb3928b7d2,bd39ba3a-867d-3b7f-bc6a-1e4f98af53f3,197626,Doxazosin,59621000,Essential hypertension (disorder)
1971-04-29T12:21:50Z,,7d25427b-c32a-1f4f-444e-d9bb3928b7d2,b48f97ce-097e-646f-c22a-281cb53518e1,3827,enalapril,59621000,Essential hypertension (disorder)
1971-06-28T12:21:50Z,,7d25427b-c32a-1f4f-444e-d9bb3928b7d2,1cb3cfcd-73d1-8cc5-cf2d-adb01b232192,197361,amlodipine,59621000,Essential hypertension (disorder)
1993-09-01T00:09:15Z,,bdc90130-e720-9524-10c2-27dd9c5774f5,e75552f8-1188-0c77-6a2d-3181ecaacf8b,313096,spironolactone 25 MG [Aldactone],59621000,Essential hypertension (disorder)
2007-12-07T19:57:16Z,,929ce49e-7221-a750-a911-679d20731a10,d52a9f91-b2f6-5fbd-920f-c5e706a7e480,313096,spironolactone 25 MG [Aldactone],59621000,Essential hypertension (disorder)
2008-08-07T11:34:48Z,,a0c3d6ae-9f6e-5031-f8d5-b435f9bda7c3,b391caa6-245a-93ca-e40d-0eaa3505328c,197626,Doxazosin,59621000,Essential hypertension (disorder)
1994-01-22T05:45:15Z,,b0f7a05a-b519-2bff-df69-fb5258b7f0d2,812186a8-3557-7e25-e2f3-800ce8bf98ca,197626,Doxazosin,59621000,Essential hypertension (disorder)
1994-03-23T05:45:15Z,,b0f7a05a-b519-2bff-df69-fb5258b7f0d2,290367c0-16e6-ed27-3416-ac44b40a37d7,3827,enalapril,59621000,Essential hypertension (disorder)
1994-05-22T05:45:15Z,,b0f7a05a-b519-2bff-df69-fb5258b7f0d2,4f745668-a2a7-6646-60b9-c23892843b04,197361,amlodipine,59621000,Essential hypertension (disorder)
2024-12-03T23:43:43Z,,d1dca2b3-532f-3fd7-3c8f-a2e867cb1d94,ba2cb805-8819-e620-81ad-df1f9a4341a5,313096,spironolactone 25 MG [Aldactone],59621000,Essential hypertension (disorder)
1997-02-17T15:09:52Z,,ef3f4624-7417-9b08-83ea-2ae29c497350,9c6396b8-0af4-b2b0-4b70-ed1b0e602119,313096,spironolactone 25 MG [Aldactone],59621000,Essential hypertension (disorder)
2008-11-14T08:07:04Z,,25bef39b-c8e8-f017-2f12-34ce21e356ad,5669c5e9-f30a-adb8-ec8a-35a96020b9ea,197626,Doxazosin,59621000,Essential hypertension (disorder)
1984-06-04T23:22:06Z,,be816a4f-9d26-5e10-bc53-7d2a1520ce9e,8f650f74-34c7-d295-c20f-fcbcc89b25ff,197626,Doxazosin,59621000,Essential hypertension (disorder)
1978-03-16T06:38:15Z,,14f77aa9-bfc1-9d58-7062-7079d74e1850,77cf2766-4cb9-fe69-c9db-e71dc2b81b40,197626,Doxazosin,59621000,Essential hypertension (disorder)
2020-07-25T23:36:30Z,,1a1961fb-f4b1-9aae-811a-4d31974f2b42,0d80ee2c-e1d9-0dfc-3fb9-27218370bf2a,313096,spironolactone 25 MG [Aldactone],59621000,Essential hypertension (disorder)
2020-09-23T23:36:30Z,,1a1961fb-f4b1-9aae-811a-4d31974f2b42,b151a236-b75e-3d93-41a7-6bfd8bc62b7a,3827,enalapril,59621000,Essential hypertension (disorder)
2020-11-22T23:36:30Z,,1a1961fb-f4b1-9aae-811a-4d31974f2b42,4aee9436-9583-e655-4b00-f9c1f1fcb6e1,197361,amlodipine,59621000,Essential hypertension (disorder)
1990-08-06T05:01:55Z,,8971e60e-295c-1483-b540-a4331e33bc0c,cdca9977-e1fa-b196-2f4e-458d77ffb526,197626,Doxazosin,59621000,Essential hypertension (disorder)
2012-09-14T21:55:37Z,,488eba15-396a-8cfe-3a41-79a3e1496b91,5652cdad-6cfb-e7ea-8440-b0807813285b,197626,Doxazosin,59621000,Essential hypertension (disorder)
2004-07-15T21:45:28Z,,4c17d814-b752-67fe-6d9c-e9b7d11e6caf,1cab342b-8a01-3fb4-d41b-4936f644531b,197626,Doxazosin,59621000,Essential hypertension (disorder)
2006-06-11T03:03:25Z,,5481eb17-bec8-5da8-46ac-2cd3ab4e2768,fd7b7f87-cdb0-7f19-10a6-1f28e2acf56b,313096,spironolactone 25 MG [Aldactone],59621000,Essential hypertension (disorder)
1993-05-07T09:50:50Z,,5845e601-613e-9be3-e0b9-87ac9bf77301,9a65cba8-894f-be09-9f90-40eee168d4a9,313096,spironolactone 25 MG [Aldactone],59621000,Essential hypertension (disorder)
2013-08-19T21:39:23Z,,3881aff1-232d-fee5-b36c-d56e48fada14,603d8f20-19bc-9fe5-61a2-e63d7dec80d7,313096,spironolactone 25 MG [Aldactone],59621000,Essential hypertension (disorder)
2008-04-06T20:22:51Z,,46275334-04d2-c89b-da27-50aa8c6780f4,2a5a9984-062d-39e7-b542-be0030f6eee5,197626,Doxazosin,59621000,Essential hypertension (disorder)
2008-06-05T20:22:51Z,,46275334-04d2-c89b-da27-50aa8c6780f4,cdcf61e3-b848-fdce-d574-c21e12f038ba,3827,enalapril,59621000,Essential hypertension (disorder)
2008-08-04T20:22:51Z,,46275334-04d2-c89b-da27-50aa8c6780f4,90057720-197d-c1d7-867d-cdad37db02c0,197361,amlodipine,59621000,Essential hypertension (disorder)
1980-06-10T04:33:40Z,,f5ef85bd-2e03-009a-bac4-a2233b37b9e9,4adda29e-b3e4-5ad3-dc30-3da4250880b3,313096,spironolactone 25 MG [Aldactone],59621000,Essential hypertension (disorder)
1980-08-09T04:33:40Z,,f5ef85bd-2e03-009a-bac4-a2233b37b9e9,ed42a653-5e2a-1e29-783b-a1de8420fbb5,3827,enalapril,59621000,Essential hypertension (disorder)
1980-10-08T04:33:40Z,,f5ef85bd-2e03-009a-bac4-a2233b37b9e9,501aabcd-5a1b-1694-7be9-a3de215aaa88,197361,amlodipine,59621000,Essential hypertension (disorder)
1969-06-12T17:44:21Z,,f723e8b6-57ea-b179-2cd5-24659d372332,917f7a1c-8476-f959-8b7e-607e9b5246b8,313096,spironolactone 25 MG [Aldactone],59621000,Essential hypertension (disorder)
2004-04-02T04:40:03Z,,4ce6eea2-b1ab-02a4-76dc-3d39c92334bc,37182e62-f01a-a176-c7e9-73883e45da17,197626,Doxazosin,59621000,Essential hypertension (disorder)
2004-06-01T04:40:03Z,,4ce6eea2-b1ab-02a4-76dc-3d39c92334bc,efda1558-8c92-89ea-55d6-913f54dd8020,3827,enalapril,59621000,Essential hypertension (disorder)
2004-07-31T04:40:03Z,,4ce6eea2-b1ab-02a4-76dc-3d39c92334bc,1dcfeccb-37ae-5bdf-df6d-24e54fb3ada3,197361,amlodipine,59621000,Essential hypertension (disorder)
1985-03-21T10:36:22Z,,1c68cc25-c461-1fbc-1f62-1e2ee479c3e4,c3d00ae8-1268-e031-f64e-e9b20ec5d224,197626,Doxazosin,59621000,Essential hypertension (disorder)
2023-04-26T17:34:15Z,,b38faf62-19c4-586d-5d68-8ba5196f73e3,42bffb8d-b15c-1bb6-bff4-64bad54f284f,313096,spironolactone 25 MG [Aldactone],59621000,Essential hypertension (disorder)
1963-10-19T01:43:30Z,,b5508f65-b8c0-d302-54a2-bf961081d54c,6bc6498c-28e4-40ac-609f-bfab02bcc1c8,197626,Doxazosin,59621000,Essential hypertension (disorder)
2018-10-30T12:54:40Z,,1586ccb1-7f66-4e3f-309b-f4125b3068ce,df62e78b-7085-7749-d9cf-853f7e9fb137,313096,spironolactone 25 MG [Aldactone],59621000,Essential hypertension (disorder)
1985-06-03T17:12:26Z,,48fe076b-9906-2204-0040-4a2cd27db476,8dcfd260-b0aa-261b-1b5d-d88723580784,313096,spironolactone 25 MG [Aldactone],59621000,Essential hypertension (disorder)
1989-05-14T02:05:13Z,,351ade76-760c-ae22-f025-b967ba5ab806,7f0396c4-7ac2-9161-e9e4-87e69b580774,197626,Doxazosin,59621000,Essential hypertension (disorder)
2014-02-12T18:56:38Z,,e6ad74ff-c49a-7f19-f16f-7954e92b2b0d,5a07bceb-c8a6-dc33-0ef2-206e6472646e,197626,Doxazosin,59621000,Essential hypertension (disorder)
2021-10-29T06:42:16Z,,1a216477-82f1-b86e-b400-e7162960eeb2,02366e83-901b-6417-3d31-24efee400336,197626,Doxazosin,59621000,Essential hypertension (disorder)
2021-12-28T06:42:16Z,,1a216477-82f1-b86e-b400-e7162960eeb2,90513588-14d6-edc5-a934-e8f01b230fcb,3827,enalapril,59621000,Essential hypertension (disorder)
2022-02-26T06:42:16Z,,1a216477-82f1-b86e-b400-e7162960eeb2,1ac63b81-fad0-38c7-cef6-4f7dcc634be6,197361,amlodipine,59621000,Essential hypertension (disorder)
1997-04-07T13:19:24Z,,a0d46f42-76b4-8499-625e-cb737fc4ba0a,365f621d-603f-c097-511c-71d9a0e8dbbd,197626,Doxazosin,59621000,Essential hypertension (disorder)
1963-07-05T18:16:01Z,,fcc29283-6a13-b857-28a0-d7f004944e71,9fffc7e0-bd89-00e3-f69f-4b3b097d2d4e,197626,Doxazosin,59621000,Essential hypertension (disorder)
1998-09-14T03:58:36Z,,0972ac7d-02ca-bb45-9c0a-fc2be0d290df,d599b903-cf3e-9be7-d676-bed6f360e40e,313096,spironolactone 25 MG [Aldactone],59621000,Essential hypertension (disorder)
1990-02-13T15:03:24Z,,5a65e7b0-24df-fd70-524d-05fbe34e8361,26a7c6a5-d11b-22dc-ab47-6a1583bc58e9,313096,spironolactone 25 MG [Aldactone],59621000,Essential hypertension (disorder)
1994-04-19T07:18:16Z,,5b2d5e37-0deb-1113-3077-bf6aa2020da8,6df955f1-0e79-9165-8243-807dfd4b76d1,197626,Doxazosin,59621000,Essential hypertension (disorder)
1949-10-22T14:14:35Z,,77ae4aea-dbb3-8374-2d6c-96b767731278,ee07d8d4-a234-8c52-0917-9e477d90d54c,313096,spironolactone 25 MG [Aldactone],59621000,Essential hypertension (disorder)
1949-12-21T14:14:35Z,,77ae4aea-dbb3-8374-2d6c-96b767731278,46138b11-0de3-93b5-3cc7-38a8c9b853b7,3827,enalapril,59621000,Essential hypertension (disorder)
1950-02-19T14:14:35Z,,77ae4aea-dbb3-8374-2d6c-96b767731278,27321c76-9a33-41ea-cb6e-69e2a0bee489,197361,amlodipine,59621000,Essential hypertension (disorder)
1987-11-26T20:01:34Z,,e5c0db48-c537-7242-bd9c-5b5efa863d10,e51985cf-ed6f-8ecd-b220-e99b7bdc4160,197626,Doxazosin,59621000,Essential hypertension (disorder)
2014-06-25T10:48:31Z,,8b668291-80eb-4766-4e7a-36902bb5ec39,6d3f847a-6da6-8fe9-96aa-7cbfe7f0b437,197626,Doxazosin,59621000,Essential hypertension (disorder)
2006-10-07T15:49:54Z,,e471478b-6c07-1d93-0665-b5ca0bd14a35,2dcd051c-dbb5-9e5a-a0b2-0370f538619e,313096,spironolactone 25 MG [Aldactone],59621000,Essential hypertension (disorder)
1990-07-27T03:28:10Z,,ae3b6874-6456-25a4-d712-46a17eb4bc5e,1ab55ae5-2622-a5d1-0dbc-9269c76fbbbb,313096,spironolactone 25 MG [Aldactone],59621000,Essential hypertension (disorder)
1988-10-09T17:50:56Z,,1c6a0b3c-57fc-5eac-c551-541e0eb674f0,8a37372f-aabd-338f-d5c6-162b49aabd17,197626,Doxazosin,59621000,Essential hypertension (disorder)
2018-04-24T08:53:19Z,,970b255f-efc3-fd8f-7f91-92b4aeba6dbc,5b3f3a97-5fbf-cabc-7827-032c0ff9f221,313096,spironolactone 25 MG [Aldactone],59621000,Essential hypertension (disorder)
2014-06-30T15:34:07Z,,d250215b-5c15-4aac-ba48-2c592b9cede5,363acc0a-5fec-5483-3a80-f53ff4f4e4d9,313096,spironolactone 25 MG [Aldactone],59621000,Essential hypertension (disorder)
1976-11-25T02:52:46Z,,7cc6a935-9e17-d4ce-c651-a3a82fc746fa,a2330dcd-bdd6-a4a4-65fc-cf1a881a3e3c,313096,spironolactone 25 MG [Aldactone],59621000,Essential hypertension (disorder)
2013-03-27T17:25:42Z,,4282bad2-bbe0-8a73-4362-09bbd32e952d,357ee247-2c11-7ab6-969a-92d9a94311fe,313096,spironolactone 25 MG [Aldactone],59621000,Essential hypertension (disorder)
2008-07-12T07:00:01Z,,e674144c-c535-7dfc-7090-a678d114c919,5833524d-4e39-dadb-3a86-1e8c941b48db,197626,Doxazosin,59621000,Essential hypertension (disorder)
2008-09-10T07:00:01Z,,e674144c-c535-7dfc-7090-a678d114c919,cbeb9254-1dc7-e681-e23b-2ce1a0933105,3827,enalapril,59621000,Essential hypertension (disorder)
2008-11-09T07:00:01Z,,e674144c-c535-7dfc-7090-a678d114c919,4f34278f-a97a-7c29-bbab-fd1d33c16499,197361,amlodipine,59621000,Essential hypertension (disorder)
1977-03-14T20:11:34Z,,3241b164-40ba-a4df-a847-067873affa7a,483b6215-0cb9-f27a-5848-4075972e0da2,197626,Doxazosin,59621000,Essential hypertension (disorder)
2024-12-19T06:23:15Z,,0db1e1d1-9bc3-8132-8017-15e77fd51ad5,3fe61de6-3320-d28f-5476-849e66a1824c,197626,Doxazosin,59621000,Essential hypertension (disorder)
1953-05-31T11:44:17Z,,89388f6d-969d-ef23-e0ec-c36f2ecd2cd1,96127c33-c6ed-7eda-3c15-e0215a0c4f7d,313096,spironolactone 25 MG [Aldactone],59621000,Essential hypertension (disorder)
2004-06-24T10:43:56Z,,a7d10351-1c41-3983-4534-8cc9c06c927d,20b9f1d2-6176-4bb8-6325-8e398ecf8ef4,197626,Doxazosin,59621000,Essential hypertension (disorder)
1977-06-26T13:17:26Z,,d7809753-a2c7-bc19-5275-ff86e0671695,a638c743-ca9f-13ec-3f15-11d12eb95907,197626,Doxazosin,59621000,Essential hypertension (disorder)
1986-10-04T14:32:30Z,,5ecd16dc-c924-df33-4986-b7987ad47f28,a90ef5e8-0dcc-a0e8-67e3-6ec0b3f95710,197626,Doxazosin,59621000,Essential hypertension (disorder)
1997-05-18T17:05:25Z,,49a694a5-3a66-bf28-9478-6708f491c661,999748ee-ce4d-f909-6582-945941f82214,197626,Doxazosin,59621000,Essential hypertension (disorder)
1997-07-17T17:05:25Z,,49a694a5-3a66-bf28-9478-6708f491c661,2546bf5f-0b12-dc61-f5ca-e0ea70bced60,3827,enalapril,59621000,Essential hypertension (disorder)
1997-09-15T17:05:25Z,,49a694a5-3a66-bf28-9478-6708f491c661,31caf831-7d0f-b689-1eb6-b060566ec611,197361,amlodipine,59621000,Essential hypertension (disorder)
1959-01-06T10:29:00Z,,1c889e8b-f305-ec7f-5ec5-15b484784c03,937a586c-e3b7-2b16-3272-8617e4c0a441,313096,spironolactone 25 MG [Aldactone],59621000,Essential hypertension (disorder)
1959-03-07T10:29:00Z,,1c889e8b-f305-ec7f-5ec5-15b484784c03,22c856e4-9612-a06e-d3a4-e7a1e5df4b4d,3827,enalapril,59621000,Essential hypertension (disorder)
1959-05-06T10:29:00Z,,1c889e8b-f305-ec7f-5ec5-15b484784c03,afd46926-46a0-a8e1-18a3-bea7051b888b,197361,amlodipine,59621000,Essential hypertension (disorder)
2014-01-08T03:46:27Z,,c872a692-d087-08be-c6c2-27e4e0543f73,09240d60-4529-a6f9-7ee0-52778b538a2b,313096,spironolactone 25 MG [Aldactone],59621000,Essential hypertension (disorder)
2019-07-18T02:02:06Z,,a11431c6-d018-c323-a438-8f88f7e45b13,bb8b1ed9-4a36-cc62-4269-0498bb10a8ac,313096,spironolactone 25 MG [Aldactone],59621000,Essential hypertension (disorder)
2000-03-15T14:10:53Z,,a46dfea0-4bba-7624-d9d0-c39bc2f021d4,1d5cde21-d25b-aea6-8c10-777f49075f5e,197626,Doxazosin,59621000,Essential hypertension (disorder)
2000-05-14T14:10:53Z,,a46dfea0-4bba-7624-d9d0-c39bc2f021d4,16039223-c473-c32a-b5cb-867ff51d014c,3827,enalapril,59621000,Essential hypertension (disorder)
2000-07-13T14:10:53Z,,a46dfea0-4bba-7624-d9d0-c39bc2f021d4,46108a34-9ebc-7d90-9f27-efad6921c304,197361,amlodipine,59621000,Essential hypertension (disorder)
1976-02-28T07:20:08Z,,bcb43e96-f095-9428-cd28-d8fe76b81149,732310d5-2dbe-bc84-59dd-f996079f42bc,197626,Doxazosin,59621000,Essential hypertension (disorder)
1981-06-30T03:55:35Z,,653fc3ae-3876-61ee-6cb9-05a5ee851633,4d33d2fe-a198-203f-31fa-11ab96a50af8,313096,spironolactone 25 MG [Aldactone],59621000,Essential hypertension (disorder)
1981-08-29T03:55:35Z,,653fc3ae-3876-61ee-6cb9-05a5ee851633,3674a859-dd28-17dc-d829-3e1046551be0,3827,enalapril,59621000,Essential hypertension (disorder)
1981-10-28T03:55:35Z,,653fc3ae-3876-61ee-6cb9-05a5ee851633,80fda7ec-5b1d-c253-d9ae-8e43b02e16aa,197361,amlodipine,59621000,Essential hypertension (disorder)
1970-07-07T10:00:03Z,,9de6d4c7-d068-1d0f-aa31-ae3d722c56a8,d303c963-dc11-f8b3-1695-e4ede2deef5c,313096,spironolactone 25 MG [Aldactone],59621000,Essential hypertension (disorder)
1970-09-05T10:00:03Z,,9de6d4c7-d068-1d0f-aa31-ae3d722c56a8,12fa9b9f-fb5e-c933-fc69-2eaf0346f85f,1091646,Azilsartan,59621000,Essential hypertension (disorder)
1959-05-02T01:41:43Z,,507bb04b-41ae-a6f8-6bc4-f8806345df07,4af8c400-6565-c964-dbd9-009500113378,313096,spironolactone 25 MG [Aldactone],59621000,Essential hypertension (disorder)
2017-11-17T03:39:15Z,,7437002c-05b7-f012-813a-09a6f949e2fb,66f3e0fc-64a8-7a48-a7f0-a436e748ab2c,197626,Doxazosin,59621000,Essential hypertension (disorder)
2018-01-16T03:39:15Z,,7437002c-05b7-f012-813a-09a6f949e2fb,1e41b957-4a69-a620-bcf7-0eb1b75ee8c6,3827,enalapril,59621000,Essential hypertension (disorder)
2018-03-17T03:39:15Z,,7437002c-05b7-f012-813a-09a6f949e2fb,3986f495-c2fb-1b80-c29a-b80aad3ceb44,197361,amlodipine,59621000,Essential hypertension (disorder)
1951-11-22T16:41:16Z,,e266dcf8-81b3-e407-987b-ce8719107cb8,4a4a7ebe-e2f4-401a-1854-bca3031949b5,197626,Doxazosin,59621000,Essential hypertension (disorder)
2020-10-30T21:07:56Z,,cf843a48-1d03-f94a-8e7f-a03ccb64a485,05f53957-4c84-39eb-94d1-adbaddf1e6b8,197626,Doxazosin,59621000,Essential hypertension (disorder)
2000-05-15T13:32:17Z,,eed547bf-e608-0c38-0f4c-4cda699bc07e,f0cd86f0-ee7c-2842-c7b5-24a15cfcefe7,313096,spironolactone 25 MG [Aldactone],59621000,Essential hypertension (disorder)
2000-07-14T13:32:17Z,,eed547bf-e608-0c38-0f4c-4cda699bc07e,43101a96-0b04-4d0a-0baa-3f43b96e9512,3827,enalapril,59621000,Essential hypertension (disorder)
2000-09-12T13:32:17Z,,eed547bf-e608-0c38-0f4c-4cda699bc07e,653aa662-6270-9a24-9199-b482792f4c4b,197361,amlodipine,59621000,Essential hypertension (disorder)
2004-01-04T19:36:36Z,,8f26c06a-4467-7794-73cc-daa717c2f219,9589e36b-6acc-cbc6-c02b-2defd193d04a,313096,spironolactone 25 MG [Aldactone],59621000,Essential hypertension (disorder)
2000-07-12T01:28:46Z,,f69dac8a-7bf4-40d3-38a5-21e7403d6a8d,8f9bdd19-6830-9653-9589-661745be4390,313096,spironolactone 25 MG [Aldactone],59621000,Essential hypertension (disorder)
2000-09-10T01:28:46Z,,f69dac8a-7bf4-40d3-38a5-21e7403d6a8d,7f7a565b-e0bb-4b85-3c8e-b2b53ba7eeec,3827,enalapril,59621000,Essential hypertension (disorder)
2000-11-09T01:28:46Z,,f69dac8a-7bf4-40d3-38a5-21e7403d6a8d,fcb8ff3a-8557-3e9c-2908-3a4ac0fa1743,197361,amlodipine,59621000,Essential hypertension (disorder)
1994-03-18T11:19:53Z,,ce1e9390-2f07-87d3-8a49-c0dc015f8fd7,0c761bf6-aff8-1ea4-c365-7b0155a37f3d,197626,Doxazosin,59621000,Essential hypertension (disorder)
1994-05-17T11:19:53Z,,ce1e9390-2f07-87d3-8a49-c0dc015f8fd7,f0caef37-d913-ba12-023c-c733594eb05a,1091646,Azilsartan,59621000,Essential hypertension (disorder)
2004-11-27T10:21:36Z,,a7fac741-1b84-476d-e61b-7cb31fd92cb2,93b39281-0d99-9302-7491-bd69312a4f8f,313096,spironolactone 25 MG [Aldactone],59621000,Essential hypertension (disorder)
2005-01-26T10:21:36Z,,a7fac741-1b84-476d-e61b-7cb31fd92cb2,7ad1c6d1-2dfe-3261-6b32-a57fe638deb3,3827,enalapril,59621000,Essential hypertension (disorder)
2005-03-27T10:21:36Z,,a7fac741-1b84-476d-e61b-7cb31fd92cb2,45e6e463-4f47-969f-8e28-f42a4efe663d,197361,amlodipine,59621000,Essential hypertension (disorder)
2003-02-10T12:43:18Z,,11acc029-311e-fee4-8769-5ab76208865d,931dbad2-f567-75a4-eae0-15d5f6d125ac,197626,Doxazosin,59621000,Essential hypertension (disorder)
1983-01-18T03:18:17Z,,a297dc5c-9628-60bf-f17b-87e30d3ce49a,242917a4-c114-0687-c839-97974b9636d8,197626,Doxazosin,59621000,Essential hypertension (disorder)
1991-11-29T21:10:06Z,,7f37bb9f-f3ac-bbeb-3147-9a50cbf591ee,ee3c6e02-8bde-fcfa-bbfb-67597857df28,197626,Doxazosin,59621000,Essential hypertension (disorder)
2019-09-14T08:48:36Z,,a6395e12-b8ff-e64c-7f5c-775c241b6fab,3885abd0-d115-d1f9-7e46-c26d42ae934c,197626,Doxazosin,59621000,Essential hypertension (disorder)
2008-02-13T09:29:48Z,,7ea5b8f6-cad3-773e-5f6d-8dccf82e549e,0fe68d4c-a10f-8a97-f5a6-8d26014bd0a0,313096,spironolactone 25 MG [Aldactone],59621000,Essential hypertension (disorder)
2008-04-13T09:29:48Z,,7ea5b8f6-cad3-773e-5f6d-8dccf82e549e,e11e1542-90cb-e9d6-0673-8ebf1126335f,3827,enalapril,59621000,Essential hypertension (disorder)
2008-06-12T09:29:48Z,,7ea5b8f6-cad3-773e-5f6d-8dccf82e549e,0696b33c-1607-49b4-654e-e94a6732e2e2,197361,amlodipine,59621000,Essential hypertension (disorder)
1987-05-08T11:58:18Z,,dcbe9e43-bde0-cda0-f60b-dc6a98f5985f,fab92878-a4ff-2095-9607-031ba0532f47,197626,Doxazosin,59621000,Essential hypertension (disorder)
1996-05-11T14:07:35Z,,3dbf1e3a-3129-fc22-220d-1385aa97fe49,9c3d9226-324b-9292-064d-073a11ff3dc0,313096,spironolactone 25 MG [Aldactone],59621000,Essential hypertension (disorder)
1996-07-10T14:07:35Z,,3dbf1e3a-3129-fc22-220d-1385aa97fe49,526ffd4e-88ba-0188-599f-aa6191f51566,3827,enalapril,59621000,Essential hypertension (disorder)
1996-09-08T14:07:35Z,,3dbf1e3a-3129-fc22-220d-1385aa97fe49,868b714b-c708-ed5f-acf9-dc24c1eee3c8,197361,amlodipine,59621000,Essential hypertension (disorder)
2014-02-19T08:13:53Z,,4b39cf01-481b-b8fe-3d89-2779f4979632,da5c12a4-c406-293d-913e-ac1c0adea553,197626,Doxazosin,59621000,Essential hypertension (disorder)
2014-04-20T08:13:53Z,,4b39cf01-481b-b8fe-3d89-2779f4979632,1ad54664-c861-0953-37cb-8d31af06d001,3827,enalapril,59621000,Essential hypertension (disorder)
2014-06-19T08:13:53Z,,4b39cf01-481b-b8fe-3d89-2779f4979632,cfc13419-38a8-6d7f-9730-f09182bf9a0a,197361,amlodipine,59621000,Essential hypertension (disorder)
1984-06-23T18:15:52Z,,da019b95-54a4-116b-080c-7e6b00c3553f,dfa64e2f-32f2-e0f9-8d68-bebb2d0f6eb8,197626,Doxazosin,59621000,Essential hypertension (disorder)
2015-11-24T08:03:17Z,,3e767658-83c3-192e-2f36-de84420e4999,4049f8bd-d8ce-fb4c-049d-bb17e13274c9,197626,Doxazosin,59621000,Essential hypertension (disorder)
1980-08-18T14:29:09Z,,dbaa0539-dc0b-99e3-5b88-52e7641a5176,45ebb1ca-1064-531f-ad6e-b3d2118f81ce,197626,Doxazosin,59621000,Essential hypertension (disorder)
1999-06-27T23:22:44Z,,41c4c8dd-0e70-2d7f-e18f-e81839da64fd,1e5c4ee1-4e15-6316-58a5-e03d883b521d,197626,Doxazosin,59621000,Essential hypertension (disorder)
1999-08-26T23:22:44Z,,41c4c8dd-0e70-2d7f-e18f-e81839da64fd,30b9738b-ebb7-455d-476e-2c89aa0cb3e6,3827,enalapril,59621000,Essential hypertension (disorder)
1999-10-25T23:22:44Z,,41c4c8dd-0e70-2d7f-e18f-e81839da64fd,c9caf467-69df-628f-0009-af0bae565077,197361,amlodipine,59621000,Essential hypertension (disorder)
2018-10-06T22:24:23Z,,63810751-116d-7e82-f47b-86ed0e5ede89,791fdb29-9cb7-7ae3-203f-88514a758ec5,197626,Doxazosin,59621000,Essential hypertension (disorder)
2018-12-05T22:24:23Z,,63810751-116d-7e82-f47b-86ed0e5ede89,9528358a-e08f-d9cc-09b1-32a56f17bd9a,197361,amlodipine,59621000,Essential hypertension (disorder)
2019-02-03T22:24:23Z,,63810751-116d-7e82-f47b-86ed0e5ede89,92762343-f728-f0ed-0f6f-4543117b6a30,3827,enalapril,59621000,Essential hypertension (disorder)
1965-03-22T17:58:32Z,,41a68eac-27c4-5f4a-6ef4-1afa6aa1467f,023d3183-4345-4db8-a218-0800d437dde7,197626,Doxazosin,59621000,Essential hypertension (disorder)
1965-05-21T17:58:32Z,,41a68eac-27c4-5f4a-6ef4-1afa6aa1467f,027479f2-3334-01eb-ba7c-44765ceeb65b,3827,enalapril,59621000,Essential hypertension (disorder)
1965-07-20T17:58:32Z,,41a68eac-27c4-5f4a-6ef4-1afa6aa1467f,92b64ed3-e88d-fbe0-8610-9010b8feb57a,197361,amlodipine,59621000,Essential hypertension (disorder)
2001-06-23T13:21:42Z,,7bd49a57-3f30-280b-15e7-5c8bd9226d40,76014990-1d9f-9e94-48cc-65e008b984cd,197626,Doxazosin,59621000,Essential hypertension (disorder)
2000-11-05T19:10:53Z,,58c166e9-1532-9c8b-2b2a-e8ca0d61e7b0,fb7101aa-331a-4c1a-a273-0f290760337b,197626,Doxazosin,59621000,Essential hypertension (disorder)
2001-01-04T19:10:53Z,,58c166e9-1532-9c8b-2b2a-e8ca0d61e7b0,2d3a48bf-a9e0-e35c-8760-8d7cf754c488,3827,enalapril,59621000,Essential hypertension (disorder)
2001-03-05T19:10:53Z,,58c166e9-1532-9c8b-2b2a-e8ca0d61e7b0,969f1504-f459-c581-7f39-0bac4fa9dd15,197361,amlodipine,59621000,Essential hypertension (disorder)
2012-01-03T10:13:25Z,,373ee86e-07b1-a601-4dd9-49f204334640,bd1fcb59-6076-76c4-6502-4fbf4652cd57,313096,spironolactone 25 MG [Aldactone],59621000,Essential hypertension (disorder)
2012-03-03T10:13:25Z,,373ee86e-07b1-a601-4dd9-49f204334640,72d30175-c1a4-e94b-83c1-99715edc4392,3827,enalapril,59621000,Essential hypertension (disorder)
2012-05-02T10:13:25Z,,373ee86e-07b1-a601-4dd9-49f204334640,9b90cbc2-9f0e-234d-1c38-9e0574446648,197361,amlodipine,59621000,Essential hypertension (disorder)
1997-10-09T08:27:01Z,,2dd63cef-459d-b71d-1450-a6fa5e676ba3,78545c1d-03d2-70c3-4db8-7d2d62975db0,313096,spironolactone 25 MG [Aldactone],59621000,Essential hypertension (disorder)
1997-12-08T08:27:01Z,,2dd63cef-459d-b71d-1450-a6fa5e676ba3,5c172bdb-ff1b-2c1b-bf8e-bad119c81396,3827,enalapril,59621000,Essential hypertension (disorder)
1998-02-06T08:27:01Z,,2dd63cef-459d-b71d-1450-a6fa5e676ba3,33efc751-94ef-c771-abeb-e082ea4604ce,197361,amlodipine,59621000,Essential hypertension (disorder)
1962-04-17T22:10:59Z,,12c25178-5a2b-5b01-1eac-0c5b74ef7b0e,95bc2564-4cc1-d3a4-08c1-3d3419e561db,313096,spironolactone 25 MG [Aldactone],59621000,Essential hypertension (disorder)
1994-02-07T10:48:12Z,,2927b418-77ed-05f3-3152-737daf985c90,fdedb172-9818-7cfb-8053-91adc34e8393,313096,spironolactone 25 MG [Aldactone],59621000,Essential hypertension (disorder)
1994-04-08T10:48:12Z,,2927b418-77ed-05f3-3152-737daf985c90,3b5ef2b8-428d-1428-6939-3532d10d883a,3827,enalapril,59621000,Essential hypertension (disorder)
1994-06-07T10:48:12Z,,2927b418-77ed-05f3-3152-737daf985c90,f929fd0d-9328-783e-3ae8-2e09fdd8248c,197361,amlodipine,59621000,Essential hypertension (disorder)
1971-12-29T19:10:49Z,,e621be84-c013-7fa1-3129-f0efa20a83cc,883b750a-108f-0522-4b4c-89d50e30031d,313096,spironolactone 25 MG [Aldactone],59621000,Essential hypertension (disorder)
2023-03-01T10:57:10Z,,a65b3036-9eca-a5fa-a3dd-05e30ccc9996,a12bda75-e978-bd73-d259-d5aaf11f2143,313096,spironolactone 25 MG [Aldactone],59621000,Essential hypertension (disorder)
1996-09-10T17:48:58Z,,8c309911-29d0-ee21-a68e-0d59b42ea86b,3041fc23-35ab-63e8-d1a8-6acc1e84bedd,313096,spironolactone 25 MG [Aldactone],59621000,Essential hypertension (disorder)
2000-10-24T11:11:27Z,,1801390c-3856-e27d-0489-a8ebfd9e87ab,56a0c466-7512-d793-524e-9da4cd351db7,197626,Doxazosin,59621000,Essential hypertension (disorder)
2000-12-23T11:11:27Z,,1801390c-3856-e27d-0489-a8ebfd9e87ab,cbcd9072-1b65-82fe-e849-346b6ac2df63,3827,enalapril,59621000,Essential hypertension (disorder)
2001-02-21T11:11:27Z,,1801390c-3856-e27d-0489-a8ebfd9e87ab,0957f22f-3be9-be06-b372-44990b658d44,197361,amlodipine,59621000,Essential hypertension (disorder)
1973-06-04T12:38:28Z,,12005f20-baba-3087-e932-038aea832c8f,bc3a7528-55db-b884-0b8e-60aa0429f9ec,313096,spironolactone 25 MG [Aldactone],59621000,Essential hypertension (disorder)
2003-07-16T14:03:55Z,,74280409-79f9-7040-2420-8792b558de76,a22b8e45-b57e-6e59-a1ab-7d498c67e1f4,197626,Doxazosin,59621000,Essential hypertension (disorder)
2014-06-15T17:55:14Z,,55d50f6d-0329-2293-779e-ff2aeb4057ca,0a420410-21aa-82bd-493e-1189057b1b49,197626,Doxazosin,59621000,Essential hypertension (disorder)
1996-08-22T15:15:18Z,,81717a69-68b1-1860-4f37-6d4648300914,d52b23b9-47ec-0858-ce8c-0028af692599,197626,Doxazosin,59621000,Essential hypertension (disorder)
2022-05-08T04:51:19Z,,83eebdad-ac12-7055-6e02-09107fe3a981,8022348b-24be-21ff-5324-0d0b095e2819,197626,Doxazosin,59621000,Essential hypertension (disorder)
1975-08-09T22:51:03Z,,770dc4b5-cbaa-e455-f0d9-571ec99896c6,be2ff8de-b1e6-1e53-f6ee-3c29e114269f,313096,spironolactone 25 MG [Aldactone],59621000,Essential hypertension (disorder)
2021-03-22T23:23:10Z,,1ef2203c-1081-2418-02c3-6287a3912d69,a8063777-bb8a-5cbe-8b0c-c09061fa1b64,197626,Doxazosin,59621000,Essential hypertension (disorder)
1994-02-09T22:17:30Z,,2f7092d6-eef1-9940-3546-6a3f7d570cf2,b324b9e3-09ec-a7e1-f340-372224844174,197626,Doxazosin,59621000,Essential hypertension (disorder)
1987-02-14T19:12:50Z,,c0a11d1a-4196-1723-c90f-9c2b770783a5,07ca75ee-0c2e-1497-eb46-8b39f5c82c9b,313096,spironolactone 25 MG [Aldactone],59621000,Essential hypertension (disorder)
2016-09-04T21:56:32Z,,52e75da8-8dfd-04d3-e5b2-35e8e3fdba2c,7df5a883-a04c-bf76-5fbf-06d7004312b8,313096,spironolactone 25 MG [Aldactone],59621000,Essential hypertension (disorder)
2017-04-24T07:05:22Z,,c1de9e53-79a1-3883-1423-fe116de65f73,9a76b80a-4661-5979-af56-377bff7d8145,313096,spironolactone 25 MG [Aldactone],59621000,Essential hypertension (disorder)
1996-12-11T11:08:09Z,,553dee28-2794-343e-f43f-d6b32f0e70a6,b7bd7029-ee9c-123d-5ce5-7698d336baf9,313096,spironolactone 25 MG [Aldactone],59621000,Essential hypertension (disorder)
1997-02-09T11:08:09Z,,553dee28-2794-343e-f43f-d6b32f0e70a6,1076a5a9-7d4b-f65d-e0ec-b6a57628b9e3,3827,enalapril,59621000,Essential hypertension (disorder)
1997-04-10T11:08:09Z,,553dee28-2794-343e-f43f-d6b32f0e70a6,96ff8195-66ea-2878-4e32-e2ce36d14981,197361,amlodipine,59621000,Essential hypertension (disorder)
2015-07-01T07:06:03Z,,a1c3133e-57f3-b0b9-6506-a81ffba201da,3033a6de-6ee7-4ed8-6751-70bb5c03467f,313096,spironolactone 25 MG [Aldactone],59621000,Essential hypertension (disorder)
2015-08-30T07:06:03Z,,a1c3133e-57f3-b0b9-6506-a81ffba201da,10af7ed7-3ed8-74ff-ad9c-5418d76d18f4,3827,enalapril,59621000,Essential hypertension (disorder)
2015-10-29T07:06:03Z,,a1c3133e-57f3-b0b9-6506-a81ffba201da,c7e526b3-2bd5-1ef0-5347-56c2c3780219,197361,amlodipine,59621000,Essential hypertension (disorder)
1994-05-08T13:36:21Z,,72a996af-9e45-a52d-7688-b7041294146c,096e7332-5c7d-1179-77b3-60ed6cee92b7,313096,spironolactone 25 MG [Aldactone],59621000,Essential hypertension (disorder)
1994-07-07T13:36:21Z,,72a996af-9e45-a52d-7688-b7041294146c,583e5584-68a8-9751-4f41-bd6e2fb8d17a,3827,enalapril,59621000,Essential hypertension (disorder)
1994-09-05T13:36:21Z,,72a996af-9e45-a52d-7688-b7041294146c,e47aa414-f2c1-9ce5-0d2b-ab2b37e99e32,197361,amlodipine,59621000,Essential hypertension (disorder)
1934-10-04T04:59:17Z,,7f7f6ab7-07bb-b791-8c4b-af9515dfbf39,4bfe0101-73b7-7433-78e3-f82dd5491f85,313096,spironolactone 25 MG [Aldactone],59621000,Essential hypertension (disorder)
2014-07-20T11:05:43Z,,d865fb6c-35a4-fb3c-ff0e-dca9ea21aae0,51f3edc6-bf63-513a-abf6-35317c7fab89,313096,spironolactone 25 MG [Aldactone],59621000,Essential hypertension (disorder)
2014-09-18T11:05:43Z,,d865fb6c-35a4-fb3c-ff0e-dca9ea21aae0,d01504e2-63e5-f96d-ede0-0f0af81112b7,3827,enalapril,59621000,Essential hypertension (disorder)
2014-11-17T11:05:43Z,,d865fb6c-35a4-fb3c-ff0e-dca9ea21aae0,a5f35fcc-17e0-0ba5-48ea-37e90f55b0be,197361,amlodipine,59621000,Essential hypertension (disorder)
2007-09-29T20:51:14Z,,ff04a942-f41a-3b19-95f3-f708542b267e,286c5f90-948a-bbc8-3077-052f4050d2c8,197626,Doxazosin,59621000,Essential hypertension (disorder)
1994-06-07T20:38:55Z,,7a9bfeca-b549-a81d-12fe-030f6125293a,7fba5433-c6a7-21ad-4f70-25c0f03e10b2,313096,spironolactone 25 MG [Aldactone],59621000,Essential hypertension (disorder)
2012-11-07T09:36:54Z,,9f93b3a2-69af-ccf8-df41-cd2dc594bb34,fc1d2310-19c5-fb8b-8f19-3e06a4a2068f,313096,spironolactone 25 MG [Aldactone],59621000,Essential hypertension (disorder)
2022-11-13T14:41:43Z,,7ab4dda5-379c-e1f7-3e0e-b9b3089476f3,2543147f-60d9-7d8c-5503-3706ce59b170,313096,spironolactone 25 MG [Aldactone],59621000,Essential hypertension (disorder)
2023-01-12T14:41:43Z,,7ab4dda5-379c-e1f7-3e0e-b9b3089476f3,7550b7c0-7963-5fe0-7f23-a2df359cac4a,3827,enalapril,59621000,Essential hypertension (disorder)
2023-03-13T14:41:43Z,,7ab4dda5-379c-e1f7-3e0e-b9b3089476f3,8c1839e9-ac42-6faf-6864-a7351a5327fd,197361,amlodipine,59621000,Essential hypertension (disorder)
1970-01-07T05:40:16Z,,e5fd9a93-a8dd-4a2e-6b18-f36c77116d94,4ace5366-dfcc-f407-dc66-2142a389b87a,313096,spironolactone 25 MG [Aldactone],59621000,Essential hypertension (disorder)
2007-01-20T08:51:55Z,,1f93d383-f41d-1688-b066-ca3d58007b83,c5b3540a-5d9d-4d99-cc31-ee13055a7da2,197626,Doxazosin,59621000,Essential hypertension (disorder)
2003-07-13T15:17:40Z,,e9c99a1d-63c4-1b55-9ccf-dd4d4280b559,c00b5031-800d-1647-0701-5778b20a072d,197626,Doxazosin,59621000,Essential hypertension (disorder)
2003-09-11T15:17:40Z,,e9c99a1d-63c4-1b55-9ccf-dd4d4280b559,6663616c-e7f1-d8c1-c584-44584ef5054d,3827,enalapril,59621000,Essential hypertension (disorder)
2003-11-10T15:17:40Z,,e9c99a1d-63c4-1b55-9ccf-dd4d4280b559,a2986604-438e-476d-22ca-d7b88cb1d69d,197361,amlodipine,59621000,Essential hypertension (disorder)
2011-07-30T16:11:24Z,,58166da5-d894-69c3-be5e-b6e0e1479f59,7e4d141b-7964-5d93-c2ea-9ccf4f56339a,313096,spironolactone 25 MG [Aldactone],59621000,Essential hypertension (disorder)
2011-09-28T16:11:24Z,,58166da5-d894-69c3-be5e-b6e0e1479f59,daf21975-0a84-6d9c-f172-e0e7bb97bc18,3827,enalapril,59621000,Essential hypertension (disorder)
2011-11-27T16:11:24Z,,58166da5-d894-69c3-be5e-b6e0e1479f59,1027446c-230c-5834-0539-dfd05df7c552,197361,amlodipine,59621000,Essential hypertension (disorder)
2000-03-31T15:37:20Z,,3dff4ba3-d3fd-678f-502f-eadd61ba01f6,94b19224-43dc-5bda-7227-048702c9b3eb,313096,spironolactone 25 MG [Aldactone],59621000,Essential hypertension (disorder)
1999-12-21T06:03:26Z,,94a40289-2127-b3e0-1598-6c0790595514,284f3a4e-9e2d-a6ad-480f-4d1266743b55,313096,spironolactone 25 MG [Aldactone],59621000,Essential hypertension (disorder)
2000-02-19T06:03:26Z,,94a40289-2127-b3e0-1598-6c0790595514,3497f4ae-4562-7fc2-7b77-3135f67ffcb6,3827,enalapril,59621000,Essential hypertension (disorder)
2000-04-19T06:03:26Z,,94a40289-2127-b3e0-1598-6c0790595514,68c54410-d2ce-4609-0f8f-e5c3c2f9d43a,197361,amlodipine,59621000,Essential hypertension (disorder)
1997-01-12T17:18:22Z,,feadd102-2c21-a017-ec11-b087694ebb01,2472f924-330d-4fb0-7799-b1db349c0f4c,313096,spironolactone 25 MG [Aldactone],59621000,Essential hypertension (disorder)
1997-03-13T17:18:22Z,,feadd102-2c21-a017-ec11-b087694ebb01,bed2d704-7b63-6bee-c324-77b4210e34a9,3827,enalapril,59621000,Essential hypertension (disorder)
1997-05-12T17:18:22Z,,feadd102-2c21-a017-ec11-b087694ebb01,b5b12d8e-e4f6-337f-4855-a97609f252f3,197361,amlodipine,59621000,Essential hypertension (disorder)
1995-12-11T15:52:01Z,,7bab093e-8c29-acd3-e5b7-8e75acfc1b77,17248044-cef3-774c-397a-46152f38d036,197626,Doxazosin,59621000,Essential hypertension (disorder)
1996-02-09T15:52:01Z,,7bab093e-8c29-acd3-e5b7-8e75acfc1b77,0cd05f8a-d3f7-c6c8-17e8-e4053a1538d7,3827,enalapril,59621000,Essential hypertension (disorder)
1996-04-09T15:52:01Z,,7bab093e-8c29-acd3-e5b7-8e75acfc1b77,36f2e1a0-1e52-b1d5-d866-afccbb09061d,197361,amlodipine,59621000,Essential hypertension (disorder)
2016-02-29T21:28:40Z,,d4faf821-f62f-0593-7caa-3701331e7766,3419c274-6f75-f0d0-6a7e-7a667e41c0f5,313096,spironolactone 25 MG [Aldactone],59621000,Essential hypertension (disorder)
1994-05-04T09:56:16Z,,4d2e8676-07dc-5668-0d69-d5b8e88eed1b,0900e5e5-53f1-6e30-2eb2-cad1ad045e0a,313096,spironolactone 25 MG [Aldactone],59621000,Essential hypertension (disorder)
1994-07-03T09:56:16Z,,4d2e8676-07dc-5668-0d69-d5b8e88eed1b,8d57902b-fc8e-c2fd-6ee7-336acf7e5774,3827,enalapril,59621000,Essential hypertension (disorder)
1994-09-01T09:56:16Z,,4d2e8676-07dc-5668-0d69-d5b8e88eed1b,cf9f6537-3d89-1d36-d5c7-9797c5b8b45e,197361,amlodipine,59621000,Essential hypertension (disorder)
1989-11-12T11:42:46Z,,898c8757-f36f-4c19-c38d-31661198726f,8280f079-e9d9-108b-99ef-f69ec5da47ae,197626,Doxazosin,59621000,Essential hypertension (disorder)
2020-02-24T01:34:20Z,,c3546375-e563-d693-fd00-3a8e26683a15,5b8246ec-1321-b105-b37d-235e665402f3,197626,Doxazosin,59621000,Essential hypertension (disorder)
1964-03-23T05:05:55Z,,824564b3-0c07-35d4-ec6c-47a7b7686764,a4e1bbed-7880-68da-5c6e-0efbb50330a6,197626,Doxazosin,59621000,Essential hypertension (disorder)
1975-10-02T13:48:51Z,,efb63adf-ca1f-4691-5319-7fbe3aed7cf4,a0c4fd1d-7baf-777b-a193-290922b2ec95,313096,spironolactone 25 MG [Aldactone],59621000,Essential hypertension (disorder)
1975-12-01T13:48:51Z,,efb63adf-ca1f-4691-5319-7fbe3aed7cf4,32a74ceb-5110-cb53-596f-5fbef8acf2ee,3827,enalapril,59621000,Essential hypertension (disorder)
1976-01-30T13:48:51Z,,efb63adf-ca1f-4691-5319-7fbe3aed7cf4,8deab823-dc7d-80f5-70f0-771f36c6d17b,197361,amlodipine,59621000,Essential hypertension (disorder)
1984-08-12T11:24:43Z,,b7124634-38a8-ab32-8cd7-69065ddb9ab1,4ca19ad4-2f62-7561-12e0-d5f8f4c89e76,313096,spironolactone 25 MG [Aldactone],59621000,Essential hypertension (disorder)
1976-11-11T01:29:47Z,,e507275f-f537-b1e6-c564-1a074489548e,c9b22130-4713-82c7-9e13-347e63c71294,197626,Doxazosin,59621000,Essential hypertension (disorder)
1977-01-10T01:29:47Z,,e507275f-f537-b1e6-c564-1a074489548e,8f2e7110-72ac-3bc8-2a4d-5ceb93859b8a,3827,enalapril,59621000,Essential hypertension (disorder)
1977-03-11T01:29:47Z,,e507275f-f537-b1e6-c564-1a074489548e,f1ea78c0-d62e-3e20-0fce-48e64196539c,197361,amlodipine,59621000,Essential hypertension (disorder)
1979-05-25T22:24:12Z,,3bb9dffa-d11e-5a26-87d2-601505d8f6b4,61ec0c7b-96c0-9a96-6d0c-31e2f9f8498e,313096,spironolactone 25 MG [Aldactone],59621000,Essential hypertension (disorder)
1995-10-31T05:43:59Z,,0370969c-63ae-8404-67bd-074168411c12,41d27859-3617-7797-4588-683083a77df8,313096,spironolactone 25 MG [Aldactone],59621000,Essential hypertension (disorder)
1995-12-30T05:43:59Z,,0370969c-63ae-8404-67bd-074168411c12,7798ea8c-7221-772f-2c56-4dec1b91844b,3827,enalapril,59621000,Essential hypertension (disorder)
1996-02-28T05:43:59Z,,0370969c-63ae-8404-67bd-074168411c12,21c29564-9fb9-cae7-b923-001c35bd6ddd,197361,amlodipine,59621000,Essential hypertension (disorder)
1946-01-17T10:34:00Z,,a9d160d3-8a74-dca8-bd00-a6880ef0e64e,b2acebbf-6ff5-e500-07c2-be148d185055,197626,Doxazosin,59621000,Essential hypertension (disorder)
1986-10-19T23:27:00Z,,f8e4b9ac-0c6a-8654-5011-694bd891cd25,e9ccfede-9e57-0508-ba71-2e10ed5f4730,197626,Doxazosin,59621000,Essential hypertension (disorder)
1992-02-20T05:12:36Z,,8c96a7f7-0bb5-544c-a722-c6565d553de4,7ad8929e-ad6f-3ddb-852b-54631eb1d307,313096,spironolactone 25 MG [Aldactone],59621000,Essential hypertension (disorder)
1975-01-20T07:54:55Z,,72e192e8-d6eb-f14b-1fce-8ff4b5615aa2,0fe8f4b9-9f42-6db2-d9df-033b1c08d99c,313096,spironolactone 25 MG [Aldactone],59621000,Essential hypertension (disorder)
1964-11-30T20:05:48Z,,c6ac8b6d-54fc-d814-8218-1b2f658b12c5,27338845-458c-04bd-d5e7-bee1d91cb701,313096,spironolactone 25 MG [Aldactone],59621000,Essential hypertension (disorder)
1965-01-29T20:05:48Z,,c6ac8b6d-54fc-d814-8218-1b2f658b12c5,d766d36a-1f4c-bf94-7033-8b16e84ce1e3,3827,enalapril,59621000,Essential hypertension (disorder)
1965-03-30T20:05:48Z,,c6ac8b6d-54fc-d814-8218-1b2f658b12c5,0089195f-2c5a-e1ff-0c20-6790260bfbe1,197361,amlodipine,59621000,Essential hypertension (disorder)
1982-06-25T02:49:52Z,,96eec1b1-39f4-630f-8b98-1e62e6601c21,95448e01-94a5-033f-9ad7-5f55fdb94822,313096,spironolactone 25 MG [Aldactone],59621000,Essential hypertension (disorder)
2024-01-20T10:40:03Z,,8b420bc9-6649-5850-9d5e-c6dfd0d42041,b9f9378f-3873-e5b0-06a2-4c5a9adc3156,197626,Doxazosin,59621000,Essential hypertension (disorder)
2024-03-20T10:40:03Z,,8b420bc9-6649-5850-9d5e-c6dfd0d42041,06320ff7-1600-a261-5cda-03c4ea7464b3,197361,amlodipine,59621000,Essential hypertension (disorder)
2024-05-19T10:40:03Z,,8b420bc9-6649-5850-9d5e-c6dfd0d42041,5485dba8-e112-97ef-689e-96235db73f4c,3827,enalapril,59621000,Essential hypertension (disorder)
2012-08-14T17:53:40Z,,03b38edf-b5c8-bb8e-5873-472d2dcadd60,f7ba5c9b-e399-954b-ef39-592ccea51d20,197626,Doxazosin,59621000,Essential hypertension (disorder)
2020-03-11T15:26:55Z,,80332e7e-cb35-c238-2c75-d9ea4f5dc455,43749485-011e-e2ba-bda0-7a4a6520b200,197626,Doxazosin,59621000,Essential hypertension (disorder)
2020-05-10T15:26:55Z,,80332e7e-cb35-c238-2c75-d9ea4f5dc455,86e60095-3f34-9d53-01f2-ebf5510b7ec2,3827,enalapril,59621000,Essential hypertension (disorder)
2020-07-09T15:26:55Z,,80332e7e-cb35-c238-2c75-d9ea4f5dc455,73c047ea-0d8c-df36-855f-d9e3fb1c6c43,197361,amlodipine,59621000,Essential hypertension (disorder)
2012-11-12T10:38:53Z,,5fafc001-2c21-c548-402d-a90db80a4be4,eac0cc99-2020-5074-6f9e-f3f7bb1ffa97,313096,spironolactone 25 MG [Aldactone],59621000,Essential hypertension (disorder)
1983-09-10T14:08:00Z,,dcb48280-6066-6049-9424-93e867d89c79,dda9af7e-77f2-eecb-fc6f-fb07202c1c21,197626,Doxazosin,59621000,Essential hypertension (disorder)
2021-06-05T02:37:12Z,,d9c3d024-d4f5-a2b1-a0e6-d48f5fdcece6,87aa5476-5620-542f-f81a-9b8b5649a4f3,313096,spironolactone 25 MG [Aldactone],59621000,Essential hypertension (disorder)
2014-02-17T01:48:45Z,,6aeb4566-09ad-5172-8ee5-91d078cd44c4,2c0dcd47-ee06-de1f-b847-e451767722b7,197626,Doxazosin,59621000,Essential hypertension (disorder)
2014-04-18T01:48:45Z,,6aeb4566-09ad-5172-8ee5-91d078cd44c4,1cd4d375-1399-1ca1-21f2-889e8e583df9,3827,enalapril,59621000,Essential hypertension (disorder)
2014-06-17T01:48:45Z,,6aeb4566-09ad-5172-8ee5-91d078cd44c4,1f3e82e2-25ae-f7ab-b684-8c63254c185e,197361,amlodipine,59621000,Essential hypertension (disorder)
2010-06-05T04:37:24Z,,c908879a-82fa-c281-ff12-36b7e24f4110,4e6b545d-a0b9-5068-c7d9-cf04191c3dbd,197626,Doxazosin,59621000,Essential hypertension (disorder)
1984-02-27T13:03:10Z,,beef3eee-a9ba-206a-5b87-3b55a4b3ec22,51954f0d-e514-5025-a34e-3d417a3b3ad6,197626,Doxazosin,59621000,Essential hypertension (disorder)
2001-03-02T23:45:20Z,,48fb6c6c-fe54-9772-7914-1bbc9af1f5b2,6f720e4f-301c-759c-306d-1e40c8be3a00,197626,Doxazosin,59621000,Essential hypertension (disorder)
1986-07-31T13:52:43Z,,427f618a-af95-1397-35d4-c7f62360c696,5249de02-ad88-96ef-2d30-8b48cf76bfa3,197626,Doxazosin,59621000,Essential hypertension (disorder)
2017-10-09T03:03:37Z,,4dff34af-3149-6ab2-7ebb-13632129bbc8,dea27efa-b107-de4a-5e7f-d57f106df3f2,313096,spironolactone 25 MG [Aldactone],59621000,Essential hypertension (disorder)
2017-12-08T03:03:37Z,,4dff34af-3149-6ab2-7ebb-13632129bbc8,92596034-c9eb-36e6-f94a-fd3f51dc652b,3827,enalapril,59621000,Essential hypertension (disorder)
2018-02-06T03:03:37Z,,4dff34af-3149-6ab2-7ebb-13632129bbc8,84396f5a-97c3-6dae-2f0c-afb81945ed30,197361,amlodipine,59621000,Essential hypertension (disorder)
1958-12-21T22:13:51Z,,070e957c-3b32-55cb-2177-1634308a83e7,7e88aaa6-db72-b84b-8305-9d028e91a2d7,313096,spironolactone 25 MG [Aldactone],59621000,Essential hypertension (disorder)
2007-12-19T01:00:00Z,,36bd750e-f4ee-16be-bcb5-486f19a63e5e,9db747d5-bdb9-401d-84bb-cf9b985db6e9,197626,Doxazosin,59621000,Essential hypertension (disorder)
2020-06-09T13:06:44Z,,dd7f0549-d615-083d-fe13-80f0baee5ffd,9a2787a4-c01a-e923-2634-f06e7198f4c8,197626,Doxazosin,59621000,Essential hypertension (disorder)
2000-01-11T23:23:11Z,,b3bd97b8-908b-660e-fc4d-a502febb5f1f,96d47971-27a9-c6b7-f00f-b882d242b5c1,313096,spironolactone 25 MG [Aldactone],59621000,Essential hypertension (disorder)
2003-05-11T07:41:38Z,,f39259ad-f7e8-72a6-98b7-7da9df8570ac,bb01f75a-e3d1-ecc6-7684-8ed450b0fc18,313096,spironolactone 25 MG [Aldactone],59621000,Essential hypertension (disorder)
2001-05-28T12:26:46Z,,2c88cea3-86b6-a3a8-ad1e-092bfaedd077,b62b9072-6961-1f58-0bf4-4952d6f15dc9,313096,spironolactone 25 MG [Aldactone],59621000,Essential hypertension (disorder)
2003-07-10T07:41:38Z,,f39259ad-f7e8-72a6-98b7-7da9df8570ac,414e4923-a5bb-3ff6-d70e-9f186b0dc234,3827,enalapril,59621000,Essential hypertension (disorder)
2003-09-08T07:41:38Z,,f39259ad-f7e8-72a6-98b7-7da9df8570ac,12dde442-feb8-25f7-afc7-46a2b799cf81,197361,amlodipine,59621000,Essential hypertension (disorder)
2023-05-25T04:59:30Z,,022368c9-41d8-2068-3579-eb5a49409c24,e0747670-cf72-5399-8ac2-f228140f47a2,197626,Doxazosin,59621000,Essential hypertension (disorder)
1967-04-30T10:58:17Z,,891b4e3b-131e-df96-c1b5-6a775f748dc9,c2d66b21-928d-79dc-aab6-3e19bea85d93,197626,Doxazosin,59621000,Essential hypertension (disorder)
2024-07-28T19:02:51Z,,ea4ba968-db70-fd9e-61f7-4784955c4fd8,6846a427-409f-7378-8137-e17619fe8bc8,197626,Doxazosin,59621000,Essential hypertension (disorder)
2005-07-11T05:16:45Z,,9c2cd351-43f9-451c-4edc-eccf32e0b826,69514783-d84f-787e-60cf-6ec4e5ddc99f,313096,spironolactone 25 MG [Aldactone],59621000,Essential hypertension (disorder)
1974-02-15T10:36:51Z,,85804c86-9aba-8412-d3bc-28390e2d3d6d,d1226f97-e003-14cb-0352-3b87099630a7,197626,Doxazosin,59621000,Essential hypertension (disorder)
1988-04-23T17:26:24Z,,16e37e57-5898-6eda-c6b7-db68e6b47ad2,bd763c0f-6db7-e69b-cc09-9c279953dc7c,197626,Doxazosin,59621000,Essential hypertension (disorder)
1988-06-22T17:26:24Z,,16e37e57-5898-6eda-c6b7-db68e6b47ad2,31233fe7-afc8-f0d8-2bdf-b1791d6cab1f,3827,enalapril,59621000,Essential hypertension (disorder)
1988-08-21T17:26:24Z,,16e37e57-5898-6eda-c6b7-db68e6b47ad2,767043c9-0178-d87f-4a14-f7bfe5068155,197361,amlodipine,59621000,Essential hypertension (disorder)
2006-03-02T05:31:45Z,,fe58c2ec-3e4a-f868-ba8f-51d2d9a1a8ee,a03aede9-60d0-ad33-5112-81d02dd09750,313096,spironolactone 25 MG [Aldactone],59621000,Essential hypertension (disorder)
2020-02-26T19:24:16Z,,988b7896-ce03-794e-98ec-0112b9490881,cc4319d5-c4bc-9dda-048a-f63432bf8629,197626,Doxazosin,59621000,Essential hypertension (disorder)
2002-08-19T17:18:07Z,,6b10ac66-a0b4-a175-a176-96a76c2f7180,24fdcc33-3828-fae0-b13b-7a7f6643445a,197626,Doxazosin,59621000,Essential hypertension (disorder)
1994-05-31T21:09:08Z,,951fd4f0-edc0-5b96-2d27-65dafa66c44b,cbb7646e-febc-b192-0c01-7c2aef6b3249,197626,Doxazosin,59621000,Essential hypertension (disorder)
1994-07-30T21:09:08Z,,951fd4f0-edc0-5b96-2d27-65dafa66c44b,1668131b-3147-8857-2151-49a8d3e1bcc7,3827,enalapril,59621000,Essential hypertension (disorder)
1994-09-28T21:09:08Z,,951fd4f0-edc0-5b96-2d27-65dafa66c44b,81aaf120-fc2e-acbb-b5e8-bc43edec2a47,197361,amlodipine,59621000,Essential hypertension (disorder)
2009-07-25T08:14:12Z,,95089850-05fe-b7a6-0444-99cf7e092928,aef05e53-aedf-c1d0-c347-b6205df20d02,197626,Doxazosin,59621000,Essential hypertension (disorder)
2016-08-08T09:46:52Z,,8e4c7cf6-34a0-7cea-2b3b-3f280a56f0a0,26be7f88-cdbb-5fe8-98c3-40b1ceb90e3a,197626,Doxazosin,59621000,Essential hypertension (disorder)
1983-09-22T07:28:48Z,,af23070c-5079-e8e6-2ddd-04b45703da09,5e8aad78-1ca0-9ef0-e9ad-5de4cd6f5b0d,313096,spironolactone 25 MG [Aldactone],59621000,Essential hypertension (disorder)
1963-04-18T13:14:18Z,,b51d3668-8fc4-e5e1-8647-d0439c6ce986,81d6a13e-dbde-43de-be0d-ebb47b7bef14,197626,Doxazosin,59621000,Essential hypertension (disorder)
1986-10-03T03:32:12Z,,de3b0adf-a2d1-6833-cd2f-8047930b2216,a9544a8b-81de-4dc3-a1e5-c0d16ddf0c9e,197626,Doxazosin,59621000,Essential hypertension (disorder)
1986-12-02T03:32:12Z,,de3b0adf-a2d1-6833-cd2f-8047930b2216,a9184ec2-b2f9-4784-37bc-8b4b0e2eb3b2,3827,enalapril,59621000,Essential hypertension (disorder)
1987-01-31T03:32:12Z,,de3b0adf-a2d1-6833-cd2f-8047930b2216,26dd416a-516a-99e8-e13f-e9ece1cd6989,197361,amlodipine,59621000,Essential hypertension (disorder)
1989-11-07T17:08:40Z,,cd2e3842-a95d-4442-f146-399bce5ff1c5,01df5da7-5bbf-5795-16e4-b2faec696f47,197626,Doxazosin,59621000,Essential hypertension (disorder)
2024-03-09T09:40:27Z,,3c1e99a0-9966-711e-f7fa-4007275c8ff9,6af90414-82d1-5bc0-7f20-d32dbd2eef92,197626,Doxazosin,59621000,Essential hypertension (disorder)
2012-09-22T09:48:30Z,,448b70a1-1ba3-f8e1-8085-d8d660f6b89e,42079094-4757-95f8-8713-e16468ec0ac0,197626,Doxazosin,59621000,Essential hypertension (disorder)
1984-06-27T01:23:56Z,,ec88a16b-a657-1104-cef3-f06b7996f082,4d04b775-6522-e55c-7196-3f9e40a5ae8a,313096,spironolactone 25 MG [Aldactone],59621000,Essential hypertension (disorder)
2001-08-08T13:06:05Z,,905f67dd-98e5-b0b2-b21e-e7e87b3e3af9,9d642ecb-95da-17ab-00eb-8e5b63d41f12,313096,spironolactone 25 MG [Aldactone],59621000,Essential hypertension (disorder)
2021-10-02T17:37:19Z,,2b5a9874-4ecc-871b-a712-cddd3317fe9a,dc341db8-931b-a57c-557c-ec84110946a8,313096,spironolactone 25 MG [Aldactone],59621000,Essential hypertension (disorder)
2019-07-15T10:04:22Z,,346d773d-dfd7-0dcd-4bd2-2675613f6f02,23d16321-4d66-ddc8-821d-6827d4416be0,197626,Doxazosin,59621000,Essential hypertension (disorder)
2019-09-13T10:04:22Z,,346d773d-dfd7-0dcd-4bd2-2675613f6f02,f474c2cd-ef1c-85b2-6bbd-985787f71ae0,3827,enalapril,59621000,Essential hypertension (disorder)
2019-11-12T10:04:22Z,,346d773d-dfd7-0dcd-4bd2-2675613f6f02,682f2a64-77d1-cf82-8cbe-3499ea6cb63d,197361,amlodipine,59621000,Essential hypertension (disorder)
1992-02-07T08:45:20Z,,990d2334-1592-c377-7fe3-e3151fe2517b,ece3cc1d-ac7e-5ff3-68dc-b44ff732b094,197626,Doxazosin,59621000,Essential hypertension (disorder)
1967-09-21T22:59:10Z,,34c2936b-6d23-dea6-1d2e-6a31a85e7aa1,ae218731-5ad5-5c8b-f5fc-f4ea17764cd3,197626,Doxazosin,59621000,Essential hypertension (disorder)
1967-11-20T22:59:10Z,,34c2936b-6d23-dea6-1d2e-6a31a85e7aa1,e5d1b91f-9201-8201-ff0f-a969b23cf161,3827,enalapril,59621000,Essential hypertension (disorder)
1968-01-19T22:59:10Z,,34c2936b-6d23-dea6-1d2e-6a31a85e7aa1,f6db4903-b4f4-4038-c34c-e53cee3d6958,197361,amlodipine,59621000,Essential hypertension (disorder)
1995-06-16T15:23:56Z,,16cec4c0-c674-cd48-ac02-9aac7e7ae4dc,ecb1e687-a6e9-0da2-59bd-55cefaed97d8,313096,spironolactone 25 MG [Aldactone],59621000,Essential hypertension (disorder)
1995-08-15T15:23:56Z,,16cec4c0-c674-cd48-ac02-9aac7e7ae4dc,beefc74c-95de-037d-395e-094b738e3e90,3827,enalapril,59621000,Essential hypertension (disorder)
1995-10-14T15:23:56Z,,16cec4c0-c674-cd48-ac02-9aac7e7ae4dc,b91f32a3-2e4b-3077-0206-d255c5e486f9,197361,amlodipine,59621000,Essential hypertension (disorder)
2000-10-24T00:03:57Z,,1a26757e-ee50-caaa-9dc3-ed0d50eef4ff,20803e2b-ab47-0a32-a20d-c90c329f4299,197626,Doxazosin,59621000,Essential hypertension (disorder)
1998-10-10T06:33:37Z,,4cf76707-1da0-bd3d-4b0e-320833a72d9c,5673b24f-f8ff-3cde-58ce-9dcdfe6b4ee8,313096,spironolactone 25 MG [Aldactone],59621000,Essential hypertension (disorder)
1996-10-27T05:31:54Z,,76efe70b-4b16-197b-8648-3aa57b5cb4ea,5a2a3584-ee8e-9136-a375-1e7e89e63146,197626,Doxazosin,59621000,Essential hypertension (disorder)
1996-12-26T05:31:54Z,,76efe70b-4b16-197b-8648-3aa57b5cb4ea,11bf8e1d-c193-eacf-e683-a752bc013130,3827,enalapril,59621000,Essential hypertension (disorder)
1997-02-24T05:31:54Z,,76efe70b-4b16-197b-8648-3aa57b5cb4ea,3a4c93f5-5a34-e4f9-e8f4-024cc27a5377,197361,amlodipine,59621000,Essential hypertension (disorder)
1972-06-17T12:39:57Z,,06483e80-0284-d0c3-415c-967abb14016a,002a2e10-c555-d23e-34a7-668c312fbdf4,313096,spironolactone 25 MG [Aldactone],59621000,Essential hypertension (disorder)
2009-10-06T03:07:33Z,,6922adc6-669c-4d99-c158-ae5c6d1a6ccc,109f14af-0d39-aeba-781d-7f925fe13ee6,197626,Doxazosin,59621000,Essential hypertension (disorder)
2022-12-28T00:09:08Z,,e38bdcd0-5485-798d-4741-e49c925188bc,882f8671-3b44-bd1d-bb2a-904b79ab8a44,197626,Doxazosin,59621000,Essential hypertension (disorder)
2004-08-13T13:48:06Z,,74e2edc4-2ae8-e256-7ca1-3639c021ac29,152ae5ae-8ce9-659d-b799-44091797096f,313096,spironolactone 25 MG [Aldactone],59621000,Essential hypertension (disorder)
2003-07-08T10:14:32Z,,b28b70fc-3145-6747-a4c7-eb37973ef6af,dbed8970-4b63-518c-7fc1-2d6c0d442290,197626,Doxazosin,59621000,Essential hypertension (disorder)
1998-06-25T05:54:15Z,,1aa1c744-5a40-2c7d-3245-6d236401016f,a41f8e0c-2b56-6754-a105-cbc04da65a4d,313096,spironolactone 25 MG [Aldactone],59621000,Essential hypertension (disorder)
1992-12-02T01:25:30Z,,86d5d695-8fb7-63d8-0cf2-5d1a9688401b,cc81b06a-fa6d-0590-cba3-bf1c1b6a938c,197626,Doxazosin,59621000,Essential hypertension (disorder)
1993-01-31T01:25:30Z,,86d5d695-8fb7-63d8-0cf2-5d1a9688401b,2ccf2e9a-ddba-8875-2b46-745faed21490,3827,enalapril,59621000,Essential hypertension (disorder)
1993-04-01T01:25:30Z,,86d5d695-8fb7-63d8-0cf2-5d1a9688401b,441a1c8e-7fa9-526d-d202-9704314e3ad3,197361,amlodipine,59621000,Essential hypertension (disorder)
1976-06-03T02:55:27Z,,c163f473-a6b7-f378-9da9-847e43e4a1e0,ee377cb3-3533-12a4-f692-243626a81574,313096,spironolactone 25 MG [Aldactone],59621000,Essential hypertension (disorder)
1999-08-23T07:06:24Z,,75a44496-3ef3-50d6-0160-93845d19eb88,91f14a90-bd2e-e930-2d01-6268e03ba275,313096,spironolactone 25 MG [Aldactone],59621000,Essential hypertension (disorder)
1974-10-30T01:58:01Z,,01224c63-a3a1-a31d-cf2c-82d1b2d11e7f,0b5a95a1-0ccd-9db7-a4cb-f8792cdaf1cb,313096,spironolactone 25 MG [Aldactone],59621000,Essential hypertension (disorder)
1974-12-29T01:58:01Z,,01224c63-a3a1-a31d-cf2c-82d1b2d11e7f,17524281-0ecd-c3ac-2a84-431234074848,3827,enalapril,59621000,Essential hypertension (disorder)
1975-02-27T01:58:01Z,,01224c63-a3a1-a31d-cf2c-82d1b2d11e7f,286d7d85-4866-7a44-58e8-c3e1558c108e,197361,amlodipine,59621000,Essential hypertension (disorder)
1965-02-11T08:56:42Z,,323c4ae8-5664-3bf9-7ca9-3706e1787370,cdae7588-f13a-c7c1-328e-ab5334ba155f,197626,Doxazosin,59621000,Essential hypertension (disorder)
1982-01-30T21:34:22Z,,e024316a-0d9d-68d8-7803-1b3b54409524,33f34616-c03b-5af8-b0fb-5f73a0838fbe,197626,Doxazosin,59621000,Essential hypertension (disorder)
1984-11-28T21:22:14Z,,e516bc3f-87a2-67ac-6244-a6f086fe936e,8d5f7b51-006e-79d1-de23-e8116b961dd1,197626,Doxazosin,59621000,Essential hypertension (disorder)
1974-03-09T01:05:25Z,,f4035886-dc00-4fd5-40ed-e44a6584373a,519b67f4-e080-07ce-cb77-3dfc01417765,197626,Doxazosin,59621000,Essential hypertension (disorder)
1974-05-08T01:05:25Z,,f4035886-dc00-4fd5-40ed-e44a6584373a,d0b1fc10-5eca-59da-5afc-c7fdb79821cd,3827,enalapril,59621000,Essential hypertension (disorder)
1974-07-07T01:05:25Z,,f4035886-dc00-4fd5-40ed-e44a6584373a,4eb87ef9-7f73-635d-4d1b-c4389a68358d,197361,amlodipine,59621000,Essential hypertension (disorder)
2024-11-18T11:22:30Z,,eb6f9890-b9af-01ea-a1ed-208b371ef895,724d3377-808a-114a-0ae5-85c14e8c0367,313096,spironolactone 25 MG [Aldactone],59621000,Essential hypertension (disorder)
2022-12-18T02:33:10Z,,f6d96ad0-c815-ee9b-7d28-41a426b71027,1e5fa717-97c4-8d64-1520-25afdf75d7ed,197626,Doxazosin,59621000,Essential hypertension (disorder)
2023-02-16T02:33:10Z,,f6d96ad0-c815-ee9b-7d28-41a426b71027,1a5a5ceb-d386-9e28-a083-9a3335f4a5fc,3827,enalapril,59621000,Essential hypertension (disorder)
2023-04-17T02:33:10Z,,f6d96ad0-c815-ee9b-7d28-41a426b71027,ec70616a-ce17-ebb8-c75a-fc852f22d496,197361,amlodipine,59621000,Essential hypertension (disorder)
2001-03-09T16:38:12Z,,967f89f2-79e0-9f00-4a31-48e49c29a6f0,5af37307-9df6-d8bb-20c8-70cfb56a53ce,313096,spironolactone 25 MG [Aldactone],59621000,Essential hypertension (disorder)
1956-05-14T14:47:40Z,,d8272dc0-2a01-8a8f-376f-b2e137b6d0af,cd8ad041-f64a-4165-6593-f1c5aa1dbcda,197626,Doxazosin,59621000,Essential hypertension (disorder)
1985-04-10T05:52:00Z,,6b659c94-cc70-cb14-7fdb-2579993a5dbf,151b45f9-0952-9b3b-a464-280bf1f33862,313096,spironolactone 25 MG [Aldactone],59621000,Essential hypertension (disorder)
1985-06-09T05:52:00Z,,6b659c94-cc70-cb14-7fdb-2579993a5dbf,8389a014-def3-20a8-7ca6-40f40dcf59ca,3827,enalapril,59621000,Essential hypertension (disorder)
1985-08-08T05:52:00Z,,6b659c94-cc70-cb14-7fdb-2579993a5dbf,6377d418-e4f8-7618-5c09-93f4656624a0,197361,amlodipine,59621000,Essential hypertension (disorder)
2001-06-10T14:52:22Z,,df25bf33-4283-7706-ce4d-9a1e865cec4d,112bb499-8a5c-c69c-2204-305337765347,197626,Doxazosin,59621000,Essential hypertension (disorder)
2011-09-06T09:12:44Z,,78fb3381-3a81-9a3b-2c5e-1e029cdffb91,86fbdfea-5b38-ea86-639a-3b1cc8e38807,313096,spironolactone 25 MG [Aldactone],59621000,Essential hypertension (disorder)
1988-02-10T03:00:06Z,,1cf9a883-9ed3-6aaa-16c7-bc0717ee71c3,350b0305-9a78-df55-2ba1-828690c16d75,313096,spironolactone 25 MG [Aldactone],59621000,Essential hypertension (disorder)
1950-09-22T04:56:09Z,,328018f2-c3ad-feb0-9d34-b21643e18633,cd50ea53-40d0-c1b8-a179-6010888251dc,313096,spironolactone 25 MG [Aldactone],59621000,Essential hypertension (disorder)
2019-05-03T19:53:14Z,,324b01ce-93e6-e5b4-e1e2-ef64fe083f3c,08f328d4-46a8-563b-1f89-f28b2bc1d4f8,313096,spironolactone 25 MG [Aldactone],59621000,Essential hypertension (disorder)
1980-03-09T23:06:31Z,,14fae7b8-b440-22b2-1e17-0747c788f873,4435879f-8269-746b-0546-a758c7675689,313096,spironolactone 25 MG [Aldactone],59621000,Essential hypertension (disorder)
2017-04-25T17:24:14Z,,7359e3d4-aaa9-dd8d-49a0-6a605bf4c688,dbed84ca-82e2-eed3-d14c-77a9b30d456c,197626,Doxazosin,59621000,Essential hypertension (disorder)
2000-01-06T21:07:16Z,,063856c0-6824-60ff-46be-d1a8a5586f3a,ae98187b-5d9c-a728-95f5-71208accc4ce,197626,Doxazosin,59621000,Essential hypertension (disorder)
2009-12-02T00:20:45Z,,3ae83fec-0cd4-5552-9239-e9395dced8a7,8be664d5-632a-2e32-2bd2-45ff4d4d4472,197626,Doxazosin,59621000,Essential hypertension (disorder)
1997-12-01T09:39:58Z,,1bd01ebf-6572-a8ed-c758-46ea01ce38a4,86f7f6bd-8b5c-d10a-f073-9524afaf7fd9,313096,spironolactone 25 MG [Aldactone],59621000,Essential hypertension (disorder)
1992-06-20T15:24:02Z,,9c2c95c2-08e5-826d-0ef5-3612cc0da247,1db3a649-1f8a-bccf-5744-b30d4027b6c3,313096,spironolactone 25 MG [Aldactone],59621000,Essential hypertension (disorder)
1992-08-19T15:24:02Z,,9c2c95c2-08e5-826d-0ef5-3612cc0da247,dddff662-1612-0998-15ba-38455e228c3c,3827,enalapril,59621000,Essential hypertension (disorder)
1992-10-18T15:24:02Z,,9c2c95c2-08e5-826d-0ef5-3612cc0da247,bce25fed-c278-6e50-619e-57e3000b16fc,197361,amlodipine,59621000,Essential hypertension (disorder)
1966-09-25T04:01:23Z,,12df3fb9-170d-8b7e-d46a-f03e9c45641b,fe86fedf-8c56-19e4-09c7-f1d96f79c0ed,197626,Doxazosin,59621000,Essential hypertension (disorder)
1966-11-24T04:01:23Z,,12df3fb9-170d-8b7e-d46a-f03e9c45641b,53b20fa6-1a9d-d068-d630-f8dbd13c49e5,3827,enalapril,59621000,Essential hypertension (disorder)
1967-01-23T04:01:23Z,,12df3fb9-170d-8b7e-d46a-f03e9c45641b,69f4832e-b974-57ba-b580-147eb030d686,197361,amlodipine,59621000,Essential hypertension (disorder)
2001-12-23T07:44:58Z,,462825c9-48da-cfba-c21f-70bbff1df9be,84ecca11-5fcb-6b6c-c1e3-b45f14fd1ee7,313096,spironolactone 25 MG [Aldactone],59621000,Essential hypertension (disorder)
1961-11-16T23:16:31Z,,bdaf983a-b962-7912-cbe8-d1753599c99a,f1a2dc22-dad3-ad92-8b0a-787db5713f4b,197626,Doxazosin,59621000,Essential hypertension (disorder)
2016-01-10T06:25:20Z,,aa79717b-ecbb-cd46-ef9c-9f8e1834cc0b,c9f6a711-fb7a-dcb5-db30-9c466f0a3115,197626,Doxazosin,59621000,Essential hypertension (disorder)
2005-06-20T22:34:57Z,,0513dd83-ecfa-1c0a-3bd8-e1bb31e3b4fd,83c8d49a-6f56-af40-d636-6136b40dc7fe,313096,spironolactone 25 MG [Aldactone],59621000,Essential hypertension (disorder)
2012-04-16T12:12:11Z,,dacc449c-c869-4270-082d-a3b64b80184e,13171489-a8cb-2be9-7883-f2a896113595,313096,spironolactone 25 MG [Aldactone],59621000,Essential hypertension (disorder)
2012-06-15T12:12:11Z,,dacc449c-c869-4270-082d-a3b64b80184e,e79300f2-8e48-d7ed-1fed-94be1fb4206b,3827,enalapril,59621000,Essential hypertension (disorder)
2012-08-14T12:12:11Z,,dacc449c-c869-4270-082d-a3b64b80184e,48bf01a9-b297-2dd5-e316-1e6fcd987acb,197361,amlodipine,59621000,Essential hypertension (disorder)
1981-03-24T21:01:44Z,,435c3b5e-3930-9147-12b0-0c464a2566ca,b2e95717-faf3-dbad-6530-161fbb6b9c34,313096,spironolactone 25 MG [Aldactone],59621000,Essential hypertension (disorder)
2014-10-28T03:34:31Z,,ea337d91-18b0-c7ed-0b7f-2be5301124b6,8a235afa-2b9a-5dce-e0de-dae6547403b2,313096,spironolactone 25 MG [Aldactone],59621000,Essential hypertension (disorder)
2009-01-30T10:51:40Z,,87b3b3ed-8b06-953e-cae7-4c33606f8b1a,7894bc4c-bbdb-726e-0744-d3f668872d52,313096,spironolactone 25 MG [Aldactone],59621000,Essential hypertension (disorder)
2018-11-18T18:39:40Z,,2f15fb42-a999-e4ea-8d3b-0c6a6b11cc1d,2f2d8504-aa4e-6047-0706-f8059d231d8b,197626,Doxazosin,59621000,Essential hypertension (disorder)
2003-12-12T17:47:36Z,,28fbc5ed-e8a4-555d-4f49-ca7811a1d04d,c34d2e26-7001-c8d6-3365-f8bef0a89752,313096,spironolactone 25 MG [Aldactone],59621000,Essential hypertension (disorder)
