Id,NAME,ADDRESS,CITY,STATE,POSTCODE,LAT,LON,PHONE,UTILIZATION
a83dab77-0273-32cd-a600-7fcbe35de8ab,CONCORD MEDICAL CENTRE,CONCORD MEDICAL CENTRE,BRISTOL,SW,BS34 6BQ,51.529421,-2.5548758,01454 616767,85
d88604bd-e7da-3632-bb70-0b8d55cadf2c,CARNEWATER PRACTICE,CARNEWATER PRACTICE,BUDE,SW,PL31 2LB,50.47284,-4.7226133,01208 269988,63
7de70634-01e1-3d70-ada5-d9c1cf5ad1d2,PRESTON ROAD SURGERY,102 PRESTON ROAD,WEYMOUTH,SW,DT3 6BB,50.64294,-2.4304318,,1
339de48a-5ce3-3c92-993b-a4d046998bb3,TAVYSIDE HEALTH CENTRE,ABBY RISE,EXETER,SW,PL19 9FD,50.5458,-4.1459048,01822 613517,143
c70024ea-705e-3d79-ada8-0b8fa075c9e4,MENDIP ADULTS TEAM,ENOS WAY,FROME,SW,BA11 2FH,51.237156,-2.3112808,,22
b7d8f0e1-f16d-3a3d-b0df-a9c3866ff6db,COTSWOLD CARE HOSPICE,BURLEIGH LANE,STROUD,SW,GL5 2PQ,51.711819,-2.1947493,,15
bdeb5bfc-e9bd-3559-97dc-317e4f4b0f26,CULVERHAY SURGERY,THE CULVERHAY SURGERY,GLOUCESTER,SW,GL12 7LS,51.638957,-2.3486778,01453 843893,53
33641218-3539-328d-b3d4-a54ad608edcd,CHELTENHAM LEISURE CENTRE,TOMMY TAYLORS LANE,CHELTENHAM,SW,GL50 4RN,51.910951,-2.0796177,,20
92e72726-5cc0-37af-8268-221df1e8ef58,BRADLEY STOKE SURGERY,BRADLEY STOKE SURGERY,EASTVILLE,SW,BS32 9DS,51.540212,-2.5604431,01454 616262,119
e864ebce-dadf-30a4-9d46-7e66e5a4d2dc,HIGHBRIDGE MEDICAL CENTRE,HIGHBRIDGE MEDICAL CENTRE,WILLITON  TAUNTON,SW,TA9 3YA,51.22734,-2.9792212,01278 783230,193
8e41d041-2ab9-32db-b297-84d9058b1d9d,EXETER (HEALTH),30 NEW NORTH ROAD,EXETER,SW,EX4 4EX,50.728034,-3.5322218,,8
79739201-bed0-3158-8e2d-257c95a33253,FRIARY HOUSE SURGERY,FRIARY HOUSE SURGERY,PLYMOUTH,SW,PL4 9BH,50.372653,-4.1281936,01752 663138,66
7cad732d-4784-3ba5-a266-f7d9b2dba603,BLACK SWAN,BRIDGE STREET,FROME,SW,BA11 1BB,51.233079,-2.3194745,,5
60eaaf61-a578-3257-9d82-aef71ad8d102,THE MARINE & OAKRIDGE PARTNERSHIP,MARINE SURGERY,BOURNEMOUTH,SW,BH6 3DB,50.722847,-1.8065462,01202 425588,250
eab7fdb0-521a-321b-bf99-f9dc52edc2ad,PRIME ENDOSCOPY (BRISTOL),PRIME ENDOSCOPY (BRISTOL),BARNSTAPLE,SW,BS1 5SZ,51.449597,-2.6017267,0117 9103790,73
83dc856d-4316-3a56-aa87-eb2946382efc,GPSI DERMATOLOGY MPHC,MOUNT PLEASANT HEALTH CTR,YATE,SW,EX4 7BW,50.732834,-3.5159265,01392 255722,30
73067b37-c686-3373-8da6-0146e6689826,FROME RENAL DIALYSIS UNIT,FROME COMMUNITY HOSPITAL,FROME,SW,BA11 2FH,51.237156,-2.3112808,,30
104419e1-3133-38fd-bd25-332df8491a03,GLASTONBURY FESTIVAL MEDICAL SERVICES,GLASTONBURY FESTIVAL MED,ILLMINSTER,SW,BA11 2FH,51.237156,-2.3112808,01373 301300,97
23adc2bd-f382-352f-94b8-b51a5901d700,MOORCROFT QUARRY SOCIAL DISPATCH POINT,MOORCROFT QUARRY,PLYMOUTH,SW,PL9 8AJ,50.365914,-4.0821351,,5
b7f7372e-6ae0-31b7-9c32-4fb9f952e574,ASSERTIVE OUTREACH TEAM,HAHNEMANN HOUSE,BOURNEMOUTH,SW,BH2 5JW,50.717691,-1.8863021,,1
04986328-2867-37bc-b943-c1af31888ef0,ADDACTION SOUTH DEVON,TEMPLAR HOUSE,BIDEFORD,SW,TQ12 1GJ,50.528653,-3.60801,0300 3033384,31
371783e6-4cbf-31d8-9161-b8812141fff0,HINDON SURGERY,THE SURGERY,HINDON,SW,SP3 6DJ,51.095811,-2.1308133,01747 820222,31
98cae11d-ff90-31d0-ac70-f2ec76e8021a,WESTOVER SURGERY,THE WESTOVER SURGERY,REDRUTH,SW,TR11 4QJ,50.148927,-5.0750103,01326 212120,130
218bc319-5e74-3d28-b03e-e7234fb24afd,CROSS PLAIN HEALTH CENTRE,CROSS PLAIN HEALTH CENTRE,DURRINGTON,SW,SP4 8DH,51.197379,-1.7709933,01980 600600,69
962a10d3-2333-3412-9b25-9fa2241d38dc,BRIDPORT HOSPITAL THEATRE,BRIDPORT COMMUNITY HOSPITAL,BRIDPORT,SW,DT6 5DR,50.741605,-2.769928,,1
f469a398-246a-37ca-82ca-c1a338f3e6dc,COMMUNITY TEAM FALMOUTH,FALMOUTH HEALTH CENTRE,BODMIN,SW,TR11 2JA,50.155684,-5.0861416,01208 834600,28
cfeb1a43-a84c-3e03-9418-19dcfb551b46,OAKHILL SURGERY,OAKHILL SURG  PONDSMEAD,CREECH ST MICHAEL,SW,BA3 5HT,51.223269,-2.5238916,01749 840233,57
453f08ab-ec4f-3aca-a7b1-4eb8edd953d3,NEWMEDICA EXETER,THE MEDICAL EYE CLINIC,BODMIN,SW,EX2 8NL,50.696795,-3.517511,01392 797717,32
a8292a12-6430-36f6-b143-501e61e2d449,WEST CLUSTER IAGPS,WEYMOUTH COMMUNITY HOSP,CIRENCESTER,SW,DT4 7TB,50.621054,-2.4510543,01305 760022,178
1085778c-08cd-3c1a-b489-ac0757f446fe,MODBURY HEALTH CENTRE,THE HEALTH CENTRE,TIVERTON,SW,PL21 0QL,50.348404,-3.8881919,01548 830666,63
8d1d5016-833a-31b5-b13b-ae75a056293b,WE ARE WITH YOU IN BCP,TRINITY HOUSE,TORPOINT,SW,BH1 1JU,50.722386,-1.8704952,01202 558855,98
a8adf3ce-1e9e-3241-ad96-0896bf4eed0e,HUC - SOMERSET IUC OOH,ASHFORD COURT,LOWES BRIDGE,SW,TA1 2PX,51.014091,-3.0680957,01392 269455,159
66ca1a59-6832-3607-bd7b-53118943a492,DERMATOLOGY  CUMBERLAND,CUMBERLAND CENTRE,PLYMOUTH,SW,PL1 4JZ,50.369816,-4.1688071,,10
bfc3aa47-4fb3-3ee3-8c89-f0f683ede1ce,WHITFIELD RURAL ACTIVITIES CENTRE,POUNDBURY WHITFIELD,DORCHESTER,SW,DT2 9SL,50.722629,-2.464425,,5
fe064e27-fc7c-332d-8932-5fa5badc838a,ACUTE GP REFERRAL SERVICE,DERRIFORD HOSPITAL,PENZANCE,SW,PL6 8DH,50.41672,-4.1136845,01752 792308,29
e388447e-d1c0-3ee6-8fae-8ee3e1fb20bd,CHILDREN/Y PEOPLE'S SERVS,ACORN HOUSE,GLOUCESTER,SW,GL1 3PX,51.865969,-2.2257969,,5
c1c257ce-a5fd-39dc-8df8-adea2dc93514,DIAMOND HEALTH GROUP,DIAMOND HEALTH GROUP,TAUNTON,SW,BA20 1UJ,50.938289,-2.6376117,01935 470200,78
d9d1d61a-adcd-3f3c-8823-06a62b00566d,NIGHTINGALE VALLEY PRACTICE,NIGHTINGALE VALLEY PRACT,BRISLINGTON,SW,BS4 4HU,51.446246,-2.5479382,0117 3304300,75
5d52d862-3a17-3997-8b29-0919084dc6cc,CHURCHDOWN SURGERY,CHURCHDOWN SURGERY,CINDERFORD,SW,GL3 2JH,51.882388,-2.171675,01452 899762,30
d4aa85d7-d4ef-39fe-acf4-f32e5587e05b,LYNGFORD PARK,LYNGFORD PARK SURGERY,ILMINSTER,SW,TA2 8SQ,51.036451,-3.0909306,01823 333355,67
f9fb03eb-e1ec-3fd6-ada9-25b7e5d74752,THE DEAN NEUROLOGICAL CENTRE,TEWKESBURY ROAD,BRISTOL,SW,GL2 9EE,51.880048,-2.2393924,01452 420200,246
54ed1f4e-5c31-3715-914b-d215e487cd9e,CAMHS EAST,BALIDON CTR  SUMMERLANDS,TAUNTON,SW,BA20 2BX,50.946739,-2.6480333,01935 384140,49
4078cf06-7e77-3163-b7dd-e5687ce03e32,RYALLS PARK MEDICAL CENTRE  YEOVIL,RYALLS PARK MEDICAL CTR,GLASTONBURY,SW,BA21 3BA,50.951832,-2.6408721,01935 434000,133
582c1518-8a87-33df-83e1-3f6cdc9cfceb,QUAY ADVICE CENTRE,HILL STREET,POOLE,SW,BH15 1NR,50.715632,-1.9850752,,15
9f40fa54-96fa-3ff2-832d-dd0917e31bba,HELIOS MEDICAL CENTRE,HELIOS MEDICAL CENTRE,BRISTOL,SW,BS9 1JN,51.475527,-2.6310236,0117 9626060,316
a46bf4f7-e235-3afa-a0d1-fb2b8721d593,CROFT HALL MEDICAL PRACTICE,CROFT HALL MEDICAL CENTRE,TORRINGTON,SW,TQ2 5UA,50.466681,-3.5358327,01803 298441,36
68c884a3-f675-3243-b269-2d2acde6b926,CHELTENHAM ROAD SURGERY,CHELTENHAM ROAD SURGERY,GLOUCESTER,SW,GL2 0LS,51.870388,-2.2231175,01452 522575,60
097a2877-3ee9-3815-8d21-1d677f5119f2,NHS KERNOW LIVI - TPP,PENTORR HEALTH,TETBURY,SW,PL11 2TB,50.376056,-4.2250421,01752 813277,101
d479ea67-b18f-35e8-97a8-867f53e032d6,COMMUNITY TEAM PENZANCE,BELLAIR CLINIC,NEWQUAY,SW,TR18 4TA,50.117787,-5.542535,01208 834600,58
88785701-c2ae-340c-9543-610e5865cdd7,ASR MENTAL HEALTH SERVICE,THE VERANDA,PLYMOUTH,SW,PL4 7QD,50.378513,-4.1151078,01752 434754,49
b02a80dd-a125-34ce-a742-46ec8604dcbe,ST. MARY'S SURGERY,ST. MARY'S SURGERY,BATH,SW,BA2 0HX,51.326082,-2.4798693,01761 470880,46
e7c225f0-e965-348d-8083-beb8e3e63375,STOUR SURGERY,THE STOUR SURGERY,CHRISTCHURCH,SW,BH23 1PA,50.73605,-1.7821894,01202 464500,35
77ed1ac2-c2f1-3f93-811b-4a4560461c23,BIDEFORD AMBULANCE STATION,CLOVELLY ROAD INDUSTRIAL ESTATE,BIDEFORD,SW,EX39 3HN,51.01005,-4.2338299,,7
f684a063-8183-3953-b955-a0e9358dd7f1,ST MARY STREET SURGERY,THE SURGERY,BRISTOL,SW,BS35 2AT,51.606577,-2.5254634,01454 413691,31
b6b7ca1f-0838-3a8d-874c-c2191bda4b2c,ENT GPSI LISKEARD HOSPITAL,LISKEARD HOSPITAL,STROUD,SW,PL14 3XD,50.461584,-4.4509954,01579 373500,48
c0fc8eec-9ee7-3735-aaea-f2738aec1405,HIGHCLIFFE MEDICAL CENTRE,HEILA HOUSE,CHRISTCHURCH,SW,BH23 5ET,50.741232,-1.7018378,,10
449090ac-2566-32dc-9a1d-444e63c0651f,PES@SPECSAVERS MELKSHAM BSW CCG,29 BANK STREET,CHIPPENHAM,SW,SN12 6LE,51.374218,-2.1383735,01225 899810,181
be0bdf8d-0e97-3717-85d4-947075ed1f7a,FOXHOLE CLINIC,37 SMALLCOMBE ROAD,PAIGNTON,SW,TQ3 3SP,50.442969,-3.5864004,,1
227e2ab6-06b6-30e5-9d27-4c0af29c8552,MULBERRY CENTRE,BERROW HEALTH CAMPUS,BURNHAM-ON-SEA,SW,TA8 2JU,51.259235,-2.9984435,,2
c0dfae8c-0cd6-30fc-86ac-d8499face43a,TIVERTON GP-LED MINOR INJURIES UNIT,KENNEDY WAY,SWINDON,SW,EX16 6NT,50.909477,-3.4929547,01884 235440,114
f5a2d67a-6d92-32a4-98f2-3444c5d4735a,COLLEGE WAY SURGERY,COLLEGE WAY SURGERY,BECKINGTON,SW,TA1 4TY,51.005247,-3.1212982,01823 259333,250
fff4afa7-5a41-3ece-aa9f-cae1fc3f8dfb,MINOR INJURY UNIT-SIDMOUTH,THE BEACON MEDICAL PRACT,WESTON-SUPER-MARE,SW,EX10 9YA,50.699501,-3.247731,01395 512601,61
92021ee5-45b4-3106-be1f-dc59f6586125,LIFEBOAT QUAY MEDICAL CENTRE,LIFEBOAT QUAY MEDICAL CTR,POOLE,SW,BH15 1AE,50.718734,-1.9849326,0844 4773324,160
e81cae29-acec-3888-99c5-abda608adcf8,OPMH EXETER 2,KNIGHTSHAYES,EXETER,SW,EX1 3RB,50.730977,-3.48414,,5
15a0dec0-737b-32a8-90be-d6c21461b25b,NEW HALL HOSPITAL,NEW HALL HOSPITAL,PLYMOUTH,SW,SP5 4EY,51.030723,-1.7638289,01722 435143,98
99c1192a-2a31-3e79-a077-d02f0366f944,ROYAL CRESCENT SURGERY,WILSON HEALTH CENTRE,121 SWINDON RD CHELTENHAM,SW,GL52 3EY,51.910614,-2.055936,01242 580248,74
0727cd9b-8b11-3ebc-8d74-f7adbc268564,BIDEFORD DADDON COURT,UNIT 1 DADDON COURT,BIDEFORD,SW,EX39 3FH,51.010235,-4.2340384,,5
e983f20c-a1f3-3c0c-b034-e63ef0ee01a4,CERNE ABBAS SURGERY,THE CERNE ABBAS PRACTICE,DORCHESTER,SW,DT2 7JG,50.809269,-2.474339,01300 341666,32
5b297327-780a-3f59-a307-1935460b560b,WORKING AGE ADULTS - LAUREL HOUSE,LAUREL HOUSE,STROUD,SW,GL51 9EZ,51.907065,-2.0828959,01242 634240,60
758a774a-d05a-3836-baeb-995cd026d45c,LEYHILL PRISON HMP,LEYHILL,WOTTON-UNDER-EDGE,SW,GL12 8BT,51.628035,-2.436777,,5
ba5184f9-0022-3d45-a99f-73cc7130b9d5,CARNON DOWNS SURGERY,THE SURGERY,HELSTON,SW,TR3 6JD,50.22345,-5.0919047,01872 863221,97
812100da-2600-32b5-8ef6-82ba72df14e4,UNDERWOOD SURGERY,UNDERWOOD SURGERY,LONGLEVENS,SW,GL50 3EQ,51.901639,-2.0893682,01242 580644,54
a8980ce8-d126-3f1d-96cd-8e908ffddac1,COMMUNITY SERVICES (CHARTER HOUSE),BARTEC 4,YEOVIL,SW,BA20 2SU,50.935392,-2.6637148,,5
a5cc4e20-f638-3b2e-8bcf-a691ef3fc68a,STOCKWOOD MEDICAL CENTRE,STOCKWOOD MEDICAL CENTRE,BRISTOL,SW,BS14 8PT,51.411565,-2.5441444,01275 833103,257
d3c956fe-2e2f-392b-806d-847abc651494,COMMUNITY TEAM TORPOINT,PENNTORR HEALTH,BODMIN,SW,PL11 2TB,50.376056,-4.2250421,01208 834600,47
11647f29-0574-3a3c-b6fb-ca35d926354e,GLOUCESTER INNER CITY PCN HUB,QUAYSIDE HOUSE,GLOUCESTER,SW,GL1 2TZ,51.866195,-2.2515906,01452 336290,65
136ca92b-e5b3-3794-81fc-18d44ba612ad,BRUNEL MEDICAL PRACTICES- KIRKHAM,ST. ALBANS ROAD,TORQUAY,SW,TQ1 3SL,50.479358,-3.5169482,,1
0be6a6ca-2af1-30aa-8de4-64eab4544df9,IVYBRIDGE HEALTH CENTRE,STATION ROAD,IVYBRIDGE,SW,PL21 0AJ,50.391844,-3.9207007,,5
c9e3cac5-0b03-34a5-b7a5-1165248f9227,THE FAMILY PRACTICE,THE FAMILY PRACTICE,BRISTOL,SW,BS6 6DF,51.462707,-2.6033674,0117 9466455,258
07d672a8-0c3a-3172-b8a9-2196f1bcfc53,SOUTH DEVON BCSC,TORBAY HOSPITAL,TORQUAY,SW,TQ2 7AA,50.482325,-3.5537901,01803 614567,62
0cb1e485-735f-3bf3-9e61-5b50aad33c8a,SAME DAY EMERGENCY CARE,NORTH DEVON HOSPITAL,SHIREHAMPTON,SW,EX31 4JB,51.092201,-4.0511326,01271 322577,34
35b13c60-4407-3ccd-9565-cb2a2d26e545,COOMBE PAFFORD SCHOOL,STEPS LANE,TORQUAY,SW,TQ2 8NL,50.494534,-3.5269935,,10
7dd6819b-49cb-3416-9e3b-13f85e7db887,CORNWALL HEALTH FOR HOMELESS,CWLL HEALTH FOR HOMELESS,FROME,SW,TR1 2JJ,50.26246,-5.0564019,01872 221240,58
712a59c6-e3ba-3c98-8ed0-24854008edd8,CANFORD HEALTH CLINIC,CULLIFORD CRESCENT,POOLE,SW,BH17 9DW,50.751527,-1.9666079,,1
50087784-3e3a-397b-9260-192d1bb9d15c,CARN TO COAST HEALTH CENTRES,POOL HEALTH CENTRE,LOSTWITHIEL,SW,TR15 3DU,50.226223,-5.2681545,01209 717471,91
2ce7d460-120b-3991-a10d-6dce451f0447,WONFORD GREEN SURGERY,WONFORD GREEN SURGERY,PLYMOUTH,SW,EX2 6NF,50.713847,-3.4994208,01392 250135,69
81b60837-d671-3b6c-a9fe-6617a738ce64,SOUTH BRISTOL LOCALITY,WITHYWOOD CENTRE,STAPLETON  BRISTOL,SW,BS13 8QA,51.40731,-2.6221188,0300 1256789,140
687c1acd-7197-3fe8-8686-69b861aaa635,FERNDOWN WORKSHOP,34 HAVILAND ROAD,WIMBORNE,SW,BH21 7RQ,50.810023,-1.9140387,,5
29c6366b-679d-3bdb-b8bf-ec87745de060,ST LUKES MEDICAL CENTRE,ST.LUKES MEDICAL CENTRE,HEAVITREE  EXETER,SW,TQ5 8NA,50.394313,-3.5176364,01803 852731,159
2791e9b2-fa33-3dd3-a658-eace052086be,THE WELLSPRING SURGERY,THE WELLSPRING SURGERY,BRISTOL,SW,BS5 9QY,51.455812,-2.5614665,0117 9557711,129
4df0c102-ab5e-319f-99c2-4eca9a0c6711,ROSEDEAN SURGERY,ROSEDEAN SURGERY,FALMOUTH,SW,PL14 4AQ,50.453685,-4.4659856,01579 343133,37
93466458-882d-3f52-8069-617b8499cd5e,WINTON DERMATOLOGY CLINIC,WINTON HEALTH CENTRE,BOURNEMOUTH,SW,BH9 1BP,50.739605,-1.8763574,01202 519311,31
183d327f-f53c-389d-a788-d81b6d7d4c29,WESTBURY GROUP PRACTICE,WHITE HORSE HEALTH CENTRE,WESTBURY,SW,BA13 3FQ,51.252707,-2.2034902,01373 828330,53
b3a602a5-9b4f-32b1-80dc-542a8e11c99e,BAMPTON SURGERY,THE SURGERY,,SW,EX16 9NB,50.988758,-3.4873047,01398 331304,34
575305b1-9db4-315a-b018-943d44fb89a3,LOCKING HILL SURGERY,LOCKING HILL SURGERY,STOW-ON-THE-WOLD,SW,GL5 1UY,51.747207,-2.2160927,01453 764222,65
19043b02-2223-317f-8f09-f8378c4fcf96,CM BOURNEMOUTH CENTRAL,BOURNEMOUTH LOCALITY,WIMBORNE,SW,BH21 1ER,50.802195,-1.9959181,,1
cd8acc5b-8e73-35e7-9fdb-e34c1277d791,ROYAL BOURNMOUTH HOSPITAL,CASTLE LANE EAST,BOURNEMOUTH,SW,BH7 7DW,50.747482,-1.8205054,,5
ba386195-18e5-3d1b-9671-7cb9a0242ac0,NURSE PRESCRIBER LITCHDON MC,LANDKEY ROAD,BARNSTAPLE,SW,EX32 9LL,51.069586,-4.0417106,,5
cfa770d7-4618-3625-8183-e0f2e878bfc9,STREET SPECIALIST EMI DAY CENTRE,29 WEST LEAZE,STREET,SW,BA16 0BW,51.128808,-2.7457115,,1
7df15e06-2514-392c-8189-681452a0409b,SIXWAYS CLINIC,SIXWAYS CLINIC,HUCCLECOTE  GLOUCESTER,SW,GL52 6HS,51.889028,-2.053933,01242 223810,52
d99d3e7c-a0ab-3aea-a0a9-7675af6e4d9a,PEMBROKE MEDICAL GROUP,PEMBROKE HOUSE SURGERY,TORQUAY,SW,TQ3 2EZ,50.445536,-3.5602325,01803 553558,70
d066923d-5778-3753-bb65-c4f09a3d0dec,MOUNT GOULD HOSPITAL,MOUNT GOULD ROAD,PLYMOUTH,SW,PL4 7QD,50.378513,-4.1151078,,7
986e87e0-ac9c-339b-8b21-da8754aa4003,ORCHARD MEDICAL CENTRE,FAIRMEAD,DURSLEY,SW,GL11 5NE,51.699708,-2.3643958,,1
746feeae-1a75-3e56-afd2-f1275f42d9ae,GLASTONBURY SPECIALIST EMI DAY CENTRE,41 NORTHLOAD STREET,GLASTONBURY,SW,BA6 9LL,51.148788,-2.7199563,,5
14be4e9b-4e2f-3cab-bb75-f379be005427,ADDACTION NORTH DEVON,LONGBRIDGE HOUSE,SWINDON,SW,EX39 3AF,51.017119,-4.2116132,0300 3033384,122
4b3d9c4b-4941-3973-a98a-7439095b0323,MADEIRA MEDICAL CENTRE,MADEIRA MEDICAL CENTRE,PARKSTONE  POOLE,SW,BH14 9ET,50.72815,-1.9348028,01202 741345,46
a606d578-1821-3b0c-9093-97bd84272c84,COMM HOSP - ST BARNABAS,ST BARNABAS HOSPITAL,LISKEARD,SW,PL12 4BU,50.407375,-4.2146868,01208 834600,30
ebd34553-6bca-3683-bf0a-0ce1f2631881,LYMPHOEDEMA SERVICE,WHEATSTONE,CHELTENHAM,SW,GL4 3TA,51.858376,-2.1983154,0300 4228750,45
418a8b58-693a-3d4e-8cb5-0092e324046c,CHELTENHAM & GLOUCESTER NUFFIELD,HATHERLEY LANE,CHELTENHAM,SW,GL51 6SY,51.891864,-2.1297598,,7
a603ccaa-1e4e-36c6-b88b-06f053261609,ASHLEY INTERMEDIATE CARE CENTRE,GREVILLE HOUSE,CHELTENHAM,SW,GL52 6YL,51.883772,-2.0448464,,5
56e5dd79-49e9-350c-bc39-7941d0935e2d,KINGSTEIGNTON MEDICAL PRACTICE,THE SURGERY WHITEWAY ROAD,BARNSTAPLE,SW,TQ12 3HN,50.54898,-3.5973952,01626 357080,191
f21a205f-fa26-3d4d-aafb-c76e77951341,MILTON ABBAS SURGERY,THE SURGERY,BLANDFORD FORUM,SW,DT11 0AT,50.819088,-2.2725615,01258 880210,107
00837e3b-d120-3cb2-991f-f9934f1f4a68,EXTENDED ACCESS GLOUCESTER HADWEN,HADWEN MEDICAL PRACTICE,YATE  BRISTOL,SW,GL4 4BL,51.841517,-2.2043084,01452 529933,112
e10d957d-efc2-3146-b6ee-f14debf190e1,MARAZION SURGERY,MARAZION SURGERY,SALTASH,SW,TR17 0HW,50.126873,-5.4639276,01736 710505,69
9eb763a2-b0d7-3f21-9fc9-6c956a2f8f60,THREE HARBOURS AND BOSVENA PCN HUB,RAWLINGS LANE,MARTOCK,SW,PL23 1DT,50.337929,-4.6353673,01726 829272,67
9884e1f7-9223-33d2-a8d0-ffbdb79ccbd3,MAYTREES MEDICAL PRACTICE,EAST TREES HEALTH CENTRE,BRISTOL,SW,BS5 6SA,51.470243,-2.5633714,0117 2444123,33
4868b9a8-9553-37c0-b4dd-feb254e6d1e7,SOMERSET BCSC,TRUST MANAGEMENT,TAUNTON,SW,TA1 5DA,51.01197,-3.1197783,01278 432000,77
e595f153-c7c5-34f1-baf7-249183e00456,PLYMOUTH CDC,COLIN CAMPBELL COURT,PLYMOUTH,SW,PL1 1TQ,50.37111,-4.1480242,,10
3f57ebb3-158b-3664-95fc-9442824b8e90,WESTBOURNE MEDICAL CENTRE,WESTBOURNE MEDICAL CENTRE,BOURNEMOUTH,SW,BH4 9HJ,50.723542,-1.9034439,01202 752550,115
7fa98b9b-cc66-3e1a-b16b-93f41f1f539c,INTEGRATED COMMUNITY STROKE SERVICE,S BRISTOL COMM HOSPITAL,BODMIN,SW,BS14 0DE,51.413518,-2.584803,0300 1255951,63
36d8025a-ee49-35c7-a952-9503cb7297bd,EGGBUCKLAND COMMUNITY,WESTCOTT CLOSE,PLYMOUTH,SW,PL6 5YB,50.397912,-4.123584,,10
1351ff87-32a9-3409-845d-7aad99a2f503,TED WEBSTER CENTRE,519A ASHLEY ROAD,POOLE,SW,BH14 0BD,50.729632,-1.9483175,,1
698260c0-bfc4-3ffd-a626-59915a40e32f,THE ADAM PRACTICE,306 BLANDFORD ROAD,POOLE,SW,BH15 4JQ,50.720875,-2.0105439,01202 679234,295
087e351d-1d66-3eaf-bf31-8fcb9a60d4f1,OLDER AGE - CHARLTON LANE HOSPITAL,CHARLTON LANE HOSPITAL,CHELTENHAM,SW,GL53 9DZ,51.881051,-2.073681,01242 634100,30
005a8b66-6130-319d-a3b3-84dc6b2375da,HIGHCLIFFE MEDICAL CENTRE,HIGHCLIFFE MEDICAL CENTRE,HIGHCLIFFE,SW,BH23 5ET,50.741232,-1.7018378,01425 272203,222
a0dc4dd3-da4e-325b-b200-83510e8df5ec,THE HERMITAGE SURGERY,THE HERMITAGE SURGERY,SWINDON,SW,SN1 3EF,51.552004,-1.772421,01793 522492,173
8aa3be3f-c9b8-3d83-b4b9-7fa5853c5beb,PRIORY SURGERY,326 WELLS ROAD,PILL,SW,BS4 2QJ,51.434219,-2.5660064,0117 9493988,144
7d788f8a-1b07-31b8-8707-52f0b11eff35,ADDACTION EXETER,1ST FLOOR BRITTANY HOUSE,GLOUCESTER,SW,EX4 4EP,50.726935,-3.5282471,0300 3033384,30
59b6e09c-502f-3172-a02f-0f54d1e9917c,IMPROVED ACCESS GLOUCESTER INNER CITY,PAVILION FAMILY DOCTORS,EXETER,SW,GL1 5JJ,51.853393,-2.2425901,01452 385555,38
79b3e042-3596-32c2-ad15-450af6fc25de,ST MARGARET'S HOSPICE,ST MARGARET'S HOSPICE,BRISTOL,SW,TA1 5HA,51.016486,-3.1270865,0845 0708910,107
b883a38d-21b3-3bc7-ada2-5966d7c6e86e,WESTBOURNE MEDICAL CENTRE,MILBURN ROAD,BOURNEMOUTH,SW,BH4 9HJ,50.723542,-1.9034439,,10
282b55af-97c5-3e9b-abc0-ec67c3ad65cc,RAMSEY HEALTH CARE UK,NEWHALL HOSPITAL,SWINDON,SW,SP5 4EY,51.030723,-1.7638289,01722 435140,30
210391cb-1077-3c2a-a7ac-d6b20ceeb51a,MADEIRA ROAD GP SURGERY,1 MADEIRA ROAD,POOLE,SW,BH14 9ET,50.72815,-1.9348028,,5
9c8bbdad-62b8-378d-b6d1-baeb9b0aa308,BMI HEALTHCARE RIDGEWAY HOSPITAL,MOORMEAD ROAD,BATH,SW,SN4 9DD,51.525334,-1.7861464,01793 814848,197
3e3133f3-f89b-366f-ac2f-e83f1f4fbbb7,CANNINGTON HEALTH CENTRE,CANNINGTON HEALTH CENTRE,YEOVIL,SW,TA5 2HB,51.149764,-3.0646487,01278 652335,121
3179f751-549a-3495-a8d5-72a10e2fba33,MOUNT PLEASANT HEALTH CENTRE,MOUNT PLEASANT ROAD,EXETER,SW,EX4 7BW,50.732834,-3.5159265,,6
a2af1c38-6037-31fb-9a0d-617071cd355d,UNIT 12 (COMMUNITY),BARTEC 4 BUSINESS PARK,YEOVIL,SW,BA20 2SU,50.935392,-2.6637148,,10
943c34df-19c6-3394-a69a-d310cab77c6a,ABBEY MANOR MEDICAL PRACTICE,ABBEY MANOR MEDICAL PRACT,IVYBRIDGE,SW,BA21 3TL,50.94992,-2.6644627,01935 404820,136
e98d9a15-82df-3aa3-9518-591be0e0a806,WESTBANK PRACTICE,THE SURGERY,EXETER,SW,EX6 8PZ,50.625663,-3.4478225,,5
5b665edb-491d-3d90-9409-e7e48b1035df,KINGSKERSWELL & IPPLEPEN MED PRACTICE,THE HEALTH CENTRE,PLYMOUTH,SW,TQ12 5DJ,50.500169,-3.5831414,01803 874455,129
0416ba5d-84d5-38a1-9f31-36edddb0b022,BECKINGTON FAMILY PRACTICE,BECKINGTON FAMILY PRAC,SOMERSET,SW,BA11 6SE,51.266491,-2.2815516,01373 830316,102
17ce6339-3498-38b0-a297-9212e880840f,PRIMARY CARE GYNAECOLOGY SERVICE,PRIMARY CARE GYNAECOLOGY,GLOUCESTER,SW,BS11 9JJ,51.49838,-2.6953877,0117 9824322,189
b2f8d294-6ba5-3e52-85c1-3876a0dd8f84,EVERGREEN SOCIAL DAY CARE SERVICE,50 THE MOUNT,TAUNTON,SW,TA1 2NR,51.014941,-3.0714654,,10
064c8f9e-30d9-3a96-9f70-a30df86ae26e,SUNNYSIDE SURGERY,SUNNYSIDE SURGERY,BRISTOL,SW,BS21 7TA,51.437908,-2.8585514,01275 873588,133
31b1df33-c5bb-3445-adda-31058c3e89d9,SUCCESS CENTRE - MOREDON,MOREDON MEDICAL CENTRE,WARMLEY,SW,SN2 2JG,51.582178,-1.8068499,01793 342000,38
ef9e86ea-b54a-3913-a9ce-f4ad257d27c7,ALPHINGTON PHARMACY,25 IDE LANE,PENHALE,SW,EX2 8UP,50.699471,-3.5349723,01392 434749,51
24b8bf96-d090-3e29-8d17-d45676f8f3b9,WEIGHT MANAGEMENT,CUMBERLAND CENTRE,BODMIN,SW,PL1 4JZ,50.369816,-4.1688071,01752 434623,58
ef3da7b6-023f-387c-a1dd-0ab5575da35a,GLOUCESTER ROAD MEDICAL CENTRE,GLOUCESTER RD MEDICAL CTR,BRISTOL,SW,BS7 8SA,51.484951,-2.5876465,0117 9497774,117
6998b339-45f9-3d9a-8b38-a3a720b19436,PES@SPECSAVERS FROME BSW CCG,19 WESTWAY CENTRE,MELKSHAM,SW,BA11 1BS,51.231931,-2.3216149,01373 451180,217
1f32923f-3587-3866-98ec-31455f89a2a4,HOLLYBROOK,BERKELEY CLOSE,STROUD,SW,GL5 4SA,51.746416,-2.247694,,5
a1be060c-3c9c-3c69-a312-7cb8de89cfb4,DAY LEWIS PHARMACY,9 BROAD STREET,BRISTOL,SW,PL15 8AA,50.636593,-4.3603126,01566 772081,65
28619c6c-74e7-318d-81b3-c75174ed1dcf,CASTLE PRACTICE,THE LUDGERSHALL HLTH CTRE,ANDOVER,SW,SP11 9RA,51.256046,-1.6175308,01264 790356,107
fe1597fb-905f-3d1a-bfdc-bf2bb9b31933,ST AUSTELL HEALTH GROUP,ST AUSTELL HEALTH GROUP,CORSTON  BATH,SW,PL25 3EF,50.34439,-4.7596194,01726 75555,78
c87b063b-3f96-32e3-940e-a1f274077cf9,MEADOWPARK,SHILLINGFORD ABBOT,EXETER,SW,EX2 9QJ,50.695221,-3.5510034,,1
8ae7f0b7-8aab-3296-8f99-a37f527a2e82,GREAT WESTERN SURGERY,THE GREAT WESTERN SURGERY,SWINDON,SW,SN1 2QU,51.569609,-1.7679471,01793 421311,169
22eb5d84-bea5-36ca-9e53-f0baa70c1a24,ST NEOTS SURGERY,ST NEOTS SURGERY,TORQUAY,SW,PL2 3HY,50.387979,-4.1608995,01752 561305,92
dce2702c-92b5-3086-9f28-79d97ce89ae9,TAVISTOCK MATERNITY HOSPITAL,SPRING HILL,TAVISTOCK,SW,PL19 8LD,50.547178,-4.1535757,,5
971afe70-ad43-32d1-ae0d-264d0d70411e,EAST CLUSTER IAGPS,RBCH NHSFT,EXETER,SW,BH7 7DW,50.747482,-1.8205054,01202 303626,95
579e83fa-dc24-3025-a89c-3d9789b770f2,THE DORCHESTER RD SURGERY,THE DORCHESTER RD SURGERY,WEYMOUTH,SW,DT4 7LE,50.625193,-2.4575122,01305 766472,41
dedd0e94-3723-375f-80fd-ea13bbfc89ee,NEWBRIDGE SURGERY,NEWBRIDGE SURGERY,BATH,SW,BA1 3PT,51.387628,-2.3940001,01225 425807,28
f9871322-f3ee-361f-acb0-7a750f79a0ec,ELIZABETH HOUSE (EVERGREEN),FONS GEORGE,TAUNTON,SW,TA1 3SA,51.007977,-3.1056136,,10
6028b807-a2a2-36ac-a831-28516fb9f360,STUDENT HEALTH SERVICE,STUDENT H/C HAMPTON HOUSE,BRISTOL,SW,BS6 6AU,51.46212,-2.6037771,0117 3302720,57
2e69599c-ad41-3841-809b-1a4ba0d364c0,NEWQUAY HEALTH CENTRE,THE HEALTH CENTRE,FREMINGTON  BARNSTAPLE,SW,TR7 1RU,50.412238,-5.0774822,01637 850002,30
d9d15e89-1b80-33a3-a9ae-37a679217943,SUE RYDER,LECKHAMPTON COURT HOSPICE,GLOUCESTER,SW,GL53 0QJ,51.872654,-2.0873061,01242 230199,100
c8f7c27f-b501-3cf4-9ba1-d4ccc48c62db,ST ALBANS MEDICAL CENTRE,ST.ALBANS MEDICAL CENTRE,CHARMINSTER,SW,BH8 9EW,50.741727,-1.8607624,01202 517333,156
5120d156-cb09-388a-826d-632c36d325cd,THE ALNEY PRACTICE,HIGHNAM SURGERY,LYDNEY,SW,GL2 8DH,51.884218,-2.2991565,01452 529699,400
4a578d86-c659-32dd-a02d-ef9f5beba7b1,IMPROVED ACCESS STROUD,REGENT STREET SURGERY,CHIPPENHAM,SW,GL10 2AA,51.744168,-2.2836158,01453 825690,70
f994fd9a-c083-3e50-9864-06994a3d8657,TAVYSIDE HEALTH CENTRE,ABBEY RISE,TAVISTOCK,SW,PL19 9FD,50.5458,-4.1459048,,6
e64faf50-8dad-3277-b62d-83131a1bef4f,JAMES FISHER MEDICAL CENTRE,4 TOLPUDDLE GARDENS,BOURNEMOUTH,SW,BH9 3LQ,50.760837,-1.861202,,5
d86f5c23-e320-3b84-b6d7-ddab159c6b08,RIVERVIEW,VICTORY ROAD,DARTMOUTH,SW,TQ6 9JR,50.352234,-3.5947177,,5
98ef1dea-8665-3151-9d74-c6af4aa0549a,CUMBERLAND CENTRE,DAMEREL CLOSE,PLYMOUTH,SW,PL1 4JZ,50.369816,-4.1688071,,10
7e44e9aa-4c98-38cd-8108-abad87d4a8f1,SALTASH HEALTH CENTRE,SALTASH HEALTH CENTRE,TRURO,SW,PL12 6DL,50.40973,-4.2208911,01752 842281,93
d4861ca9-c0c8-3e14-92bc-ea3149b76d7c,WOODA SURGERY,THE WOODA SURGERY,TORRINGTON,SW,EX39 4AU,51.017748,-4.2006927,01237 471071,28
4fad417e-a99e-322e-a32e-6c9a5912fada,DEVONPORT HEALTH CENTRE,DAMEREL CLOSE,SAMPFORD PEVERELL,SW,PL1 4JZ,50.369816,-4.1688071,01752 315388,156
41ff1dff-20b8-309d-9ff5-46e965478d51,PRIMARY CARE STOP SMOKING,PUBLIC HEALTH BUS TEAM,BRISTOL,SW,BS1 6XL,51.447759,-2.6180206,0117 9222920,375
f5c731bc-4127-3d4e-809b-4f9b4b92b2d3,ROWAN,SUMMERLANDS HOSPITAL SITE,YEOVIL,SW,BA20 2BX,50.946739,-2.6480333,,5
759e5f21-767b-348e-8f2f-273bb82df3a4,GLOUCESTER ICT HUB,QUAYSIDE HOUSE,GLOUCESTER,SW,GL1 2HY,51.866195,-2.2515906,,1
747cb5c7-6b4a-3d82-a700-fd7d56c95503,ST LUKES MEDICAL CENTRE,17 NEW ROAD,BRIXHAM,SW,TQ5 8NA,50.394313,-3.5176364,,8
d3cedccd-972a-39dd-9b35-90e41a6fd313,GRANGE ROAD SURGERY,GRANGE ROAD SURGERY,BRISTOL,SW,BS13 8LD,51.412944,-2.6194489,0117 9644343,400
16e3dd32-7014-3bdd-b9cc-b6ade047f7f8,BEDMINSTER FAMILY PRACTICE,BEDMINSTER FAMILY PRACT,BRISTOL,SW,BS3 4AT,51.444222,-2.5942314,0117 9663149,29
780038e7-cafd-375f-9901-10c6289d75e6,MIDDLEWAY SURGERY,MIDDLEWAY SURGERY,ST AUSTELL,SW,PL24 2JL,50.356446,-4.7132876,01726 812019,69
fd9ffcaa-99ae-3ca9-a2e5-5e0d43bc1d4e,BELLE VUE,5 BELLE VUE,WEYMOUTH,SW,DT4 8DR,50.607919,-2.4523418,,5
2623bc18-50df-3523-8c1a-52f142a952b2,HAWTHORN MEDICAL CENTRE,HAWTHORN MEDICAL CENTRE,SWINDON,SW,SN2 1UU,51.576581,-1.7791096,01793 536541,49
359ac358-bc50-3153-a2be-78838075224f,THE BIRCHWOOD PRACTICE,THE BIRCHWOOD PRACTICE,POOLE,SW,BH17 7XW,50.740218,-1.9984599,01202 697639,33
aefefe3f-c4d3-3d31-bf28-4ff9b807bf8c,OLD FARM SURGERY,THE OLD FARM SURGERY,KINGSBRIDGE,SW,TQ3 3TB,50.438688,-3.5850884,01803 556403,407
8a5b442a-4a15-3859-8b27-ba1825e22bec,ST KILDA'S RESIDENTIAL HOME,15 DREW STREET,GLOUCESTER,SW,TQ5 9JU,50.388415,-3.5161539,01803 853158,141
40080b8b-19fd-3bbc-93ca-79f26835a8fa,NURSE PRESCRIBER CAEN MC,CAEN HEALTH CENTRE,BRAUNTON,SW,EX33 1LR,51.107408,-4.1629067,,5
c0adeda7-93c2-3663-ae6b-c2aeea79a962,FAIRFIELD PARK HEALTH CENTRE,FAIRFIELD PARK HEALTH CTR,BRISTOL,SW,BA1 6EA,51.39498,-2.3525965,01225 331616,443
2fb70cf5-650e-3c79-a416-867383b31122,THE HAVEN,MONTPELIER HEALTH CENTRE,STAPLETON,SW,BS6 5PT,51.466527,-2.5894539,0117 9703887,30
84931024-01e7-3ee8-a73a-1ab52aedbf32,POOLE TOWN SURGERY,POOLE TOWN SURGERY,POOLE,SW,BH15 2PG,50.719578,-1.976348,01202 670111,59
c9e5718f-029c-3e6c-8b83-92c852c03573,PORLOCK MEDICAL CENTRE,PORLOCK MEDICAL CENTRE,BRIDGWATER,SW,TA24 8PJ,51.209934,-3.5964838,01643 862575,115
b86a313a-880e-3c88-b6c9-919c9fb37d37,BRISTOL AND WESTON BCSC,MARLBOROUGH STREET,BRISTOL,SW,BS2 8HW,51.458886,-2.596293,0117 992 300,47
709f9b5b-2dca-31aa-88ce-bc0de36b63f9,INTEGRATED SEXUAL HEALTH CLINIC,25-27 ST. MICHAELS ROAD,BOURNEMOUTH,SW,BH2 5DP,50.719002,-1.8844008,,5
3fa220a6-490c-3b73-b370-42f5aaadd250,CHRISTCHURCH BUSINESS CENTRE,GRANGE ROAD,CHRISTCHURCH,SW,BH23 4JD,50.7397,-1.7378152,,1
fa951781-c4b1-3895-8858-6f7cc08bb206,NORTHLANDS SURGERY,NORTHLANDS SURGERY,CALNE,SW,SN11 0HH,51.441656,-2.0058502,01249 812141,82
ddd11cac-86b5-3e35-9733-9f98c306941c,PARK LANE PRACTICE,PARK LANE PRACTICE,SWINDON,SW,SN1 5HG,51.558872,-1.7959424,01793 523176,55
d3ccef2f-d148-3646-92be-3302cfcb7ab1,BAY HOUSE,UNIT 3,TORQUAY,SW,TQ2 7HT,50.489149,-3.5566361,,5
35b48f6c-d934-31c7-8dc4-0019edc601e6,TAUNTON DIALYSIS UNIT,DEANE GATE AVENUE,TAUNTON,SW,TA1 2UH,51.019962,-3.0661491,,5
4c4aebf5-7b4c-334a-9e48-3516a1f58c44,TAUNTON DIALYSIS CENTRE,CREECH CASTLE,TAUNTON,SW,TA1 2DX,51.024868,-3.072564,,10
0d25bbcf-90cd-373a-8dca-6dd0bef04c45,ST MARTINS SURGERY,ST.MARTINS SURGERY,BRISTOL,SW,BS4 2QR,51.43134,-2.5644748,0117 9775641,251
3d8c7691-9b60-3adb-9dd5-605c9bd9646e,COMMUNTIY SERVICES (YEOVIL),RECKLEFORD CHILDREN'S CENTRE,YEOVIL,SW,BA21 4ET,50.944246,-2.6253667,,2
8ea3eff5-86ae-347a-8a01-47154e0d9739,TEIGNBRIDGE HTT,ESTUARY HOUSE,NEWTON ABBOT,SW,TQ12 4PH,50.532788,-3.5917401,,5
e320e3be-5fb9-38e0-ac83-f892f8e13ff8,SALMON SPRINGS,UNIT 13,STROUD,SW,GL6 6NU,51.752625,-2.2223912,,5
0c779a34-f5e3-356f-ad98-1db95f590032,PILNING SURGERY,PILNING SURGERY,STOKE GIFFORD,SW,BS35 4JF,51.56403,-2.6412506,01454 632393,30
055019b7-288e-3645-afcc-30c711d8a385,COMBE DOWN SURGERY,COMBE DOWN HOUSE,WESTON SUPER MARE,SW,BA2 5EG,51.361012,-2.3455851,01225 832226,190
1dd1fac7-f43a-36fa-a07a-0845139facaf,L85060 (VINE SURGERY),VINE SURGERY,NORTH PETHERTON,SW,BA16 0ET,51.126187,-2.7378528,01458 841122,32
8f92f626-8bc7-3175-a9c4-21290081b3b6,THE LINK CHILDRENS CENTRE,UNDERHILL ROAD,GLOUCESTER,SW,GL4 6BE,51.837612,-2.2159742,,5
4e922468-704e-3d1e-90f7-a7b4e0c74162,TINKERS LANE SURGERY,TINKERS LANE SURGERY,SWINDON,SW,SN4 7AT,51.543532,-1.900512,01793 852131,113
ae34243d-a964-3e08-a9d6-d6c040dc29bf,MOREDON MEDICAL CENTRE,MOREDON MEDICAL CENTRE,SWINDON,SW,SN2 2JG,51.582178,-1.8068499,01793 342000,67
f9fda1ef-26c1-31ed-bccf-e58258a63ec0,PARKHILL MEDICAL PRACTICE,PARKHILL MEDICAL PRACTICE,BIDEFORD,SW,TQ1 2AR,50.460249,-3.5229443,01803 212489,133
9f548db1-1966-336d-bc4a-7f3ae92ab8b1,ST MICHAELS COMMUNITY CARE CENTRE,ORCHARD WAY,HONITON,SW,EX14 1HU,50.799123,-3.1860018,,5
55b9cef2-9863-3f4c-8f59-a291e9a3cd59,RECOVERY TEAM,WEAVERS CROFT,EXETER,SW,GL5 2HZ,51.742713,-2.2098579,01453 563103,47
c0ebf701-ed23-34fd-904f-b3a80358e5fe,NORTH & WEST BRISTOL LOCALITY,WITHYWOOD CENTRE,MONTPELIER,SW,BS13 8QA,51.40731,-2.6221188,0300 1256789,62
243f87f7-2926-36ab-beab-deb8300ea242,HALDON HOUSE SURGERY,HALDON HOUSE SURGERY,EXETER,SW,EX8 1DQ,50.619819,-3.4162036,01395 222777,51
ec54b696-3dc9-3321-9d6c-23e0fd1457b6,BOURNEMOUTH LIBRARY,22 THE TRIANGLE,BOURNEMOUTH,SW,BH2 5RQ,50.720737,-1.8845382,,5
33364ffd-4452-38df-8ca8-8cd1803191d8,BURTON & BRANSGORE MEDICAL CENTRE,123 SALISBURY ROAD,CHRISTCHURCH,SW,BH23 7JN,50.75285,-1.7648598,01202 474311,119
700bde89-2a41-3399-9097-2aab0d894ad0,KINGSTON MAURWARD COLLEGE,KINGSTON MAURWARD,DORCHESTER,SW,DT2 8PY,50.718393,-2.404124,,10
1c201fe2-bac4-3ccc-9357-8a8f0b9547b0,SEA MILLS SURGERY,SEA MILLS SURGERY,BRISTOL,SW,BS9 2HL,51.484587,-2.6499282,0117 9681182,36
59a57182-03bf-3880-8fa9-87b478c4516f,PHOENIX SURGERY,PHOENIX SURGERY,SWINDON,SW,SN5 8SX,51.553528,-1.8218125,01793 600440,193
e97554f3-bad2-3c6b-9054-5a97ff87497c,CORFE CASTLE SURGERY,TOM'S MEAD,CORFE CASTLE,SW,BH20 5HH,50.635888,-2.0594219,01929 480441,29
29a4ffa8-8771-324d-b6a7-a77f64fb6969,MENDIP INTERGRATED HUB,WEST MENDIP PCN,BODMIN,SW,BA16 0ET,51.126187,-2.7378528,01458 841122,51
a272cbd6-e7d9-3674-ac61-574ea1171eaf,POOLE HEALTH VISITORS,1ST FLOOR  SEASTONE HOUSE,BOURNEMOUTH,SW,BH4 8EP,50.716798,-1.9032736,,5
fd686990-8912-3fb9-9d71-2645b6f11ac9,TOWNSEND HOUSE MEDICAL CENTRE,TOWNSEND HOUSE,CLAREMONT GROVE,SW,EX12 2RY,50.708487,-3.0732858,01297 20616,34
e9d072ec-07b0-3d07-8dce-2c3ec26ab1f4,LOVEMEAD GROUP PRACTICE,ROUNDSTONE SURGERY,TROWBRIDGE,SW,BA14 7EH,51.318645,-2.202706,01225 759850,179
79eda831-0aad-337e-a3a1-2157c78922f8,COMM HOSP - GANNEL AND TRENANCE,NEWQUAY HOSPITAL,ISLES OF SCILLY,SW,TR7 1RQ,50.411047,-5.0742235,01208 834600,81
7c267c0e-3900-39c8-ade2-3b910fb9dac9,PRIMARY CARE LIAISON SERVICE,AWP  SANDALWOOD COURT,BATH,SW,SN3 4WF,51.588072,-1.747761,01793 835787,68
286a63bc-8b14-3977-a853-9b0db475ef0e,RALEIGH SURGERY,RALEIGH SURGERY,PLYMOUTH,SW,EX8 5NH,50.640412,-3.3939823,01395 222499,33
25d61fe5-2812-3b34-ae85-89174e2061ab,GL3 COMMUNITY HUB,CHELTENHAM ROAD EAST,GLOUCESTER,SW,GL3 1HX,51.886613,-2.1893008,,5
311d106e-bfbb-33f8-957d-29c5f3f5b210,CHEW MEDICAL PRACTICE,CHEW MEDICAL PRACTICE,KEYNSHAM,SW,BS40 8UE,51.35619,-2.6291809,01275 332420,41
70a682ac-8eff-3968-a41b-e8d73eeb1a82,LUSON,LUSON SURGERY,YEOVIL,SW,TA21 8AG,50.977496,-3.2294147,01823 662836,62
101d63d0-29b1-3952-a03d-f6bd941281a2,TOGETHER DRUG & ALCOHOL SERVICE-EAST&MID,PO BOX 140,BATH,SW,EX14 0FJ,50.799361,-3.187285,0800 2335444,54
a03307ef-f8ff-32e8-942b-333b839316d6,WINTON HEALTH CENTRE,WINTON HEALTH CENTRE,BOURNEMOUTH,SW,BH9 1BP,50.739605,-1.8763574,01202 519311,66
469b8857-630c-3c82-b950-aabcf0cb416d,SELSLEY VICARAGE,SELSLEY HILL,STROUD,SW,GL5 5JS,51.736765,-2.2406032,,5
dd4414a5-8310-3403-8027-656f8ecdb8f6,ALMONDSBURY SURGERY,ALMONDSBURY SURGERY,BRISTOL,SW,BS32 4DS,51.553546,-2.5735158,01454 613161,79
b22dae51-8157-3113-8bdb-4ff03d6ae7d2,MYTHE MEDICAL PRACTICE,MYTHE MED PRAC  1ST FLOOR,FAIRFORD,SW,GL20 5GJ,51.99272,-2.1542275,01684 293278,36
1563e4d2-af10-3a20-a899-ed4e854a3cac,ADULT LEARNING DISABILITIES SERVICE,FOUNDATION HOUSE,HIGHER PORT VIEW  SALTASH,SW,TA2 7PQ,51.031838,-3.1024023,01823 368375,37
8298238c-0359-30b6-bbcc-31aa22133879,NORTHAM SURGERY,NORTHAM SURGERY,NEWTON ABBOTT,SW,EX39 1AZ,51.038054,-4.2155203,01237 474994,146
54d08d20-9336-3810-bd3d-8780ba3a4ef0,CUMBERLAND UTC,CUMBERLAND CENTRE,PLYMOUTH,SW,PL1 4JZ,50.369816,-4.1688071,,35
d9cbc252-6c7d-3afb-8cae-be8c8ad71ea9,DAWN CLINIC,RHEUMATOLOGY DEPT,PLYMOUTH,SW,SN3 6BB,51.538161,-1.7276925,01793 604323,52
adf10ad3-3213-3622-8974-15dd26dad9fc,PHARMADERMA LTD OKEHAMPTON,31-32 FORE STREET,PLYMOUTH,SW,EX20 1HB,50.739062,-4.0024376,01837 52153,114
8b6b0112-b1d4-30d6-a164-4aaf2427d2ff,INPATIENT EMERGENCY - ST ANNS,ST. ANNS HOSPITAL,POOLE,SW,BH13 7LN,50.698623,-1.9279197,,3
816032a1-90ac-3e4f-b45c-7a92278757af,BRACKEN OLDER PERSONS TEAM,BRACKEN HOUSE,CHARD,SW,TA20 1YA,50.874558,-2.9521083,,5
d5c981cb-8f8a-3d52-be03-5a9fa5d0232e,CHARLES CROSS POLICE STATION,HAMPTON STREET,PLYMOUTH,SW,PL4 8HG,50.372756,-4.1363271,,15
9ca7fd71-effb-3a3e-ad35-f653b018c922,BCH URGENT CARE CENTRE,S BRISTOL COMM HOSPITAL,EXETER,SW,BS14 0DE,51.413518,-2.584803,0117 3429692,30
80a70e80-7312-300b-93b7-dee1462bbabb,MEDICAL RECORDS,9 ARTILLERY ROAD,YEOVIL,SW,BA22 8RP,50.949275,-2.6796855,,1
6f9d6b49-efea-39b1-a4c7-f9a20f9a3a53,TAUNTON DEANE CMHT FOR OLDER PEOPLE,2 MARCO POLO HOUSE,TAUNTON,SW,TA2 6BJ,51.026078,-3.1246384,,5
687f6535-49ef-30e9-a5e3-1ab4dc11e0fe,CIRENCESTER HEALTH GROUP,THE AVENUE SURGERY,CIRENCESTER,SW,GL7 1EH,51.713423,-1.9640862,01285 653122,78
11c06aec-49b0-347c-bd70-5d284474c076,FROME RENAL OUTPOST,FROME COMMUNITY HOSPITAL,FROME,SW,BA11 2FH,51.237156,-2.3112808,,33
aa60e3b4-c784-3f72-aa56-44596fd51412,GLENDEVON MEDICAL PRACTICE,3 CARLTON PLACE,TEIGNMOUTH,SW,TQ14 8AB,50.545665,-3.4963371,,1
48977fa6-1dae-3f36-85ab-1fb4c8e9802b,MARINE & OAKRIDGE PARTNERSHIP,29 BELLE VUE ROAD,BOURNEMOUTH,SW,BH6 3DB,50.722847,-1.8065462,,7
0a34ea77-426c-3db4-a89c-668f39e2dcdc,HEALTHY LIVING CENTRE,HESTERS WAY COMMUNITY RESOURCE CTR,CHELTENHAM,SW,GL51 7SU,51.902001,-2.1169697,,5
ac976f26-38b2-3475-8bf8-e04b200057f2,PRIMARY CARE DRUG MISUSE SERVICE,PATCHWAY CLINIC,WILTON,SW,BS34 5PD,51.531741,-2.5734867,0117 9805705,44
51e1e872-a6a0-3141-87d4-73936ac2e2dd,NEWMEDICA BRISTOL,LITFIELD HOUSE,SWINDON,SW,BS8 3LS,51.457757,-2.6230925,0117 3350160,392
167c5086-c870-3686-9722-1c094e882ad0,PRESCRIBER 113,KINGSWOOD HUB,BRISTOL,SW,BS15 4DA,51.4626,-2.4999413,,39
817b8116-2e7b-3ca3-933d-89151127a9c0,ST ANN STREET SURGERY,82 ST.ANN STREET,SALISBURY,SW,SP1 2PT,51.066336,-1.7891362,01722 342000,83
570a3d22-1f43-3787-bfa5-f064baf276e6,THE BARN SURGERY,CHRISTCHURCH MEDICAL CTR,CHRISTCHURCH,SW,BH23 3AF,50.736437,-1.7594579,01202 486456,56
9afaa18f-9a47-3716-b77a-261d32b1c401,FOXHAYES PRACTICE,THE FOXHAYES PRACTICE,MARLBOROUGH STREET,SW,EX4 2BH,50.726118,-3.5492607,01392 208789,220
5087cb93-48a1-329e-989b-a337b26f6bbc,BEVERSBROOK MEDICAL CENTRE,BEVERSBROOK MEDICAL CTR,CALNE,SW,SN11 9UT,51.446304,-2.0134195,01249 821831,130
f8bc017f-a924-3b9a-b059-bc710d8aff84,NEWMEDICA PLYMOUTH,FORDER HOUSE,EXETER,SW,PL6 5WR,50.411651,-4.1194127,01752 421622,36
ae98f432-0d6a-3a33-9dc9-c2f9c3f5360b,BRIXHAM CARERS,THE KINGS ROOM,BRIXHAM,SW,TQ5 9TF,50.395859,-3.5121845,,5
0fc723ea-da38-3468-ac2e-8f153d6eef71,LDS WEST DEVON,FOLLATON HOUSE,TOTNES,SW,TQ9 9TA,50.431535,-3.7091382,,5
dad911a4-4690-3e61-9701-074002f37f4c,LIVI - WESTROP SYSTMONE HUB,FLOOR 12  CAPITAL TOWER,EXETER,SW,SE1 8RT,51.503542,-0.11044757,020 38703029,31
9e893d50-2bbf-3ad5-9e68-19e526437151,CAEN MEDICAL CENTRE,CAEN MEDICAL CENTRE,ILFRACOMBE,SW,EX33 1LR,51.107408,-4.1629067,01271 818030,114
008cc1e3-7587-3b91-b933-f3c11bfda8b0,DORCHESTER AMBULANCE STATION,LUBBECKE WAY,DORCHESTER,SW,DT1 1QL,50.712308,-2.4237022,,2
11639cff-51fb-3b68-99cb-eb74701d17fc,BURTON MEDICAL CENTRE,123 SALISBURY ROAD,CHRISTCHURCH,SW,BH23 7JN,50.75285,-1.7648598,,5
5b595ac5-ff1b-34a9-9949-f01683af9452,NARROWCLIFF SURGERY,NARROWCLIFF SURGERY,TRURO,SW,TR7 2QF,50.417623,-5.07082,01637 854433,192
bf02b3c0-65ba-36f2-91d6-19865b826fa1,OAKSIDE SURGERY,HONICKNOWLE GREEN MED CTR,PAIGNTON,SW,PL5 3PY,50.411267,-4.1593271,01752 766000,127
618102ec-510d-3c0c-9cf6-59711f8ebca5,ST JAMES MEDICAL CENTRE,ST JAMES MEDICAL CENTRE,YEOVIL,SW,TA1 1JP,51.018121,-3.101806,01823 285400,73
65349a55-5765-3337-b417-acb0df11e6e9,KINGSKERSWELL & IPPLEPEN MED PRACTICE,THE HEALTH CENTRE,NEWTON ABBOT,SW,TQ12 5DJ,50.500169,-3.5831414,,10
93c80fe1-6019-307e-b94a-26ce6d4bc84c,SOUTHMEAD & HENBURY FAMILY PRACTICE,SOUTHMEAD HEALTH CENTRE,BATH,SW,BS10 6DF,51.50477,-2.6016178,0117 9507150,200
0d816039-ec19-39d0-b65a-25491ef1d5b6,WESTBURY ON TRYM PRIMARY CARE CENTRE,WESTBURY ON TRYM PCC,BRISTOL,SW,BS9 3AA,51.493033,-2.6177543,0117 9623406,255
cb205984-0b32-3835-aa3b-6ed74c76bbc7,DAY LEWIS PHARMACY,206 SALTASH ROAD,EXETER,SW,PL2 2BD,50.389341,-4.1799684,01752 562597,48
2f7fea84-0763-3a14-823a-09a407213e34,RIDGEWAY VIEW FAMILY PRACTICE,WROUGHTON HEALTH CENTRE,SWINDON,SW,SN4 9LW,51.524184,-1.7915714,01793 812221,91
bf30acaa-2e6d-3b41-8caa-00f910e44088,ENT CLINIC  CUMBERLAND,CUMBERLAND CENTRE,PLYMOUTH,SW,PL1 4JZ,50.369816,-4.1688071,,11
5e2e7bbe-7411-3c48-8f91-035d78bacdae,SHELLEY MANOR HOLDENHURST MEDICAL CENTRE,SHELLEY MANOR MED CTR,BOURNEMOUTH,SW,BH5 1LX,50.723834,-1.8344508,01202 309421,430
3fb7ca38-e9d8-31d9-8495-dba86956c77b,AVENUE SURGERY,THE AVENUE SURGERY,WARMINSTER,SW,BA12 9AA,51.206368,-2.1785218,01985 224600,72
fe42e79c-1354-3390-838f-56092c7f4dd5,MARKET LAVINGTON SURGERY,MARKET LAVINGTON SURGERY,DEVIZES,SW,SN10 4AQ,51.289137,-1.9758018,01380 812500,153
4b6ae959-60e9-36a6-a70b-4d27332f7905,WEYMOUTH COLLEGE,CRANFORD AVENUE,WEYMOUTH,SW,DT4 7LQ,50.62294,-2.4518074,,5
bf6ed802-9088-363a-b9c2-630b249b384b,BVALE ASSESS & TREAT (ICATS),VALE COMMUNITY HOSPITAL,NEWTON ABBOT,SW,GL11 4BA,51.687748,-2.3534359,0345 6598494,43
f6923dcc-76e0-3f90-912f-907e4db98b62,CASTLE HILL HOUSE,65 BOURNEMOUTH ROAD,POOLE,SW,BH14 0EN,50.725773,-1.9453608,,1
b0b450e9-547e-314d-9644-780638fa2134,ELDENE SURGERY,ELDENE SURGERY,SWINDON,SW,SN3 3TQ,51.556121,-1.7374658,01793 522710,28
59b64739-901d-32f5-9d08-aa3d17982b48,UNIVERSITY MEDICAL CENTRE,UNIVERSITY MEDICAL CENTRE,STOKE BISHOP,SW,BA2 7AY,51.380441,-2.3306731,01225 789100,59
5df5c2d2-9ed3-3108-84be-37d031a128d7,BOURNE VALLEY PRACTICE,THE BOURNE VALLEY PRACT.,TIDWORTH,SW,SP9 7NN,51.234828,-1.6623665,01980 600600,62
06bea41e-eade-3f23-a840-76cddb04b72d,LONG ASHTON SURGERY,LONG ASHTON SURGERY,BEDMINSTER,SW,BS41 9DY,51.429177,-2.6679846,01275 392134,49
34b9576c-f518-3c29-807d-0f1ed4c823ff,KCCG-CHC ST JULIAS,ST JULIA'S HOSPICE,ST AUSTELL,SW,TR27 4HW,50.181449,-5.4232128,01726 627953,30
3a015b0e-0f7d-3f66-b010-d6360117c825,PORCH SURGERY,THE PORCH SURGERY,CORSHAM,SW,SN13 9DL,51.432435,-2.1920759,01249 712232,56
274d2da0-9310-3972-a82e-5b042c1145c7,BURNHAM AMBULANCE STATION,LOVE LANE,BURNHAM-ON-SEA,SW,TA8 1EU,51.23815,-2.9929159,,5
61aa6bf8-3b74-3b32-a99d-eeec4bdc3fc7,NEWNHAM SURGERY,NEWNHAM&WESTBURY SURGERY,STONEHOUSE,SW,GL14 1PF,51.82161,-2.4054228,01594 516241,155
a2adcd7b-e1f7-32f8-83e6-79075058bd30,SPRINGMEAD SURGERY  CHARD,SPRINGMEAD SURGERY,WINCANTON,SW,TA20 2EW,50.86958,-2.967952,01460 64457,71
73a0e103-7c6c-359d-945a-0f959f4c15d9,WEST ONE SURGERY,WEST STREET,CHARD,SW,TA18 8AY,50.883245,-2.7972658,01460 75746,66
11ae0513-0aee-388e-a30d-6a1f34dfc770,ATLANTIC MEDICAL GROUP,ST CLARE MEDICAL CENTRE,LISKEARD,SW,TR18 3DX,50.124352,-5.5473442,01736 363741,49
c2dfaa50-850b-348e-b795-8b37e6249ad9,ST PETER'S HOSPICE,ST PETER'S HOSPICE,BRISTOL,SW,BS10 6NL,51.506152,-2.6090274,0117 9159400,31
4714088f-5453-3e82-bf78-8287aac6110a,PRACTICE PLUS GRP HOSP SHEPTON MALLET,SHEPTON MALLET HOSPITAL,BATH,SW,BA4 4LP,51.189728,-2.562876,01749 333602,28
6beb0a83-8ad5-310b-809a-fc48a8b023d0,BETTRIDGE SCHOOL,WARDEN HILL ROAD,CHELTENHAM,SW,GL51 3AT,51.887721,-2.0997438,,6
ef08dfae-3874-3b7b-9bc4-0454da8f3d13,SOUTH PETHERTON HOSPITAL,HOSPITAL LANE,SOUTH PETHERTON,SW,TA13 5AR,50.953257,-2.8004994,,5
b15f2fe1-73d7-3139-ad79-087c410197d4,ST.JAMES'S SURGERY,ST.JAMES'S SURGERY,BRISTOL,SW,BA1 2SR,51.38946,-2.3668537,01225 422911,70
da7b2a6c-afd2-3586-b5f8-a622f5e38fa7,IRNHAM LODGE SURGERY,IRNHAM LODGE SURGERY,CASTLE CARY,SW,TA24 5RG,51.203013,-3.4778355,01643 703289,156
12bcca13-2427-31fc-80a8-dfbf74e1c553,BEAUFORT ROAD SURGERY,BEAUFORT ROAD SURGERY,SOUTHBOURNE  BOURNEMOUTH,SW,BH6 5AJ,50.728157,-1.814841,01202 433081,28
70eb10c2-ed48-3ee6-acf9-13bc7de00ec5,COMMUNITY OPHTHALMOLOGY SERVICE,THE ADAM PRACTICE,DEVIZES,SW,BH16 5PW,50.73901,-2.028971,01202 622339,357
eb43d508-0a3d-350a-9ced-cad34fb0a9e9,CHARLOTTE KEEL MEDICAL PRACTICE,CHARLOTTE KEEL HEALTH CTR,BRISTOL,SW,BS5 0UA,51.465599,-2.5717211,0117 9027145,110
2467f478-5856-36b4-8c21-c0441bfc3233,DEAN CROSS SURGERY,DEAN CROSS SURGERY,AXMINSTER,SW,PL9 9DL,50.358939,-4.0953552,01752 404743,30
b64b3852-ec47-317b-aa11-93386b10e5a9,TYNTESFIELD MEDICAL GROUP,NAILSEA FAMILY PRACTICE,STOCKWAY SOUTH  NAILSEA,SW,BS48 2XX,51.432708,-2.7600297,01275 866700,67
689972e1-10e2-3302-b8c4-8242d81de1a5,THE MILESTONE SCHOOL,LONGFORD LANE,GLOUCESTER,SW,GL2 9EU,51.878997,-2.2207923,,10
dbcdd135-b8ef-385a-9c02-728547f21b2e,COMBE COASTAL PRACTICE,COMBE COASTAL PRACTICE,OTTERY ST.MARY,SW,EX34 8EG,51.203741,-4.1268329,01271 863119,91
3bbfc0a5-53d0-3eab-a411-732ecbf33456,LANGTON HOUSE REHAB UNIT,WHARF ROAD,BRISTOL,SW,SN4 9LF,51.527248,-1.8008693,01793 845312,272
3f479d4f-f84b-3783-af1c-275358bddcd3,MAYFLOWER MEDICAL GROUP,STIRLING ROAD MEDICAL CTR,DAWLISH,SW,PL5 1PL,50.404913,-4.1889161,01752 982200,304
f9741620-addd-3367-afae-e5fb1cee4978,HOSPISCARE,SEARLE HOUSE,CLEVEDON,SW,EX2 5JJ,50.715138,-3.5080603,01392 688000,31
a9b13f55-5813-3f22-8416-cf2f9d5b5d0d,BOOTS,GLOUCESTER HOUSE,BOURNEMOUTH,SW,GL7 4AB,51.707893,-1.781004,01285 712350,90
cfee9c93-5130-382c-9af1-1c3e5a08dc7d,CAM & ULEY FAMILY PRACTICE,THE CAM SURGERY FAIRMEAD,CHELTENHAM,SW,GL11 5NE,51.699708,-2.3643958,01453 860459,73
23f99217-096b-3018-bf57-fa5bbd32e597,HOLLACOMBE COMMUNITY RESOURCE CENTRE,386 TORQUAY ROAD,PAIGNTON,SW,TQ3 2DJ,50.449028,-3.5560372,,1
581647cc-24d1-3f9d-b911-d6c42129c813,WALFORD MILL MEDICAL CENTRE,WALFORD MILL MEDICAL CTRE,WIMBORNE,SW,BH21 1NL,50.805288,-1.9892053,01202 886999,108
207a5fff-1bd3-3070-83ba-266998b3e39c,THE LENNARD SURGERY,THE LENNARD SURGERY,BRISTOL,SW,BS13 7JD,51.425872,-2.6130939,0117 9642211,141
4ec7f5cd-9557-37ff-87e3-4c402e99de49,PHARMACY MANUFACTURING UNIT (PMU),UNIT 7  TORBAY BUSINESS PARK,PAIGNTON,SW,TQ4 7HP,50.412309,-3.5877967,,7
7f8a9d0d-9c28-3010-adc2-73b1a78e1d10,WORKING AGE ADULTS - AVON HOUSE,AVON HOUSE,GLOUCESTER,SW,GL20 8SJ,51.998681,-2.132181,01684 861150,117
702b695b-e03a-35a2-bbbe-0aa54c7e0279,LIVI - WYVERN HEALTH P'SHIP SYSTMONE HUB,FLOOR 12  CAPITAL TOWER,CHELTENHAM,SW,SE1 8RT,51.503542,-0.11044757,020 38703029,180
c046163e-db14-3e7d-addd-4833e8440909,THE CEDARS SURGERY,THE CEDARS SURGERY,BATH,SW,BS22 6AJ,51.357783,-2.9256445,01934 515878,31
3bac5089-a28e-3b45-80de-07d490c635c1,TURNING POINT TROWBRIDGE,THE HALVE,CHIPPENHAM,SW,BA14 8SA,51.322995,-2.2038015,0845 6036993,101
e596a6f8-4451-3c60-af06-3c7649081ebe,EAST TREES HEALTH CENTRE,100A FISHPONDS ROAD,BRISTOL,SW,BS5 6SA,51.470243,-2.5633714,0117 2444123,29
8222d358-c196-3241-af1b-61b488b68bc3,NEETSIDE SURGERY,NEETSIDE SURGERY,GREAT WESTERN HPL,SW,EX23 8LA,50.829351,-4.5461231,01288 270580,38
75be71a5-11bd-3109-816d-8a15e2e470e4,GWH NHS FT,NORTH SWINDON DISTRICT CT,IVYBRIDGE,SW,SN25 4AN,51.596933,-1.8071339,01793 463333,46
37c0309b-7f82-353d-962a-97863cee7b0a,REDFERN HEALTH CENTRE,REDFERN HEALTH CENTRE,OKEHAMPTON,SW,TQ8 8DJ,50.238921,-3.7691041,01548 842284,52
3fc3ba42-a925-3c4c-82ff-857f62695bde,LAKE ROAD SURGERY,LAKE ROAD,VERWOOD,SW,BH31 6EH,50.869485,-1.8690657,,10
f6f84b50-7bfb-3065-a750-8bed8dce393e,WEST MOORS VILLAGE SURGERY,WEST MOORS GROUP PRACTICE,FERNDOWN,SW,BH22 0HX,50.82619,-1.8896883,01202 865800,64
49a0408b-9ead-32a2-a201-62d0942e2bc7,TOTHILL SURGERY,TOTHILL SURGERY,TEIGNMOUTH,SW,PL4 8PH,50.374237,-4.1291084,01752 315594,36
29da30fb-ac91-3022-9254-4fc6aab89be9,WINCANTON COMMUNITY HOSPITAL,VERRINGTON,WINCANTON,SW,BA9 9DQ,51.058753,-2.4181686,,5
c782c5d4-ce5c-30c6-b21b-b4978d267329,GROSVENOR PLACE SURGERY,GROSVENOR PLACE SURGERY,BRISTOL,SW,BA1 6BA,51.394752,-2.3445315,01225 484748,141
a94d9084-50dc-3a1c-890d-ba7ba47f0550,FRITHWOOD SURGERY,FRITHWOOD SURGERY,CHELTENHAM,SW,GL6 8DE,51.729716,-2.1623353,01453 882868,100
c4665fa9-1c08-3f70-bf2f-ba01d6b318ff,BERKELEY PLACE SURGERY,WILSON HEALTH CENTRE,BLAKENEY,SW,GL52 3EY,51.910614,-2.055936,01242 513975,62
2cd67634-a553-3425-a9b1-7a0ac2ad4f82,PINHOE SURGERY,THE PINHOE SURGERY,PLYMOUTH,SW,EX1 3SY,50.737537,-3.4696228,01392 469666,62
6b0dcce4-394c-3e08-b082-78f53264fac7,CRANBORNE SURGERY,PENNYS LANE,WIMBORNE,SW,BH21 5QE,50.919771,-1.9191863,,21
3c476aac-3de1-3202-95bf-ea09a9c55695,WOODSPRING LOCALITY,2ND FLOOR  CASTLEWOOD,STAPLETON,SW,BS21 6FW,51.438683,-2.8409847,0300 1256789,80
b7f4170a-4733-3de9-b968-21099ab605dc,NURSE PRESCRIBER NORTHAM SURGERY,BAY VIEW ROAD,BIDEFORD,SW,EX39 1AZ,51.038054,-4.2155203,,10
f191433d-b1d1-3fe6-9114-8a46e7026ba9,SMALLBROOK SURGERY,SMALLBROOK SURGERY,WARMINSTER,SW,BA12 8QS,51.20684,-2.181043,01985 846700,245
1e5a70cf-061b-3eda-afe8-6f3ec3006fb9,OLDER AGE - WEAVERS CROFT,WEAVERS CROFT,STROUD,SW,GL5 2HZ,51.742713,-2.2098579,01453 563103,35
27e70568-692e-382b-932b-d1be99b8ebc9,COMMUNITY TEAM HAYLE,HAYLE COMMUNITY CENTRE,PAR,SW,TR27 4PB,50.187071,-5.41284,01208 834600,31
65187f41-fb5e-3479-82d6-c541b2b2ac25,GENESISCARE,300 PARK AVENUE,BRISTOL,SW,BS32 4SY,51.542597,-2.5710853,,248
0adde88b-0492-3de0-b35f-e8ba7c70e8a5,OLDER AGE - COLLIERS COURT,COLLIERS COURT,CINDERFORD,SW,GL14 2QA,51.825309,-2.4916007,01594 893055,49
ebcf6544-7505-3d05-9730-7399527477df,COMMUNITY DERMATOLOGY SERVICE,WILLIAM BUDD HC,BRISTOL,SW,BS4 1WH,51.428755,-2.5962602,0117 9449782,30
ee509c42-0a51-3f1e-9a56-1230b360688e,LONGLEVENS SURGERY,LONGLEVENS SURGERY,NAILSWORTH,SW,GL2 0AJ,51.875884,-2.2120178,01452 522695,40
3010a6e4-97dd-337a-a6dd-efa1ac0a79df,UPTON HEALTH CENTRE,BLANDFORD ROAD NORTH,POOLE,SW,BH16 5PW,50.73901,-2.028971,,12
4427c954-1a7f-37e9-9348-a5f52c2a0bf7,TOWNSEND HOUSE MEDICAL CENTRE,49 HAREPATH ROAD,SEATON,SW,EX12 2RY,50.708487,-3.0732858,,5
50bdf0e5-ce91-322e-ba7f-438c4c8dc004,PROSPECT LYMPHOEDEMA AQP,MOORMEAD ROAD,BRADFORD ON AVON,SW,SN4 9BY,51.526421,-1.7852764,01793 813355,91
04a98455-9b66-3c5a-9c81-ed1bdfcd664d,LITTLEDOWN SURGERY,LITTLEDOWN SURGERY,BOURNEMOUTH,SW,BH7 7BU,50.741647,-1.8334386,01202 309500,98
4676fabc-1a6b-3bd4-a5d8-20b4ba272102,THE WELLBRIDGE PRACTICE,THE WELLBRIDGE PRACTICE,WOOL WAREHAM,SW,BH20 6DR,50.679048,-2.225354,01929 462376,61
ca4ac628-bfdd-3a43-b3e7-bec28fac4397,WHIPTON SURGERY,THE WHIPTON SURGERY,PLYMOUTH,SW,EX4 8EG,50.73303,-3.4881018,01392 462770,66
07b0a1c5-a436-3cad-a4b7-0b01378f9d51,ROSEBANK HEALTH,KINGSWAY HEALTH CENTRE,121 SWINDON RD CHELTENHAM,SW,GL2 2FY,51.81948,-2.2669985,01452 543000,312
eeacf17b-0f22-3b1d-ad88-ac9d9575d840,SELSLEY COACH HOUSE,SELSLEY HILL,STROUD,SW,GL5 5JS,51.736765,-2.2406032,,7
5f4dcadd-85c8-3905-a36a-07d87d5d6deb,DERMATOLOGY CONS LED PENNTORR HEALTH,PENNTORR HEALTH CENTRE,PLYMOUTH,SW,PL11 2TB,50.376056,-4.2250421,01752 813277,87
63f8c046-583a-3920-bc78-b75cea93b6e2,DORSET IUC PARTNERSHIP,SW AMBULANCE SERVICE NHS,POOLE,SW,BH24 2RR,50.817952,-1.8560364,0300 3690460,115
d1df34a5-9d2f-356d-8c47-7f52fb6dc722,PEVERELL PARK SURGERY,THE STABLES,HATHERLEIGH,SW,PL2 3PX,50.393192,-4.1469963,01752 766644,84
579052b1-478a-31d4-9546-7af9439296cf,THE BLANDFORD GROUP PRACTICE,BLANDFORD GROUP PRACTICE,BLANDFORD,SW,DT11 7BH,50.859001,-2.1652841,01258 452501,73
c7c332f6-b428-30a5-8e5f-ccc66214cacb,ILMINSTER AMBULANCE STATION,BUTTS ROAD,ILMINSTER,SW,TA19 0AX,50.928231,-2.9097053,,6
3693e133-3ecf-354d-9225-4cab5908a29c,LILLIPUT SURGERY,LINDISFARNE,POOLE,SW,BH14 8EE,50.711604,-1.9540308,01202 710013,282
fefa81e2-2cc5-3e19-9fb0-e72dcd666810,DR WADEBRIDGE COMM TEAM,BROOKLYN,TRURO,SW,PL27 7BS,50.514824,-4.8357722,01208 834600,65
5afbda19-d3a4-3487-8593-b7714364b661,CHRISTCHURCH LOCAL OFFICE,LORING ROAD,CHRISTCHURCH,SW,BH23 2GZ,50.743974,-1.7927257,,1
2aacd1b7-48b7-3514-97f4-c1287b7f5e31,DERM GPWSI CATTEDOWN PCC,CATTDOWN PCC,SWINDON,SW,PL4 0BZ,50.368595,-4.1228792,01752 229902,40
6ede24c7-4547-37cc-9700-df07165532b3,WEST HOE SURGERY,WEST HOE SURGERY,HAMPTON AVENUE  TORQUAY,SW,PL1 3BS,50.364623,-4.1491093,01752 660105,232
a0347641-7ac9-3ee4-8e7a-45db9e750225,THE RICE CENTRE,ROYAL UNITED HOSPITAL,CLEVEDON,SW,BA1 3NG,51.392764,-2.3905661,01225 476420,304
3a3d3d94-24af-3d59-9c73-9b5aa801ff48,PRICES MILL SURGERY,PRICES MILL SURGERY,CIRENCESTER,SW,GL6 0DQ,51.693792,-2.224967,01453 832424,206
a101b5c9-ea44-331c-b2b5-f51abb9b9257,DUKE OF GLOUCESTER MEDICAL CENTRE,29 REGIMENT RLC,CIRENCESTER,SW,GL7 5RD,51.693507,-1.9244175,,35
ec980ffc-8c39-32b6-96bb-b7eb1a35f79a,CHILDRENS EATING DISORDERS SERVICE,BROWNHILL CENTRE,SALISBURY,SW,GL51 9EZ,51.907065,-2.0828959,01242 634242,161
af59bd41-4514-3576-8da2-6e9f6f05d624,BISHOPSTON MEDICAL PRACTICE,43 NEVIL ROAD,BRISTOL,SW,BS7 9EG,51.478991,-2.5874259,0117 9440700,90
02c3b6ce-9b38-32b9-ae95-470d865342d4,BROADMEAD MEDICAL CENTRE,BROADMEAD MEDICAL CENTRE,GLOUCESTER,SW,BS1 3EA,51.457392,-2.5894801,0117 9549828,64
92f0c3b4-1772-3515-a00f-282d16242a29,HMP BRISTOL,HMP BRISTOL,PLYMOUTH,SW,BS7 8PS,51.48062,-2.5906581,0117 3723100,41
29ac411b-013d-36b6-8ba6-108de51914ef,FORENSIC (COMMUNITY),LANGDON HOSPITAL,DAWLISH,SW,EX7 0NR,50.599669,-3.4681777,,10
cff4a945-03c5-37d4-9f7d-39fffa589046,THE BEACON CC,VALLEY GARDENS KINGSWAY,GLOUCESTER,SW,GL2 2AR,51.823997,-2.2693468,,1
c570005e-ed45-32eb-bb95-1d98868f1c16,PEMBROKE ROAD SURGERY,PEMBROKE ROAD SURGERY,BRISTOL,SW,BS8 3EU,51.464336,-2.6185182,0117 9733790,203
d1eae22c-c682-3909-b7de-5a8c6d27892d,RIVERBANK MEDICAL CENTRE,RIVERBANK MEDICAL CENTRE,BRISTOL,SW,BS22 7YZ,51.370409,-2.908301,01934 521133,34
5c191944-80c0-3c9f-ac94-e7d6e28b2ef5,COMMUNITY SERVICES (NETHER STOWEY),QUANTOCK MEDICAL CENTRE,BRIDGWATER,SW,TA5 1NW,51.149211,-3.1542082,,17
827a0b87-4f99-3cc8-97e4-ca7f5a2c4336,THE WILLOW TREE PRACTICE,REGENT STREET SURGERY,FRAMPTON ON SEVERN,SW,GL10 2AA,51.744168,-2.2836158,01453 825690,39
eeb2aef2-3cf1-381e-beed-d532ad35f50d,AVON CMHS,TOP FLOOR  AVON HOUSE,PLYMOUTH,SW,PL4 7QD,50.378513,-4.1151078,01752 435173,60
16916c83-0848-3f15-a98a-41175fbb557c,PARTNERS IN HEALTH  PAVILION FAMILY DRS,PAVILION FAMILY DOCTORS,121 SWINDON RD CHELTENHAM,SW,GL1 5JJ,51.853393,-2.2425901,01452 385555,37
6a8d70eb-a1fa-3def-98f8-917bc097948d,ALVERTON PRACTICE,ST CLARE MEDICAL CENTRE,HELSTON,SW,TR18 3DX,50.124352,-5.5473442,01736 363741,62
e26953ef-d24a-3f84-b9d3-f5b2943aedf4,THREE CHEQUERS MEDICAL PRACTICE,72 ENDLESS STREET,SALISBURY,SW,SP1 3UH,51.071929,-1.7946344,01722 336441,50
015fa18b-f5ec-3625-97cd-4d47800803bd,QUANTOCK MEDICAL CENTRE,QUANTOCK M/C BANNESON RD,SOMERSET,SW,TA5 1NW,51.149211,-3.1542082,01278 732696,184
7ea003a5-be0c-3915-83a4-92fbecf2328d,BLADDER AND BOWEL SERVICE,CASTLEWOOD,TREWALDER,SW,BS21 6FW,51.438683,-2.8409847,01275 885185,116
d3a6ff7b-5d3a-36b0-a104-ba7efe467b07,STOMA PRESCRIBING SERVICE (NBT),STOMADEPTGATE26LEVEL3,GLOUCESTER,SW,BS10 5NB,51.497333,-2.5929485,0117 4140250,45
98463720-5874-3605-b7e1-f21ca9a7acad,CYPS - MARSBURG HOUSE,WOODLANDS,CINDERFORD,SW,GL5 2JG,51.739518,-2.2067294,01453 563200,29
28d325a6-7221-38db-8c9c-d2adb4f0ead9,VICTORIA CROSS SURGERY,VICTORIA CROSS SURGERY,SWINDON,SW,SN1 3BU,51.555017,-1.7777716,01793 535584,66
95f4cc37-ad85-3ceb-9994-1b4af42168bb,JAMES FISHER MEDICAL CENTRE,JAMES FISHER MEDICAL CTR,BOURNEMOUTH,SW,BH9 3LQ,50.760837,-1.861202,01202 522622,160
a9f7b6f4-0d42-3ee1-b38e-35bc44b468e8,ST ANN'S HOSPITAL,69 HAVEN ROAD,POOLE,SW,BH13 7LN,50.698623,-1.9279197,,2
9881d913-7d62-3e23-af44-14f8972fb66b,BIDEFORD MEDICAL CENTRE,BIDEFORD MEDICAL CENTRE,NEWTON ABBOT,SW,EX39 3AF,51.017119,-4.2116132,01237 476363,162
a670fc58-e523-3b18-8a99-2706a2b0f357,TORBAY NMP SPECIALIST,PHARMACY DEPARTMENT,EXETER,SW,TQ2 7AA,50.482325,-3.5537901,01803 210500,81
4b6dcc06-90f5-3c05-a48c-e190924d02f9,CHRISTCHURCH AMBULANCE STATION,BINGHAM ROAD,CHRISTCHURCH,SW,BH23 3AH,50.737922,-1.7559216,,5
269b8049-a8f8-3935-81d1-635527ee491f,QUEENS AVENUE SURGERY,QUEENS AVENUE SURGERY,DORCHESTER,SW,DT1 2EW,50.707347,-2.4446596,01305 262886,102
e944860f-322f-38f4-96a2-13fdb9d728cc,CYPS - EVERGREEN HOUSE,EVERGREEN HOUSE,GLOUCESTER,SW,GL53 9DZ,51.881051,-2.073681,01242 634050,32
e6b81561-d302-3bb5-877b-4772050612af,SOUTHBOURNE CHIROPODY,17 BEAUFORT ROAD,BOURNEMOUTH,SW,BH6 5BF,50.728156,-1.8142601,,2
31f84c7a-738e-3d55-baf1-2342159a7986,CRICKLADE SURGERY,CRICKLADE SURGERY,CRICKLADE,SW,SN6 6AE,51.640692,-1.8563556,01793 750645,128
67e4cbcf-0851-3a00-b0a4-37c6db513e27,SAFE HAVE (SUNNYSIDE),PO BOX 247 CASTLEWOOD,WESTON-SUPER-MARE,SW,BS21 6FW,51.438683,-2.8409847,01275 873588,89
068740cf-745b-3dc8-b8ec-b534c6515ecc,LATER LIFE TEAM,AVON HOUSE,,SW,GL20 8SJ,51.998681,-2.132181,01684 861150,50
e4fb2da3-8d6d-3b0d-9057-3807d603f4c5,THE PRINCE OF WALES SURGERY,PRINCE OF WALES RD SURG.,ST JOHN WAY  DORCHESTER,SW,DT1 2FD,50.713475,-2.457465,01305 250989,54
e889150a-f059-3534-8bdf-3ed98ef64014,EXWICK HEALTH CENTRE,NEW VALLEY ROAD,EXETER,SW,EX4 2AD,50.728942,-3.5478803,,7
8fb74703-312e-3c0d-8128-49d48d3d2e48,BOSVENA HEALTH,STILLMOOR HOUSE MED PRACT,BODMIN,SW,PL31 2JJ,50.471946,-4.7200672,01208 72488,36
9c412074-ef7d-3f16-ba76-f8c43e960f5f,ISTC PENINSULA NHS TREATMENT CENTRE,20 BREST ROAD,PLYMOUTH,SW,PL6 5XP,50.412384,-4.1176719,,1
22ec070c-76eb-3f83-beb2-a871b186e670,THE OLD SCHOOL SURGERY,THE OLD SCHOOL SURGERY,BRISTOL,SW,BS16 2JD,51.481905,-2.5287088,0117 9653102,40
ab3716d0-8d88-3a25-92c8-296bcacc5bb0,EXTENDED ACCESS AVENUE,AVENUE SURGERY,GLOUCESTER,SW,GL7 1EH,51.713423,-1.9640862,01285 883013,154
39f43148-d38d-3f44-ae51-cb747bed6471,THE FROME ENTERPRISE RESOURCE CENTRE,MANOR ROAD,FROME,SW,BA11 4BS,51.222888,-2.3271364,,10
d9291ee5-ec4b-3776-850a-b588f7b55b29,ATKINSON CHILDREN'S HOME,ATKINSON CLOSE,DARTINGTON,SW,EX4 8NA,50.736072,-3.4970696,01392 208600,31
8b0b15ce-90bf-364d-90ff-147c1813f9a9,THE TRI-SERVICE CENTRE,WATERWELLS DRIVE,GLOUCESTER,SW,GL2 2AA,51.813115,-2.2705873,,14
8ed56369-0160-3e2f-9ec0-03a8daddb912,BREDON VILLAGE HALL,MAIN ROAD,TEWKESBURY,SW,GL20 7QN,52.030167,-2.1048567,,10
43ac92b4-9602-3e7e-9ed2-688ad0f37b6c,SHORE PHARMACY,PARKSTONE HEALTH CENTRE,DORSET,SW,BH14 0DJ,50.728442,-1.9423682,01202 731764,52
8437ac4a-d884-30fb-803e-161833f632ee,THE BANKS & BEARWOOD MEDICAL CENTRE,THE BANKS MEDICAL CENTRE,BOURNEMOUTH,SW,BH3 7AT,50.739024,-1.8801002,01202 593444,82
1bd7ae3f-ffda-3359-98be-7ce286d3f04f,CATHERINE HOUSE SURGERY,WESTWARD HOUSE,TEIGNMOUTH,SW,TQ9 5WB,50.428891,-3.6832769,01803 862073,109
dedc9394-e2e6-37f6-8010-24db7d484705,MOD WEST MOORS,WEST MOORS,WIMBORNE,SW,BH21 6QS,50.837432,-1.8827316,,5
936b882b-928c-3b03-9cc6-98a1998e0acc,PATFORD HOUSE PARTNERSHIP,PATFORD HOUSE SURGERY,CALNE,SW,SN11 0EF,51.437547,-2.0054036,01249 815407,192
37b7fa41-2056-3a03-b6e9-5e1bff8b505e,SOUTHBOURNE PRACTICE,SOUTHBOURNE SURGERY,SOUTHBOURNE  BOURNEMOUTH,SW,BH6 5BF,50.728156,-1.8142601,01202 427878,43
8362b698-cb5e-321e-b2e4-7759b3543116,NORTHVILLE FAMILY PRACTICE,NORTHVILLE FAMILY PRACT.,BRISTOL,SW,BS7 0LS,51.500809,-2.5701448,0117 9692164,286
4b222824-0e0a-319d-a199-83f38e54888a,GAYWOOD HOUSE SURGERY,GAYWOOD HOUSE SURGERY,WESTON-SUPER-MARE,SW,BS3 3AZ,51.439873,-2.6059726,0117 9661412,124
a51e95ae-3ef6-322b-a07b-f6fd8463017f,COMPASS HOUSE MEDICAL CENTRES,COMPASS HOUSE MEDICAL CTR,SEATON,SW,TQ5 9TF,50.395859,-3.5121845,01803 855897,144
4cf4908f-edad-3cc3-8cdf-4d744df09419,PAIGNTON LIBRARY ROOMS AND OFFICES,GREAT WESTERN ROAD,PAIGNTON,SW,TQ4 5AG,50.433757,-3.5653369,,1
ce5cce0e-cfaf-3142-92e7-d5e3e6de9e88,BLANDFORD AMBULANCE STATION,SUNRISE BUSINESS PARK,BLANDFORD FORUM,SW,DT11 8ST,50.87555,-2.1565734,,1
8afd0b00-4f29-3f4e-b4a8-e3d1deed3996,MOORDOWN MEDICAL CENTRE,MOORDOWN MEDICAL CENTRE,BOURNEMOUTH,SW,BH9 2XF,50.756212,-1.8744708,01202 974700,32
6a482f00-f948-3bcd-9dc0-ac1e93eaf47c,DURDELLS AVENUE SURGERY,1 DURDELLS AVENUE,BOURNEMOUTH,SW,BH11 9EH,50.767459,-1.9111245,01202 573947,83
06f547aa-9576-37b9-9bd6-e6e0bfbd1e2e,NURSE PRESCRIBER CASTLE GARDENS SURGERY,CASTLE HILL GARDENS,TORRINGTON,SW,EX38 8EU,50.951586,-4.1400005,,1
aeac6ce7-e4a7-3c03-ba8a-d7128126d1a3,MARSBERG HOUSE,BOWBRIDGE LANE,STROUD,SW,GL5 2JP,51.741911,-2.2060742,,5
4a5630c5-8878-3d6b-9cae-9adf43da47ff,GREENWAY COMMUNITY PRACTICE,GREENWAY COMMUNITY PRACT,MIDSOMER NORTON,SW,BS10 6AF,51.499595,-2.6112738,0117 9598939,166
89620c77-a97f-394c-8eaf-24fe0b967d1a,THE LAWN MEDICAL CENTRE,THE LAWN MEDICAL CENTRE,SWINDON,SW,SN3 1JL,51.547729,-1.7614101,01793 536515,32
8e6edda7-24eb-324d-bcf2-49d6a89c3540,WELLS HEALTH CENTRE,PRIORY HEALTH PARK,TAUNTON,SW,BA5 1XJ,51.203994,-2.6552165,01749 672137,28
7ae50920-5252-366a-8429-9ec46ac26345,CHADWELL CENTRE,TORQUAY ROAD,PAIGNTON,SW,TQ3 2DW,50.449084,-3.5545178,,5
37f78bf6-3752-3ecc-83a6-7ecd01b8fca6,KENNET AND AVON MEDICAL PARTNERSHIP,GEORGE LANE,MARLBOROUGH,SW,SN8 4BY,51.417993,-1.7291686,01672 512187,87
f9f15dec-e98e-3381-9dbc-c48dc6ec930a,KNOWLE HOUSE SURGERY,KNOWLE HOUSE SURGERY,SALCOMBE,SW,PL5 3JB,50.40863,-4.1340983,01752 705090,72
2006ee7a-e0bb-3fb4-8896-1841bebe5cb5,CHIPPENHAM PHARMACY AND HEALTH CLINIC,12A CAVALIER COURT,BATH,SW,SN14 6LH,51.464542,-2.1428072,01249 793600,40
ea5aeb88-8a67-3d05-a88f-c56fc0f8df8c,SHELLEY MANOR MEDICAL CENTRE,BEECHWOOD AVENUE,BOURNEMOUTH,SW,BH5 1LX,50.723834,-1.8344508,,8
acd2fd11-a3bf-3b4f-aa30-c6f834c0ef1f,QUEDGELEY MEDICAL CENTRE,QUEDGELEY MEDICAL CENTRE,CHELTENHAM,SW,GL2 4NF,51.829938,-2.2739388,01452 728882,234
2bdde8e5-a044-31be-801e-62a5ce7bedb5,BRUNEL MEDICAL PRACTICE,BRUNEL MEDICAL PRACTICE,BRADWORTHY,SW,TQ1 3SL,50.479358,-3.5169482,01803 312233,70
f2291959-92fe-3ce4-b450-52061c80f68c,MONTPELIER HEALTH CENTRE,MONTPELIER HEALTH CENTRE,BRISTOL,SW,BS6 5PT,51.466527,-2.5894539,0117 9426811,28
92f5fd64-bd6c-3ca9-8206-3f13e4b2a872,BARTON HEALTH CENTRE,THE BARTON HEALTH CENTRE,NEWTON ABBOT,SW,TQ2 8JG,50.487157,-3.5428543,01803 323761,61
293d6847-f71a-3583-8667-ee278d146b44,WYKE REGIS & LANEHOUSE MEDICAL PRACTICE,WYKE REGIS MEDICAL PRACT,WEYMOUTH,SW,DT4 9BE,50.594618,-2.4750311,01305 782226,105
eb003103-fa73-3f14-a297-8248b084a841,HOYLAND HOUSE,HOYLAND HOUSE  GYDE ROAD,GLOUCESTERSHIRE,SW,GL6 6RD,51.790968,-2.1941915,01452 812545,97
1f639072-9b08-3319-8712-986ee44abc3a,PIONEER MEDICAL GROUP,PIONEER MEDICAL GROUP,BRISTOL,SW,BS10 6SP,51.510279,-2.6177138,0117 9591920,100
5553f4b9-2b80-3e74-b046-a00046ea71d5,TOWNSEND CHILDREN'S CENTRE,JEWELL ROAD,BOURNEMOUTH,SW,BH8 0LT,50.751856,-1.8289514,,5
b67dccfe-bf5d-3536-bdf4-ae5f27479084,BEAMINSTER PHARMACY,20 HOGSHILL STREET,OKEHAMPTON,SW,DT8 3AA,50.809832,-2.7409601,01308 862288,35
548909cf-e658-370d-9f4b-6f0b6c7ddf88,PRESCRIBER 243,ALMA ROAD,BRISTOL,SW,BS15 4DA,51.4626,-2.4999413,,44
9b39fc6d-5ea2-3e09-9a70-af8ac6f4445b,BEARWOOD NEIGHBOUR CENTRE,325 KING JOHN AVENUE,BOURNEMOUTH,SW,BH11 9TF,50.768193,-1.9321382,,6
e44f4bb5-2776-3c99-ac1a-0b4ceb80fc85,RAMSBURY SURGERY,RAMSBURY SURGERY,MARLBOROUGH,SW,SN8 2QT,51.446241,-1.5939151,01672 520366,31
840f09e6-63f4-381c-8a5e-ddde9825b02c,WHC,CHIPPENHAM COMMUNITY HOSP,BRISTOL,SW,SN15 2AJ,51.452521,-2.1267234,07870 682398,37
35235ff4-b06d-3199-8c18-a1ec065a1f2a,FROME MEDICAL CENTRE,FROME MEDICAL CENTRE,MARTOCK,SW,BA11 2FH,51.237156,-2.3112808,01373 301300,80
acb63ce2-91ab-33f9-971f-b28759643feb,HORFIELD HC,HORFIELD HEALTH CENTRE,BRISTOL,SW,BS7 9RR,51.489998,-2.5762753,0117 9695391,96
ba47f5b4-278c-387d-893c-f3aca149fb8a,EXTENDED ACCESS ST PAULS,ST CATHERINES SURGERY,COLEFORD,SW,GL50 4DP,51.906706,-2.0814998,01242 215005,60
86805251-9d4b-3c1c-bd96-f91e11520285,CORNERSTONE PRACTICE,CORNERSTONE PRACTICE,SWINDON,SW,SN4 0PB,51.516622,-1.7295935,01793 740033,46
acb35d18-37f5-3f26-a1df-817c7c0ff82f,UTC CRCH,CAREW HOUSE,BODMIN,SW,PL31 2QN,50.471789,-4.7421018,01208 834600,31
6ece8e82-ce14-35da-990a-e35b17aa85bc,POOLE ROAD MEDICAL CENTRE,POOLE ROAD MEDICAL CENTRE,BOURNEMOUTH,SW,BH2 5QR,50.720439,-1.8926134,01202 761120,164
348975e3-0d60-3d4a-9a08-b37c73936329,WESSEX ROAD SURGERY,WESSEX ROAD SURGERY,POOLE,SW,BH14 8BQ,50.722898,-1.951569,01202 734924,61
a21dbae5-f112-3c5a-ae2c-8ee67b9b0d6d,HAMWORTHY COMMUNITY CLINIC,306 BLANDFORD ROAD,POOLE,SW,BH15 4JQ,50.720875,-2.0105439,,14
28c571d0-075c-31cd-8cb1-1bb88aac8b0c,KINGSTEIGNTON MEDICAL PRACTICE,WHITEWAY ROAD,NEWTON ABBOT,SW,TQ12 3HN,50.54898,-3.5973952,,5
d752ee19-c0e4-3c59-a655-5d1336942318,MALMESBURY MEDICAL PARTNERSHIP,MALMESBURY MEDICAL P/SHIP,MALMESBURY,SW,SN16 0FB,51.577155,-2.0946594,01666 825825,85
c2542356-9797-3ae8-b169-8bbc68d9078c,CASTLE PLACE PRACTICE,KENNEDY WAY,TIVERTON,SW,EX16 6NP,50.909477,-3.4929547,,1
885a4e68-abff-3a86-a827-4e3820ba1851,IMPERIAL SURGERY,IMPERIAL SURGERY,EXMOUTH,SW,EX8 1DQ,50.619819,-3.4162036,01395 280362,119
6cc3d776-a7bc-32b8-ac16-865b68598e03,CAMHS NORTH,SPRINGFIELD COURT,TRURO  CORNWALL,SW,EX31 3UD,51.064265,-4.0893604,01271 384000,86
275b32fe-9801-355c-8149-5abf172f6fd5,HMP CHANNINGS WOOD,HMP CHANNINGS WOOD,YELVERTON,SW,TQ12 6DW,50.510492,-3.6518204,01803 814600,189
cf4b893c-66a1-3a00-96a3-b3137e09c110,NEWENT HEALTH CENTRE,NEWENT ROAD,GLOUCESTER,SW,GL2 8DN,51.879246,-2.306082,,24
2799e59f-b881-3511-ad86-c975b0679293,OAKLANDS SURGERY,OAKLANDS SURGERY,TAUNTON,SW,BA21 5RL,50.954243,-2.6174143,01935 473068,201
4d858d31-7af2-3aef-b524-a88c90f4a13f,CASTLE GARDENS SURGERY,CASTLE GARDENS SURGERY,PAIGNTON,SW,EX38 8EU,50.951586,-4.1400005,07805 623222,72
98ca2497-c7a5-3fd9-8d55-fc57cfa55f92,HYDE PARK PHARMACY,73 HYDE PARK ROAD,IVYBRIDGE,SW,PL3 4JN,50.38557,-4.1379581,01752 663216,36
a7416112-2d93-3cb0-abf6-edac7291af12,WEST CHELTENHAM MEDICAL,HESTERS WAY RESOURCE CTR,HENBURY,SW,GL51 7SU,51.902001,-2.1169697,01242 507111,502
bd0b69cc-c368-3577-be08-617abefbf43a,TETBURY HOSPITAL,MALMESBURY ROAD,TETBURY,SW,GL8 8XB,51.63522,-2.1546715,,34
4caa04ea-4af1-3e70-b03c-0c9130c72dec,COTHAM PHARMACY,3-5 COTHAM HILL,BRISTOL,SW,BS6 6LD,51.464288,-2.6088728,0117 9736580,80
fdecfaea-364e-39e3-ac6c-863147587009,NEWMEDICA GLOUCESTERSHIRE,ASPEN CENTRE,ST LEONARDS,SW,GL1 3PX,51.865969,-2.2257969,01452 596616,44
7599821d-4c3b-3841-be6e-1a7f31f7fcbd,COMMUNITY DIABETES SPECIALIST SERVICE,JOHN MILTON CLINIC,BATH,SW,BS10 7DP,51.509194,-2.6188086,0300 1245908,61
3ff65c73-ab0b-3f71-bf37-6038b38d6fef,BOURNEMOUTH LEARNING CENTRE,ENSBURY AVENUE,BOURNEMOUTH,SW,BH10 4HG,50.750023,-1.8903489,,2
5717f8ca-db4e-3ee8-b0e3-988cfe89a781,NMP DR BASTIN,GREEN CLOSE,SIDMOUTH,SW,EX10 9JU,50.702092,-3.2298579,,5
87ada56a-51bd-395f-ad72-0680851e3828,FROME VALLEY MEDICAL CENTRE,FROME VALLEY MEDICAL CTR.,BRISTOL,SW,BS36 2DE,51.533206,-2.4947318,01454 772153,339
c7632d92-5747-3b35-b4cd-5a8c2d270c74,ASHLEY INTERMEDIATE CARE CTR,279 LONDON ROAD,GLOUCESTER,SW,GL52 6YL,51.883772,-2.0448464,01242 541368,57
0a5dbcd5-099e-3d80-92f2-9d9148730dee,HOLSWORTHY LINK CENTRE,2 WELL PARK,HOLSWORTHY,SW,EX22 6DH,50.812297,-4.3530499,,16
ae43f605-0850-3dcd-a4b2-1461a05efe99,COMMUNITY RECOVERY TEAM,BEAUCHAMP CENTRE G FLOOR,BRADFORD-ON-AVON,SW,PL4 7QD,50.378513,-4.1151078,01752 435905,28
d62ca3d1-2f2f-3067-848b-ee283e23004d,BUCKLAND SURGERY,BUCKLAND SURGERY,PLYMOUTH,SW,TQ12 4HG,50.530056,-3.5876974,01626 332813,98
59fa8031-eeb5-37d7-9ecb-357e980fcd6a,WEST COKER SURGERY,WEST COKER SURGERY,LEVEN ROAD  BUDE,SW,BA22 9AH,50.919425,-2.6864773,01935 862212,317
166e78d7-be63-314e-b484-1358d5fe591d,BEACHLEY MEDICAL CENTRE,BEACHLEY,CHEPSTOW,SW,NP16 7YG,51.620197,-2.6514022,,7
c4667a25-991c-32f2-9dad-624ca94ee9af,BLACKBERRY HILL HOSPITAL - BCSS INPATIENT UNIT,MANOR ROAD,BRISTOL,SW,BS16 2EW,51.483145,-2.5388327,,136
c8f368c6-6250-3bc0-95c2-fb95d8155f3a,GWH LYMPHOEDEMA AQP,TISSUE VIABILITY OFFICE,SWINDON,SW,BA14 8PH,51.325277,-2.2101262,01225 711351,75
341a41b2-0817-30ff-afb4-1712d133bb94,BROCKWORTH SURGERY,THE SURGERY,GLOUCESTER,SW,GL3 4PE,51.844575,-2.1566956,01452 862247,72
ba3f39e0-41a9-307a-a105-7f8380ee2af9,LITCHDON MEDICAL CENTRE,LITCHDON MEDICAL CENTRE,NEWTON ABBOT,SW,EX32 9LL,51.069586,-4.0417106,01271 323443,60
5a451e5f-2480-3c8d-ab02-3f8b3fb528a4,HENDERSON REHABILITATION UNIT,THE GRACE CARE CENTRE,DEVIZES,SW,BS35 2FR,51.602155,-2.515031,0300 1256117,57
26cb9135-5cb4-36ea-b1ff-909b9ba3986f,BRAMBLEHAIES SURGERY,BRAMBLEHAIES SURGERY,DEVON,SW,EX15 1TZ,50.859878,-3.3905005,01884 33536,29
ce527d09-3624-3840-aacb-7fffd7c1f700,HOTWELLS SURGERY,HOTWELLS SURGERY,BATH,SW,BS8 4QW,51.450208,-2.6189747,0117 9294334,38
9c6ae0ba-773b-3ff1-9edf-1181e01d1aa0,THE BARTON SURGERY,BARTON TERRACE,DAWLISH,SW,EX7 9QH,50.579825,-3.4735351,,5
df2c5ff0-2d6d-3c63-97d8-1f9c89092e42,SCOTT HOSPITAL,BEACON PARK ROAD,PLYMOUTH,SW,PL2 2PQ,50.390641,-4.1618788,,15
37b0cf3d-0477-33f3-b7f9-4d520ddd701d,COMMUNITY CARDIOLOGY SERVICE,CUMBERLAND CENTRE,EUCILD STREET,SW,PL1 4JZ,50.369816,-4.1688071,01752 434624,31
3665ee88-5ee7-3bf4-866c-24b649d56bc8,LANGDON HOSPITAL - BCSS INPATIENT UNIT,LANGDON HOSPITAL,DAWLISH,SW,EX7 0NR,50.599669,-3.4681777,,114
318f2724-9981-307a-b191-9c7950956baf,PODIATRY,NSCP,GLOUCESTER,SW,BS21 6FW,51.438683,-2.8409847,01275 885192,100
78d3434c-712e-3bf1-a751-8a48e9592eb0,WARWICK HOUSE MEDICAL PRACTICE,HOLWAY GREEN,BRIDGWATER,SW,TA1 2QA,51.006777,-3.0781188,01823 282147,138
3cebc400-f643-3aae-baf1-5501fc0da9dd,THE PULTENEY PRACTICE,PULTENEY STREET SURGERY,BATH,SW,BA2 4BY,51.385341,-2.3525512,01225 464187,30
48f4e110-9298-3521-be98-4fd615d1e517,TREADS,28A MARKET PLACE,BLANDFORD FORUM,SW,DT11 7EB,50.855701,-2.1649315,,15
cd57c0de-bec7-3f50-8f7a-119e52fd4d90,CHELTENHAM WEST COMMUNITY FIRE STATION,TEWKESBURY ROAD,CHELTENHAM,SW,GL51 9TZ,51.920558,-2.1169599,,12
d617597c-a24a-391e-ae43-e34d81877c5a,ST GABRIELS,25 RINGWOOD ROAD,VERWOOD,SW,BH31 7AA,50.881841,-1.878086,,6
c72ef439-9372-3cfa-b85d-a32c61d7bddd,KCCG-LITTLE HARBOUR,LITTLE HARBOUR,LISKEARD,SW,PL26 6AZ,50.31857,-4.7748976,01726 627953,31
1f00c1f4-379a-3f54-8b09-cef3b9fa6b52,TOTNES AMBULANCE STATION,CORONATION ROAD,TOTNES,SW,TQ9 5DF,50.432038,-3.6839377,,5
c9f0c61e-2408-3e43-9fbf-911822cd8465,MINCHINHAMPTON SURGERY,THE SURGERY,CHELTENHAM,SW,GL6 9JF,51.705941,-2.187879,01453 883793,121
93aaf880-0ca3-3edd-84e5-736b13efaf02,ENT GPWSI TAVISTOCK HOSPITAL,TAVISTOCK HOSPITAL,PLYMOUTH,SW,PL19 8RG,50.547679,-4.1546714,01822 612233,59
a322ede2-b77e-378c-9e5c-a95643e16dd9,HMP THE VERNE,HMP THE VERNE,EXETER,SW,DT5 1EQ,50.561525,-2.4358873,01305 825026,121
77a28194-d3e2-3972-9693-7ca712a94e86,ROSEMARY MEDICAL CENTRE,2 ROSEMARY GARDENS,POOLE,SW,BH12 3HF,50.739667,-1.9471303,,5
20fdf65f-e51a-3bba-bd1c-9a9ecb01e2ed,STIRLING ROAD GROUP,STIRLING ROAD SURGERY,BARNSTAPLE,SW,PL5 1PL,50.404913,-4.1889161,01752 322252,42
828077da-cdea-3827-9656-8f64db10704a,THE PANTON PRACTICE,THE PANTON PRACTICE,BOURNEMOUTH,SW,BH1 3EG,50.720939,-1.8625946,01202 411700,306
691cdcf1-4076-3ff1-9137-2696739ae9ff,COMMUNITY SERVICES (WELLINGTON MEDICAL CENTRE),WELLINGTON MEDICAL CENTRE,WELLINGTON,SW,TA21 8BD,50.975622,-3.2330971,,5
90a195e7-3597-3d63-89d1-fd45b00b2c65,ADULT ADHD ASSESSMENT SERVICE,WESTBOURNE UNIT,PLYMOUTH,SW,PL2 2PQ,50.390641,-4.1618788,01752 434034,60
a951e7ea-d737-3422-ae1b-eb6a466a2c22,THE WEDMORE PRACTICE,ST JOHNS LANE HEALTH CTR,BRISTOL,SW,BS3 5AS,51.436248,-2.5884885,0117 9536667,150
0e923b78-197d-3ba2-aa8d-bb83d203698d,PARKINSONS DISEASE SPECIALIST NURSE PRESCRIBER,TIVERTON & DISTRICT HOSPITAL,TIVERTON,SW,EX16 6NT,50.909477,-3.4929547,,1
8095d3b4-7b2b-31c9-bfcd-8cdbed0ca75e,DARTMOUTH CLINIC,MAYORS AVENUE,DARTMOUTH,SW,TQ6 9NF,50.352846,-3.5788818,,3
25d4f187-93ae-38ea-8af0-f7a7cce03d6b,BIRCHWOOD MEDICAL PRACTICE,BIRCHWOOD MED PRACTICE,BATH,SW,BS4 4HU,51.446246,-2.5479382,0117 3304223,52
fb501dd4-d233-3131-b364-08977dc023d6,NOAH'S ARK CC,YORK ROAD,TEWKESBURY,SW,GL20 5HU,51.983619,-2.1555795,,5
7b26e5b4-2b0a-3007-b545-29daa5d853af,WYKE REGIS HEALTH CENTRE,PORTLAND ROAD,WEYMOUTH,SW,DT4 9BE,50.594618,-2.4750311,,15
ea40cedf-a50a-305d-9a8d-2748c22e4d9b,CHARLTON PHARMACY,39 LYEFIELD ROAD WEST,GLOUCESTER,SW,GL53 8EZ,51.884308,-2.054552,01242 522207,30
fb7f3dd9-7def-30b9-8b74-750cb8a57815,CORNER PLACE SURGERY,CORNER PLACE SURGERY,YELVERTON,SW,TQ4 5AH,50.433303,-3.5670257,01803 557458,88
b2042fc3-d79e-325b-8130-ae2291488da7,ABBEY MEADS MEDICAL PRACT,ABBEY MEADS VILLAGE CTR,SWINDON,SW,SN25 4YZ,51.597763,-1.7928233,01793 706030,126
55e5428f-e8c5-3cab-a439-947943e01a8d,BURNHAM MEDICAL CENTRE,BURNHAM MEDICAL CENTRE,YEOVIL,SW,TA8 1EU,51.23815,-2.9929159,01278 795445,49
0279fc90-624e-3f7b-abff-18c3c517dacc,IDE LANE SURGERY,IDE LANE SURGERY,BRIXHAM,SW,EX2 8UP,50.699471,-3.5349723,01392 428900,125
b4fb04d5-538b-3e9f-b224-55c3a1237ac7,SOUTH GLOS HEALTH VISITORS,EASTGATE HOUSE UNIT 9,EXETER,SW,BS5 6XX,51.473094,-2.5671211,0117 3408235,100
36a9504c-534c-31cb-b207-1368db5029b1,LILLIPUT SURGERY,LINDISFARNE,POOLE,SW,BH14 8EE,50.711604,-1.9540308,,16
a3524f10-c36f-3db7-9469-656e0bb7f2d9,NHS@HOME,JOHN MILTON CLINIC,BRISTOL,SW,BS10 7DP,51.509194,-2.6188086,0300 1255001,63
c4610f0c-0467-3d1c-a060-d98b4103cd6f,EXMOUTH HOSPITAL,CLAREMONT GROVE,EXMOUTH,SW,EX8 2JN,50.620554,-3.4016084,,2
bc9417b7-fcc0-3e34-ac4c-139c434527e2,WEYMOUTH BAY MEDICAL PRACTICE,ROYAL CRESCENT SURGERY,WEYMOUTH,SW,DT4 7BY,50.616587,-2.4526794,01305 774466,64
4cdc1e09-adcf-3b6b-a721-84530437c6f7,ST THOMAS MEDICAL GROUP,ST THOMAS HEALTH CENTRE,PLYMOUTH,SW,EX4 1HJ,50.714481,-3.5451799,01392 676676,111
1a31425b-380a-32bb-a5f6-ee3d1ae4bfb5,BOOTS,2 ERME TERRACE,TORQUAY,SW,PL21 0AL,50.39157,-3.9204082,01752 896787,33
75e6ee88-969f-330a-873c-74a1d6ca8b96,TEIGNMOUTH MEDICAL PRACTICE,TEIGNMOUTH MEDICAL PRACT,PLYMSTOCK  PLYMOUTH,SW,TQ14 8BG,50.545779,-3.4951269,01626 773222,38
de20a7f8-b3f1-34c0-979b-e13cdd761fca,DUNSTER & PORLOCK SURGERIES,DUNSTER AND PORLOCK SURGE,YEOVIL,SW,TA24 6SN,51.18162,-3.4469046,01643 821244,62
873349af-eaee-3013-ba4d-8b3a8f2db9ed,CREECH,CREECH MEDICAL CENTRE,SOMERSET,SW,TA3 5FA,51.028547,-3.0455977,01823 442357,104
cfd93fdd-5aaf-3ac4-873f-cbd883b50109,COMPASS HEALTH,COMPASS HEALTH,OKUS,SW,BS2 8JP,51.462646,-2.590685,0117 9892450,86
f8683e2c-b2cd-3d00-a8de-787b919f6ee7,THE APPLES MEDICAL CENTRE,THE APPLES MEDICAL CENTRE,SHERBORNE,SW,DT9 3DG,50.948221,-2.508607,01935 812633,88
9171355d-ec51-3b0a-9fa8-24d1febd5cb1,SWIFTS LEARNING DISABILITY SERVICE,MARVIN HOUSE,DORCHESTER,SW,DT2 9PS,50.693332,-2.4526252,,5
20d8d94b-cb43-3ee2-82c4-a17fa0c930ae,WOODLEA HOUSE SURGERY,2A BRADPOLE ROAD,BOURNEMOUTH,SW,BH8 9NX,50.750211,-1.842551,01202 300903,118
202bfcfd-3706-3d56-9532-a2c7f69484de,CONISTON MEDICAL PRACTICE,CONISTON MEDICAL PRACTICE,PATCHWAY,SW,BS34 5TF,51.538568,-2.5840403,0117 9692508,47
ded48e0b-019f-357b-b5ff-b14bdf065d65,DERMATOLOGY MARINE & OAKRIDGE PARTNERSHIP,29 BELLE VUE ROAD,BOURNEMOUTH,SW,BH6 3DB,50.722847,-1.8065462,,1
3d7878fd-93ac-3960-84e5-c852df94d9d0,GROVE SURGERY,FAIRMILE ROAD,CHRISTCHURCH,SW,BH23 2FQ,50.74451,-1.7908666,01202 481192,101
030df2b9-162c-3c49-b958-a32d88c1a5a3,COMMUNITY SERVICES (ABBEY MANOR PARK),THE FORUM,YEOVIL,SW,BA21 3TL,50.94992,-2.6644627,,5
392a7127-baf0-3dd7-a013-979d89545b07,MVMG - MONKS PARK,MONKS PARK SURGERY,BRENTRY  BRISTOL,SW,BS7 0UE,51.497582,-2.5828247,0117 9693106,29
2b6a8b80-c564-330a-a835-111ba08772f3,MILLBROOK SURGERY  CASTLE CARY,MILLBROOK SURGERY,GLASTONBURY,SW,BA7 7EE,51.087618,-2.5171598,01963 350210,30
750c0f33-25b1-31e4-8436-c3feaba005b2,CLEEVELANDS MEDICAL CENTRE,CLEEVELANDS MEDICAL CTR,GLOUCESTER,SW,GL52 7YU,51.954266,-2.0705128,01242 244868,88
41d1e4ae-b3fd-3594-8556-9006024202b0,GLOUCESTER SOUTH FIRE AND RESCUE STATION,GLOUCESTER S. FIRE & RESCUE STATION,GLOUCESTER,SW,GL2 5EL,51.834933,-2.2679027,,10
ba6b6f90-86eb-3d22-9e69-da496a135ee5,THREE SHIRES MEDICAL PRACTICE,WICK SURGERY,BRISTOL,SW,BS30 5QQ,51.452314,-2.4223464,0117 9372214,72
cdb813c2-9643-336b-8ddc-625146d1f413,WIDBROOK MEDICAL PRACTICE,WIDBROOK MEDICAL PRACTICE,TROWBRIDGE,SW,BA14 9EN,51.317245,-2.2212959,01225 757120,201
db294308-cc0c-394d-b8e6-79ecc97b92ea,GLENSIDE,THE OLD ORCHARD SURGERY,YEOVIL,SW,SP2 8JU,51.059089,-1.8051931,01722 744775,126
ad5dcf96-84ac-37fd-8980-965e14f1dbad,TEIGNMOUTH HOSPITAL,MILL LANE,TEIGNMOUTH,SW,TQ14 9BQ,50.548369,-3.5111589,,5
c7ff09a6-f287-3c9d-8f40-5a830aba7baa,WINCANTON HEALTH CENTRE,WINCANTON HEALTH CENTRE,STOKE-SUB-HAMDON,SW,BA9 9FQ,51.052964,-2.420285,01963 435700,53
78dc44c3-050c-3b35-95af-55c2d655239b,ELM SURGERY,ELM SURGERY,PLYMOUTH,SW,PL6 8UF,50.408578,-4.0959261,01752 776772,32
e9a73f2c-27dd-3df4-923e-1db6a6ef09ec,BRIDPORT MEDICAL CENTRE,THE BRIDPORT MEDICAL CTR,BRIDPORT,SW,DT6 5BN,50.734226,-2.767979,01308 421896,61
3558b9c1-d8e0-3fc4-931d-5332fd6c7c2f,INDEPENDENT/SUPPLEMENTARY,GREAT WESTERN HOSPITAL,SWINDON,SW,SN3 6BB,51.538161,-1.7276925,01793 604020,41
c05d1fdd-d5d8-3ce2-87ca-7025055635b4,PRESCRIBER 027,CASTLEWOOD,CLEVEDON,SW,BS21 6FW,51.438683,-2.8409847,,13
ffd300e8-b283-30b3-b578-86c945d0be14,SHEPTON MALLET AMBULANCE STATION,BOARD CROSS,SHEPTON MALLET,SW,BA4 5DX,51.189839,-2.5509004,,10
40637478-db75-336d-8fad-35e97a93f157,RUSH HILL SURGERY,RUSH HILL SURGERY,,SW,BA2 2QH,51.365239,-2.3937216,01225 446087,28
6231a78c-6420-38c2-bd46-d312ea5ea5a3,THE VERWOOD SURGERY,THE VERWOOD SURGERY,VERWOOD,SW,BH31 7PY,50.881952,-1.8805306,01202 825353,185
54a953c9-1f20-328a-8d4f-ee2b92f4937c,OLDER PERSONS CMHT (FP10),MULBERRY CENTRE,BURNHAM-ON-SEA,SW,TA8 2JU,51.259235,-2.9984435,,5
eef5de8d-cdf9-3e52-80b9-e455db6b1f91,BRUTON SURGERY,THE BRUTON SURGERY,SHERBORNE,SW,BA10 0EG,51.112132,-2.4516067,01749 812310,67
74adc299-45ff-317d-8913-87273439a164,STOKE SURGERY,STOKE SURGERY,BUCKFASTLEIGH,SW,PL3 4DP,50.378983,-4.1667779,01752 562569,52
88513919-8307-305c-aec8-baaf884252b5,THE HADLEIGH PRACTICE,THE HADLEIGH PRACTICE,BROADSTONE,SW,BH18 8EE,50.761018,-1.9935253,01202 692268,100
c094cd4d-efed-3b1c-ba53-217b0dd4bf17,BCH WOUND CARE SERVICE,WILLIAM BUDD HEALTH CTR,BATH,SW,BS4 1WH,51.428755,-2.5962602,0117 9449733,78
c29f6cd2-e9df-385d-b07f-612d9b4eed41,GLOUCESTER TRI SERVICE WORKSHOP,BAIRD ROAD,GLOUCESTER,SW,GL2 2AF,51.814811,-2.2718451,,10
ecb27e3f-d78f-388b-ad21-87c8c25752d7,DARTMOUTH MEDICAL PRACTICE,DARTMOUTH H & W CENTRE,CULLOMPTON,SW,TQ6 0JL,50.346724,-3.6010407,01803 832212,117
ec858f11-8d6c-3694-8342-c6d4e2cbe281,BRADFORD-ON-AVON AND MELKSHAM HEALTH,THE HEALTH CENTRE,BRADFORD-ON-AVON,SW,BA15 1DQ,51.34519,-2.253003,01225 866611,29
3c7c9b4e-3691-3403-a1e3-08780ea36d62,OCCOMBE HOUSE,PRESTON DOWN ROAD,PAIGNTON,SW,TQ3 1RN,50.4566,-3.5866592,,2
10afd717-41ed-363d-996c-fd78e781fc72,BARTON SURGERY,THE BARTON SURGERY,NEWTON ABBOT,SW,EX7 9QH,50.579825,-3.4735351,01626 888877,71
b57b7072-db27-340a-ada6-851d5365d8f6,BARCROFT MEDICAL CENTRE,BARCROFT MEDICAL CENTRE,SALISBURY,SW,SP4 7DL,51.172939,-1.7805263,01980 623983,55
6ad9b554-3702-31c3-8a1b-f8806527a400,HEALTH VISITING,BADGER HOUSE,CHELTENHAM,SW,BS24 9AY,51.326562,-2.9581548,01934 533300,165
4a49122f-c598-33bf-925b-e93f466a590b,SOUTH MOLTON MEDICAL CENTRE,SOUTH MOLTON MEDICAL CTR,EXMOUTH,SW,EX36 3BZ,51.018386,-3.8325037,01769 573101,36
8d896fee-f1d0-35f5-a5e6-f3e6e6d203e7,THE LANEHOUSE SURGERY,THE LANEHOUSE SURGERY,WEYMOUTH,SW,DT4 0HB,50.607173,-2.483778,01305 785681,159
205fe2f0-ccf7-3588-9047-09de286ec458,TETBURY HOSPITAL TRUST LTD,MALMESBURY ROAD,CHRISTCHURCH,SW,GL8 8XB,51.63522,-2.1546715,01666 502336,43
d6698c69-4791-35d9-9e74-b5ec3d7600c9,ST. MICHAEL'S SURGERY,ST.MICHAEL'S SURGERY,BATH,SW,BA2 1ER,51.381854,-2.3994682,01225 428277,101
0de3e18f-a8a9-3cdc-9577-7924d970483f,ROWANFIELD CC,ALSTONE LANE,CHELTENHAM,SW,GL51 8HY,51.906249,-2.1031863,,5
f071e6ab-5eb6-3942-bf20-c0f1c5577b9f,ST.BARNABAS SURGERY,ST.BARNABAS SURGERY,BEAWORTHY,SW,PL1 5NN,50.376893,-4.1533911,01752 607006,185
a3a4b032-246e-3f81-8e7e-c35edecf72f1,BOOTS,64-65 HIGH STREET,CHELTENHAM,SW,TA1 3PT,51.013769,-3.1036986,01823 276061,64
c6a926c8-d7b2-34ea-8abf-eb14e8219758,KINGS ASH HOUSE,KINGS ASH ROAD,PAIGNTON,SW,TQ3 3XZ,50.440152,-3.5905029,,5
f910f1f1-e453-30b0-9fa3-f41eefb203c6,CROSS ROAD SURGERY,CROSS ROAD SURGERY,WEYMOUTH,SW,DT4 9QX,50.602187,-2.4648487,01305 768844,69
b0d5bc5a-c27c-36bb-97ad-ef37caae47e6,COMM HOSP - LISMORE WARD,HELSTON HOSPITAL,BODMIN,SW,TR13 8DR,50.091947,-5.2649317,01208 834600,68
2b9e4377-6d76-343c-8d25-5fca9f84b4c9,COMMUNITY TEAM NEWQUAY,NEWQUAY COMMUNITY HOSP,LAUNCESTON,SW,TR7 1RQ,50.411047,-5.0742235,01208 834600,53
a322de76-ae2b-3137-afe4-76853276fece,CASTLE PLACE PRACTICE,CASTLE PLACE PRACTICE,NEWTON ABBOT,SW,EX16 6NP,50.909477,-3.4929547,01884 252333,38
dc121e4f-db32-3958-a2b2-cd66d03da36c,LEYBOURNE SURGERY,1 LEYBOURNE AVENUE,BOURNEMOUTH,SW,BH10 6ES,50.758437,-1.8872102,01202 527003,56
eae075ce-c0f2-38f9-99a1-8e9bcf0f475b,BCH HEART FAILURE SERVICE,NEW FRIENDS HALL,GLOUCESTER,SW,BS16 1EQ,51.479731,-2.5667715,0117 9617153,134
299ccb28-5be3-37c1-a313-ae7ce3e4e6ed,FORDINGTON SURGERY,THE SURGERY  91 HIGH ST,DORCHESTER,SW,DT1 1LD,50.713023,-2.4274478,01305 250515,208
6380c634-2fe3-3fab-bb07-e6e476a8aa48,DERMATOLOGY GPSI DEVONPORT HC,DEVONPORT HEALTH CENTRE,CHELTENHAM,SW,PL1 4JZ,50.369816,-4.1688071,01752 561500,79
43baed6b-3377-39a0-bec3-48ebed8be9f5,WESTFIELD SURGERY,WESTFIELD SURGERY,BRISTOL,SW,BA3 3UJ,51.284957,-2.4589787,01761 436333,63
5f7ff981-ee9e-38c9-a450-b3d77787c53f,VINE SURGERY PARTNERSHIP,VINE SURGERY,CHARD,SW,BA16 0ET,51.126187,-2.7378528,01458 841122,37
b294e4e7-8beb-3164-94eb-291f4eef3a0c,MERCHISTON SURGERY,MERCHISTON SURGERY,SWINDON,SW,SN3 4BF,51.587499,-1.748991,01793 823307,171
a082aa6b-69c4-3e63-97f6-f686b72072f7,GODOLPHIN HEALTH,PRAZE-AN-BEEBLE SURGERY,SALTASH,SW,TR14 0LB,50.174177,-5.3101523,01209 831386,29
1cc6e01f-24c7-3fd6-91fd-393826bb9f22,CANFORD HEATH GROUP PRACT,CANFORD HEATH GROUP PRACT,POOLE,SW,BH17 8UE,50.741391,-1.9648152,01202 772540,61
b515fc65-80b4-3f69-a3d6-65ee3429a83b,SPA MEDICAL CENTRE,SPA MEDICAL CENTRE,MELKSHAM,SW,SN12 6UN,51.366859,-2.1260266,01225 703236,87
8c326450-5c3f-3a57-984c-49e1f121e11b,PENRYN SURGERY,THE PENRYN SURGERY,BROOKLYN,SW,TR10 8HX,50.167504,-5.1033598,01326 372502,75
6156946b-47bf-32f8-9190-75eb98e9ac87,FALLODON WAY MEDICAL CENTRE,FALLODON WAY MEDICAL CTR,BATH,SW,BS9 4HT,51.483068,-2.6095406,0117 9620652,198
f00a6a3f-1339-3e5e-be40-68dad62cd6c0,MAY LANE SURGERY,MAY LANE SURGERY,DURSLEY,SW,GL11 4JN,51.680012,-2.3573964,01453 540555,63
6979a0da-5c6d-373e-a42a-1023c972c9c7,UPPER GI AND BARIATRIC SURGERY  CUMBERLAND CENTRE,CUMBERLAND CENTRE,PLYMOUTH,SW,PL1 4JZ,50.369816,-4.1688071,,5
9b254205-a15c-322a-8a37-cbd6d269f6f9,GP SUPPORT UNIT,UNIT 21 OSPREY COURT,CLEVEDON,SW,BS14 0BB,51.41158,-2.5929309,0117 3424207,41
e46f516b-31fc-381d-973b-0b30243ba578,NORTH PETHERTON SURGERY,THE SURGERY,AXBRIDGE,SW,TA6 6LX,51.091351,-3.0139286,01278 662223,35
bdf2f493-8511-3f4b-9945-139655be2f49,SEVENTREES CLINIC,BARING STREET,PLYMOUTH,SW,PL4 8NF,50.375369,-4.1311563,,5
e8824b53-2d12-3ad7-ba8c-a7f718c355e0,SWANAGE MEDICAL PRACTICE,SWANAGE MEDICAL PRACTICE,SWANAGE,SW,BH19 1HB,50.609961,-1.9600227,01929 422231,68
55216def-5eb6-3c2f-a601-698cdc7dc6c3,PRIORY ROAD MEDICAL CENTRE,PRIORY ROAD MED CENTRE,SWINDON,SW,SN3 2EZ,51.552763,-1.7477974,01793 688744,72
41968b90-0861-369d-9917-87d09ab92c44,HERBERT AVENUE,THE SURGERY,PARKSTONE  POOLE,SW,BH12 4HY,50.744709,-1.9408743,01202 743333,31
ac20210d-7dbe-3aa0-aadb-6e8a3d228946,THE MALAGO SURGERY,THE MALAGO SURGERY,BEDMINSTER,SW,BS3 4JE,51.439796,-2.599857,0117 9663587,61
1ff40125-b314-36a4-9c3b-a9dce426e1bb,CROWNHILL SURGERY,CROWNHILL SURGERY,BARNSTAPLE STREET,SW,PL5 3BP,50.410582,-4.1399427,01752 771713,42
002bbbb9-8f60-3f96-b864-8c8bcabc4107,BEECHES GREEN SURGERY,STROUD HEALTH CENTRE,CHELTENHAM,SW,GL5 4BH,51.747307,-2.2202358,01453 763980,81
6af79e29-c194-3bb6-96f8-3d4fa70e0e70,THE TOLSEY SURGERY,THE TOLSEY SURGERY,SHERSTON MALMESBURY,SW,SN16 0LQ,51.571038,-2.2132354,01666 840270,31
5c8c4548-b20c-3de4-84c9-20b83ff88d5a,MAY LANE SURGERY,27 MAY LANE,DURSLEY,SW,GL11 4JN,51.680012,-2.3573964,,5
b857f34f-b392-3e4a-81da-381f6a8bc40a,SAINTBRIDGE SURGERY,SAINTBRIDGE SURGERY,CIRENCESTER,SW,GL4 4SH,51.848947,-2.2222419,01452 500252,211
e5ddbe1e-6282-3207-ad02-9a806af11aaf,THE SYCAMORES,MOUNT PLEASANT ROAD,EXETER,SW,EX4 7AE,50.732336,-3.5148051,,1
ec45cdc3-0780-35df-bcc2-9c67af821831,CASTLEWOOD,CASTLEWOOD,CLEVEDON,SW,BS21 6FW,51.438683,-2.8409847,,25
afd894e8-a7a7-397e-bfdd-00efb375dede,WEYMOUTH POLICE STATION,WESTERN DIVISION HEADQUARTERS,WEYMOUTH,SW,DT4 9WN,50.620351,-2.4828249,,5
7de3daea-7c38-3581-bedd-9456f9c85e83,CHRISTCHURCH MEDICAL PRACTICE,CHRISTCHURCH MEDICAL PRAC,CHRISTCHURCH,SW,BH23 3AF,50.736437,-1.7594579,01202 481901,46
85da990c-c42e-3434-8a62-6212645b6350,PRIMARY CARE PAEDIATRICS,LAWRENCE HILL HEALTH CTR,CLEVEDON,SW,BS2 0AN,51.457547,-2.5726855,0117 9543060,30
c3c00cf6-8fe0-3378-ac09-35bb21b81b55,WADEBRIDGE & CAMEL ESTUARY PRACTICE,WADEBRIDGE AND CAMEL,PORT ISSAC,SW,PL27 7BS,50.514824,-4.8357722,01208 812222,40
cb13304a-a5cd-3f49-9988-f5597116f031,PROVIDENCE COMMUNITY ADDICTION SERVICE,12 WALPOLE ROAD,SWINDON,SW,BH1 4HA,50.727068,-1.8451361,01202 395195,37
8b4c9d15-af74-3b58-8410-0612e2cf2105,SWINDON ALCOHOL SERVICE,SWINDON ALCOHOL SERVICE,BATH,SW,SN1 5JE,51.559993,-1.7893019,01793 695405,28
5e996cf8-170c-3029-bb90-6c1ea611601a,ELM HAYES SURGERY,ELM HAYES SURGERY,BRISTOL,SW,BS39 7SF,51.300546,-2.4927417,01761 413155,39
c6277fab-1291-37b1-9c8c-67ed52b8998a,PARK MEDICAL PRACTICE,THE PARK MEDICAL PRACTICE,BRIDGWATER,SW,BA4 5RT,51.186046,-2.5467344,01749 334383,68
f88ed947-5d0d-3950-a917-ecc35f141fe5,TAUNTON PSYCHIATRIC LIAISON TEAM,C/O OLD TRANSPORT OFFICE,TAUNTON,SW,TA1 5DA,51.01197,-3.1197783,,13
ddbf7ee0-e4f7-38f2-a9b8-152636908d6e,THE HARVEY PRACTICE (PODIATRY),THE HARVEY PRACTICE,BROADSTONE,SW,BH18 8EE,50.761018,-1.9935253,,10
204fa82d-3c2f-3eae-b80c-992fba87217a,HMP EXETER,30 NEW NORTH ROAD,BRISTOL,SW,EX4 4EX,50.728034,-3.5322218,01392 415650,123
b86da6c3-5fe6-372c-a12d-ac0b26bf360e,MOUNT PLEASANT HEALTH CENTRE,MOUNT PLEASANT HEALTH CTR,CREDITON,SW,EX4 7BW,50.732834,-3.5159265,01392 255722,124
3d6c9ae9-bee3-399e-9030-5d2f3ba03c1b,THE HARVEY PRACTICE,THE HARVEY PRACTICE,BROADSTONE,SW,BH18 8EE,50.761018,-1.9935253,01202 697307,188
7705c5d6-310c-383f-beeb-785d61d9549a,GP CARE UK LTD BNSSG COMMUNITY UROLOGY,GP CARE UK LTD,BATH,SW,BS32 4TU,51.541382,-2.569383,0333 3322100,141
5fb3b7d8-343f-32a6-a49c-194d4ee1f39f,AXMINSTER MEDICAL PRACTICE,THE AXMINSTER MED PRACT,PLYMOUTH,SW,EX13 5AG,50.780899,-2.999226,01297 32126,66
b0e5f6cb-6961-3a7d-ac9f-c7056e4019a6,SPECIALIST NURSE TEAM LTC,LONG TERM COND PROG OFF,TRURO,SW,PL25 5AS,50.339738,-4.7946988,01208 834600,71
e0b83257-67ec-362e-b57b-c20f7dbf840a,SOUTH LAWN MEDICAL PRACTICE,SOUTH LAWN MED PRACTICE,BIDEFORD,SW,EX1 2RX,50.723202,-3.5055424,01392 281101,30
5bc63671-df1c-3b1f-80b5-ef85fa74191f,COMMUNITY SERVICES (RYALLS PARK),RYALLS PARK MEDICAL CENTRE,YEOVIL,SW,BA21 3BA,50.951832,-2.6408721,,5
9789d71d-a1a0-3e6b-bf2a-f876a109e498,GLASTONBURY SURGERY,THE GLASTONBURY SURGERY,TAUNTON,SW,BA6 9LP,51.148462,-2.7218526,01458 833666,73
2df6eee0-dd32-3ea8-b606-7806a2f079e1,SFT LYMPHOEDEMA AQP,VASCULAR & DIABETES UNIT,SWINDON,SW,SP2 8BJ,51.043955,-1.7898225,01722 336262,31
ca2a8b1b-17cc-3d8c-b09e-c66aa417224f,SUMMERVALE SURGERY,ILMINSTER MEDICAL CENTRE,SHEPTON MALLET,SW,TA19 9FE,50.925014,-2.9198014,01460 52354,105
f86f38a3-cbf7-3a5a-a4fb-d4a100b20bcc,WOTTON-UNDER-EDGE CLINIC,SYMN LANE,WOTTON-UNDER-EDGE,SW,GL12 7BD,51.636065,-2.3538429,,5
3293fe36-bea8-378f-a280-3ffef097df90,CLINTON ROAD SURGERY,19 CLINTON ROAD,PADSTOW,SW,TR15 2LL,50.230855,-5.2247576,01209 216507,39
6d89aef1-6b75-3233-af90-d31861ba8aa8,COASTAL PCN HUB,MOUNT HAWKE SURGERY,LAUNCESTON,SW,TR4 8UE,50.280727,-5.2098789,01872 553881,31
57ad8305-7a2d-3edc-96ec-c6367621e6d8,PORTISHEAD MEDICAL GROUP,PORTISHEAD MEDICAL GROUP,BRISTOL,SW,BS20 6AQ,51.482834,-2.7673146,01275 841630,32
bd0b58a0-802d-379a-a5a7-fc76d0877d84,BANES COMMUNITY SKIN SURGERY SERVICE,WIDCOMBE SURGERY,BEACON PARK RD  PLYMOUTH,SW,BA2 4JT,51.37638,-2.3543213,01225 418888,34
d8663507-c8e0-3040-b882-3a8647bef001,MINEHEAD AMBULANCE STATION,TOWNSEND ROAD,MINEHEAD,SW,TA24 5RJ,51.199957,-3.4727709,,11
3554e094-95db-39ae-b5e3-1e7a98c02f77,SDAS,3RD FLOOR,YEOVIL,SW,BA20 1SP,50.938854,-2.6346307,,5
ee3e130b-059c-382b-8be6-8005cd0c4463,BOURNEMOUTH MAGISTRATES COURT,STAFFORD ROAD,BOURNEMOUTH,SW,BH1 1JH,50.723113,-1.8688782,,2
ec06349c-1fbc-353d-9f16-dacbe598fe48,PRESCRIBER 267,KINGSWOOD HUB,BRISTOL,SW,BS15 4DA,51.4626,-2.4999413,,61
5d8f870a-f0fc-30b1-8508-d48a573315bd,TORBAY AND SOUTH DEVON ENHANCED ACCESS,266-268 TORQUAY ROAD,,SW,TQ3 2EZ,50.445536,-3.5602325,07756 946235,137
f623448c-5e24-349d-8379-8b63bd2f5b08,TAUNTON AMBULANCE STATION,LISIEUX WAY,TAUNTON,SW,TA1 2LB,51.015087,-3.0809774,,5
5d2c98e8-18ce-303c-8ae4-924b9e8e5d39,THE STOKE ROAD SURGERY,THE SURGERY 4 STOKE ROAD,GLOUCESTER,SW,GL52 8RP,51.946679,-2.068173,01242 672007,197
aa14ceee-1ca3-37f4-b885-c8f66ea8d3b4,CMHT-A BMTH KINGS PK HOSP,KINGS PARK COMMUNITY HOSPITAL,BOURNEMOUTH,SW,BH7 6JF,50.731593,-1.8333608,,2
08d9cba5-dbe2-39f7-be98-ca7d1aadfd6e,HIGHCLIFF MEDICAL CENTRE,HEILA HOUSE,CHRISTCHURCH,SW,BH23 5ET,50.741232,-1.7018378,,10
7ab3bfd2-72f9-3d11-ae62-d52a319ba218,OAKWOOD CC,CLYDE CRESCENT,CHELTENHAM,SW,GL52 5QH,51.904574,-2.0515243,,11
a5ec038a-a4f8-3bfe-9ea4-6bef99cae2ea,BLAKENEY SURGERY,BLAKENEY SURGERY,CINDERFORD,SW,GL15 4ED,51.759251,-2.4765244,01594 510225,63
98a4d5bd-6f45-3fc7-916e-17ee5586620a,JUBILEE FIELD SURGERY,JUBILEE FIELD SURGERY,CHIPPENHAM,SW,SN14 7EJ,51.4841,-2.1918611,01249 782204,197
cd05345a-beb4-31de-bb8f-d038dfc9f6e3,MINOR INJURY UNIT-EXMOUTH,CLAREMONT MEDICAL PRACT,OKEHAMPTON,SW,EX8 2JF,50.621149,-3.4014988,01395 282001,76
f0da0892-c470-3773-ac11-c8625d38cc9b,HOPE HOUSE SURGERY,HOPE HOUSE CENTRE,BATH,SW,BA3 3EP,51.293062,-2.4464822,01761 432121,54
0e0f4d5a-2be4-3d3f-bba8-899bc6ab5fa6,THE ROSEMARY HEALTH CTR,THE ROSEMARY HEALTH CTR,POOLE,SW,BH12 3HF,50.739667,-1.9471303,01202 723372,57
6aeb213a-2178-3dc9-94db-bd5a44de432d,CANNEL VIEW SURGERY,3 COURTENAY PLACE,TEIGNMOUTH,SW,TQ14 8AY,50.546135,-3.4940231,,5
94cd9988-a200-39cb-9de5-1354a6d2de3c,EXMOUTH OPD PRESC,EXMOUTH HOSPITAL,EXMOUTH,SW,EX8 2JN,50.620554,-3.4016084,,3
23ebc06b-1017-3381-9e81-faf827ae2878,CAEN HEALTH CENTRE,HEALTH CENTRE,BRAUNTON,SW,EX33 1LR,51.107408,-4.1629067,,5
85c8f14e-4c7f-3be2-9305-858e20bbc182,ORCHID HOUSE SURGERY,THE ORCHID HOUSE SURGERY,WIMBORNE,SW,BH22 9HB,50.801788,-1.8944994,01202 897000,31
94c51a8b-404a-30ac-a1c8-3011d9c40568,PARKHILL MEDICAL CENTRE,PARK HILL ROAD,TORQUAY,SW,TQ1 2AR,50.460249,-3.5229443,,5
f75b0585-44d9-3914-8ac2-4be46b73d965,EAGLE HOUSE SURGERY,EAGLE HOUSE SURGERY,BLANDFORD FORUM,SW,DT11 7DQ,50.857543,-2.1656625,01258 453171,102
956d397a-0e3e-36de-aac3-1a83106710fb,KCCG-MENOPAUSE SERVICE,SEDGEMOOR CENTRE,ST AUSTELL,SW,PL25 5AS,50.339738,-4.7946988,01726 627953,29
496b1970-eff2-383f-b09e-b70981d513a8,BATHEASTON MEDICAL CENTRE,BATHEASTON MEDICAL CENTRE,BATH,SW,BA1 7NP,51.406042,-2.3173726,01225 858686,137
6d827acb-bc6d-3d4b-8d4d-a270c88d97a9,VALE COMMUNITY HOSPITAL,LISTER ROAD,DURSLEY,SW,GL11 4BA,51.687748,-2.3534359,,5
a07ea47d-fabd-3fb1-b14f-a6ad9a2c4fac,SHERBORNE CHILDREN'S CENTRE,SHERBORNE AREA YOUTH & COMM CTR,SHERBORNE,SW,DT9 3DY,50.950952,-2.5070994,,5
347c5e3b-86c2-3177-bd95-f535a63a23c7,ROLLE MEDICAL PARTNERSHIP,ROLLE MEDICAL PARTNERSHIP,TIVERTON,SW,EX8 2JF,50.621149,-3.4014988,01395 226540,67
76f3c109-6e02-3112-ba9b-58b083f768fa,HARRIS MEMORIAL SURGERY,HARRIS MEMORIAL SURGERY,CAMELFORD,SW,TR16 4RX,50.246646,-5.2670975,01209 842449,105
f6028a19-3857-3f05-adce-0d328799c6f8,EARLY MEDICAL TERMINATION NHS SERVICE,235 HOLDENHURST ROAD,BOURNEMOUTH,SW,BH8 8DD,50.730113,-1.8567728,,10
d88ecb48-968f-3de7-9e3b-08de773ef507,REDHILLS,REDHILLS HOUSE,EXETER,SW,EX4 2DA,50.720846,-3.548761,,5
0f958321-bbcf-330b-a337-aff47478abf2,THE ARMADA FAMILY PRACTICE,THE ARMADA FAMILY PRACT,WHITCHURCH,SW,BS14 0SU,51.413689,-2.5720365,01275 547011,147
f1b37c21-88a4-3018-affa-7f074bf0ed97,BRACKEN HOUSE (PSYCHOLOGICAL THERAPIES),CHRISTCHURCH ROAD,BOURNEMOUTH,SW,BH1 3JP,50.721813,-1.8642212,,6
21709fb8-64e5-334a-b87d-8cf4b1551f92,STRATFIELD HOUSE DAY SERVICES,WELLINGTON & DISTRICT HOSPITAL,WELLINGTON,SW,TA21 8QQ,50.97627,-3.2270605,,2
65c46d17-94c8-3d4a-b746-2a8a13815edd,EMERSONS GREEN MEDICAL CENTRE,ST LUKES CLOSE,BATH,SW,BS16 7AL,51.492728,-2.4769942,0117 9576000,80
12809810-36ec-38c2-b9d6-832abcfdf7c3,CHUDLEIGH HEALTH CENTRE,MARKET WAY,NEWTON ABBOT,SW,TQ13 0HL,50.606136,-3.6012523,,3
05cfe5e8-0f49-37c1-82a9-b2132adcc4ab,MENDIP VALE MEDICAL PRACTICE,LANGFORD SURGERY,BRISTOL,SW,BS40 5EL,51.341574,-2.7848224,01934 839820,127
c1f5c1c1-7fe8-31c6-9d49-9132ed1ce589,RESIDENCES - BELGRAVE,2 BELGRAVE ROAD,PLYMOUTH,SW,PL4 7DP,50.383116,-4.1324883,,1
f3ec5783-e2a2-369d-b8cf-982340603e92,WONFORD GREEN SURGERY,BURNTHOUSE LANE,EXETER,SW,EX2 6NF,50.713847,-3.4994208,,5
92c53fd0-c823-3eee-a0cc-88cd1923bf4e,WINFIELD MEDICAL CENTRE,TEWKESBURY ROAD,GLOUCESTER,SW,GL2 9WH,51.880564,-2.242228,,15
a5bac332-9512-3eb5-b714-1996417f68ea,SALTASH ROAD SURGERY,218 SALTASH ROAD,PLYMOUTH,SW,PL2 2BB,50.390577,-4.1807286,,91
96bdc1a8-1558-3fec-bba8-d963b59d1aad,RICHMOND HOUSE SURGERY,RICHMOND HOUSE SURGERY,PLYMOUTH,SW,TQ14 8AF,50.545487,-3.4968537,01626 773339,235
d66ac3a7-1d58-360a-9604-0c09e3483b3f,TROWBRIDGE HEALTH CENTRE,TROWBRIDGE HEALTH CENTRE,TROWBRIDGE,SW,BA14 8LW,51.32537,-2.2082179,01225 435757,128
d2f4c435-6245-3b5a-8956-839fd218e7c9,GP UCS (DORSET) OOH,SW AMBULANCE SERVICE NHS,TRURO,SW,BH24 2RR,50.817952,-1.8560364,01202 851332,62
a65b5132-eb20-3fbb-9883-2fc051831685,STREAMSIDE SURGERY,THORNBURY HEALTH CENTRE,BRISTOL,SW,BS35 1DP,51.612888,-2.5177087,01454 412167,33
07970cd4-ad21-3093-94cd-b0ce6069144e,FAIRFORD HOSPITAL,THE CROFT,FAIRFORD,SW,GL7 4BB,51.707871,-1.7786741,,106
81b2401f-391c-320e-be3d-b0beda94e311,TIVERTON HOSPITAL,TIVERTON & DISTRICT HOSPITAL,TIVERTON,SW,EX16 6NT,50.909477,-3.4929547,,5
4ce7555e-e57e-35a6-bc0d-2d5fd9ee509e,DORSET FORENSIC TEAM,ST. ANNS HOSPITAL,POOLE,SW,BH13 7LN,50.698623,-1.9279197,,5
23c94a6b-a4ae-3198-b0b5-e26b57f0f1cb,CMHS CUMBERLAND,1ST FLR CUMBERLAND CENTRE,BATH,SW,PL1 4JZ,50.369816,-4.1688071,01752 435589,124
d3b6e302-cb7a-30cd-9622-da9aff20f48f,TAW HILL MEDICAL PRACTICE,TAW HILL MEDICAL PRACTICE,SWINDON,SW,SN25 1UH,51.594425,-1.8246987,01793 709500,67
00e14173-c941-388f-97fa-d2427300b80a,FOREST VIEW EARLY YEARS CENTRE,FOREST VIEW SCHOOL,CINDERFORD,SW,GL14 2QA,51.825309,-2.4916007,,7
a0baae0d-ea5c-35f9-898a-1ae72a01047c,MENDIP OLDER PERSONS TEAM,ENOS WAY,FROME,SW,BA11 2FH,51.237156,-2.3112808,,17
23b490d6-ed0d-3584-8185-aee7eef22c94,NUT BUSH LANE CLINIC,NUT BUSH LANE,TORQUAY,SW,TQ2 6LF,50.476435,-3.5705094,,6
74c5e1e5-bdb4-38cb-b61f-e6c294e33ffa,HEATHERLANDS COMMUNITY CENTRE,BARNS ROAD,FERNDOWN,SW,BH22 8XG,50.804758,-1.8697431,,7
85588d1d-a732-3298-abfd-7e0706e20355,NORTH SEDGEMOOR CLINICAL HUB,BERROW MEDICAL CENTRE,STROUD,SW,TA8 2JU,51.259235,-2.9984435,01278 795445,80
47b53c94-c177-3bc3-b165-6415c2278b4e,NURSE PRESCRIBER BRADWORTHY,THE SQUARE,HOLSWORTHY,SW,EX22 7SY,50.901686,-4.3855325,,2
78680a63-42f1-31c4-af2a-99a89362b9db,PRESCRIBER 232,KINGSWOOD HUB,BRISTOL,SW,BS15 4DA,51.4626,-2.4999413,,40
3bfe56ba-682c-37a4-9e29-bd3d5761be2a,ROWCROFT COMMUNITY SERVICES,ROWCROFT HOSPICE,NEWTON ABBOT,SW,TQ2 5LS,50.470118,-3.5479081,01803 210800,38
0cf6180a-e9a0-3685-95c2-785118a9ac69,HCRG CARE GROUP CHILDREN'S HEALTH,1ST FLOOR  TECHNOLOGY HSE,BRISTOL,SW,SP4 6AT,51.127827,-1.7861987,0300 2470090,88
28a7d8ea-b07d-3503-b619-3d8f7f6c7ad8,EXETER MOBILITY CENTRE,WONFORD ROAD,EXETER,SW,EX2 4DU,50.715469,-3.5123772,,1
fe0234ae-ef44-3814-9486-e2daa9f1457b,PENNY'S HILL PRACTICE,PENNY'S HILL PRACTICE,FERNDOWN,SW,BH22 9HB,50.801788,-1.8944994,01202 897200,137
d152923f-e387-3482-ae86-bd5d969e979f,ST LUKES HOSPICE,STAMFORD LANE,TREWALDER,SW,PL9 9XA,50.355822,-4.1204675,01752 401172,473
75b8944d-dd9b-3b78-a5c1-ea53288ccab1,BELL HOUSE,28-30 MARSH GREEN ROAD WEST,EXETER,SW,EX2 8PN,50.705999,-3.5309509,,5
0d408b7d-1585-3090-a3ca-085d9020176b,WELLINGTON MEDICAL CENTRE,MANTLE STREET,CHEDDAR,SW,TA21 8BD,50.975622,-3.2330971,01823 663551,30
698fee30-a143-36a7-beaa-91f06848bafa,CHAT,THE PURBECK HOUSE,WAREHAM,SW,BH20 4PF,50.682699,-2.1231621,,5
451d7853-15a2-3674-8d9d-c93db9271ffb,TAWSTOCK MEDICAL CENTRE  CHARD,TAWSTOCK MEDICAL CENTRE,BRIDGWATER,SW,TA20 2DZ,50.867905,-2.9650041,01460 67763,76
04df0400-6573-32a8-9da8-60c56f2fca0d,BROADMEAD WALK-IN CENTRE,BOOTS THE CHEMISTS,PLYMOUTH,SW,BS1 3EA,51.457392,-2.5894801,0117 9549828,91
bdca0e45-82af-3ee6-8d26-674293fc1034,MARVIN HOUSE,MONKTON PARK,DORCHESTER,SW,DT2 9PS,50.693332,-2.4526252,,5
9a5ac381-5470-3123-8e63-4ff6f682696c,ERNSETTLE SURGERY,ERNESETTLE GREEN,PLYMOUTH,SW,PL5 2ST,50.420509,-4.1769368,,38
83ed3054-5e5d-3086-b133-5ca7e1fc42f9,PMSH SERVICE,31 ALMA ROAD,BOURNEMOUTH,SW,BH9 1BP,50.739605,-1.8763574,,15
2427bd2c-2559-39ae-bec5-478c34e306ad,CHANNEL VIEW MEDICAL GROUP,CHANNEL VIEW SURGERY,TORQUAY,SW,TQ14 8AY,50.546135,-3.4940231,01626 774656,181
19239749-8e9a-3d20-bb67-2c91dbe97a4c,WELLS ROAD SURGERY,233 WELLS ROAD,BRISTOL,SW,BS4 2DF,51.438637,-2.5727223,0117 9770018,34
5a979e82-2c64-3f10-952f-62b567bfdfad,HOLSWORTHY AMBULANCE STATION,WELL PARK,HOLSWORTHY,SW,EX22 6DH,50.812297,-4.3530499,,22
