Id,NAME,ADDRESS,CITY,STATE,POSTCODE,LAT,LON,PHONE,UTILIZATION
a83dab77-0273-32cd-a600-7fcbe35de8ab,CONCORD MEDICAL CENTRE,CONCORD MEDICAL CENTRE,BRISTOL,SW,BS34 6BQ,51.529421,-2.5548758,01454 616767,34
7de70634-01e1-3d70-ada5-d9c1cf5ad1d2,PRESTON ROAD SURGERY,102 PRESTON ROAD,WEYMOUTH,SW,DT3 6BB,50.64294,-2.4304318,,3
339de48a-5ce3-3c92-993b-a4d046998bb3,TAVYSIDE HEALTH CENTRE,ABBY RISE,EXETER,SW,PL19 9FD,50.5458,-4.1459048,01822 613517,124
c70024ea-705e-3d79-ada8-0b8fa075c9e4,MENDIP ADULTS TEAM,ENOS WAY,FROME,SW,BA11 2FH,51.237156,-2.3112808,,15
b7d8f0e1-f16d-3a3d-b0df-a9c3866ff6db,COTSWOLD CARE HOSPICE,BURLEIGH LANE,STROUD,SW,GL5 2PQ,51.711819,-2.1947493,,6
33641218-3539-328d-b3d4-a54ad608edcd,CHELTENHAM LEISURE CENTRE,TOMMY TAYLORS LANE,CHELTENHAM,SW,GL50 4RN,51.910951,-2.0796177,,6
92e72726-5cc0-37af-8268-221df1e8ef58,BRADLEY STOKE SURGERY,BRADLEY STOKE SURGERY,EASTVILLE,SW,BS32 9DS,51.540212,-2.5604431,01454 616262,172
e864ebce-dadf-30a4-9d46-7e66e5a4d2dc,HIGHBRIDGE MEDICAL CENTRE,HIGHBRIDGE MEDICAL CENTRE,WILLITON  TAUNTON,SW,TA9 3YA,51.22734,-2.9792212,01278 783230,69
60eaaf61-a578-3257-9d82-aef71ad8d102,THE MARINE & OAKRIDGE PARTNERSHIP,MARINE SURGERY,BOURNEMOUTH,SW,BH6 3DB,50.722847,-1.8065462,01202 425588,68
eab7fdb0-521a-321b-bf99-f9dc52edc2ad,PRIME ENDOSCOPY (BRISTOL),PRIME ENDOSCOPY (BRISTOL),BARNSTAPLE,SW,BS1 5SZ,51.449597,-2.6017267,0117 9103790,108
bd17e695-2641-3d2e-8ae4-7ef08f4942b6,SIDMOUTH HOSPITAL,ALL SAINTS ROAD,SIDMOUTH,SW,EX10 8EW,50.68161,-3.2396552,,3
83dc856d-4316-3a56-aa87-eb2946382efc,GPSI DERMATOLOGY MPHC,MOUNT PLEASANT HEALTH CTR,YATE,SW,EX4 7BW,50.732834,-3.5159265,01392 255722,58
73067b37-c686-3373-8da6-0146e6689826,FROME RENAL DIALYSIS UNIT,FROME COMMUNITY HOSPITAL,FROME,SW,BA11 2FH,51.237156,-2.3112808,,15
69562210-6eb6-3fdc-ace4-977f9c26d40a,LANSDOWNE SURGERY,THE LANSDOWNE SURGERY,DEVIZES,SW,SN10 2BU,51.356209,-2.0017315,01380 722278,31
a115cb8c-3c1b-3c6f-941d-84929e89c1ef,CHARD FIRE STATION,AVISHAYES ROAD,CHARD,SW,TA20 1NZ,50.876686,-2.9501902,,3
f728b878-c3cd-3468-9f6c-6fbb71047f54,NHS KERNOW LIVI - EMIS,PENNTORR HEALTH,BRISTOL,SW,PL11 2TB,50.376056,-4.2250421,01208 812342,54
53bb9aed-dd9e-3ceb-ba60-8bc0c8089710,SIDMOUTH AMBULANCE STATION,FIRE STATION,SIDMOUTH,SW,EX10 9UU,50.693727,-3.23938,,3
2d19c843-04b4-3d87-a0e5-6eac364b2468,PAULTON HOSPITAL MINOR INJURY UNIT,PAULTON MEMORIAL HOSPIAL,SALISBURY,SW,BS39 7SB,51.298683,-2.4932811,01761 412315,44
453f08ab-ec4f-3aca-a7b1-4eb8edd953d3,NEWMEDICA EXETER,THE MEDICAL EYE CLINIC,BODMIN,SW,EX2 8NL,50.696795,-3.517511,01392 797717,65
5711e707-204f-3c6d-b751-8d962a6de030,CONTINENCE SERVICE CGH,CONTINENCE DEPARTMENT CGH,GLOUCESTER,SW,GL53 7AN,51.89319,-2.0718118,0300 4225305,33
a8292a12-6430-36f6-b143-501e61e2d449,WEST CLUSTER IAGPS,WEYMOUTH COMMUNITY HOSP,CIRENCESTER,SW,DT4 7TB,50.621054,-2.4510543,01305 760022,47
66ca1a59-6832-3607-bd7b-53118943a492,DERMATOLOGY  CUMBERLAND,CUMBERLAND CENTRE,PLYMOUTH,SW,PL1 4JZ,50.369816,-4.1688071,,15
bfc3aa47-4fb3-3ee3-8c89-f0f683ede1ce,WHITFIELD RURAL ACTIVITIES CENTRE,POUNDBURY WHITFIELD,DORCHESTER,SW,DT2 9SL,50.722629,-2.464425,,3
c1c257ce-a5fd-39dc-8df8-adea2dc93514,DIAMOND HEALTH GROUP,DIAMOND HEALTH GROUP,TAUNTON,SW,BA20 1UJ,50.938289,-2.6376117,01935 470200,32
d9d1d61a-adcd-3f3c-8823-06a62b00566d,NIGHTINGALE VALLEY PRACTICE,NIGHTINGALE VALLEY PRACT,BRISLINGTON,SW,BS4 4HU,51.446246,-2.5479382,0117 3304300,125
8fd41390-5062-3b50-8fed-de318ccc8a2d,GOMPELS PHARMACY,1 BANK STREET,CHIPPENHAM,SW,SN12 6LE,51.374218,-2.1383735,01225 702198,30
94ca891b-b845-3b9f-9350-5a58973d6100,PORTLAND HEALTH CENTRE,CASTLE ROAD,PORTLAND,SW,DT5 1AX,50.56587,-2.4448227,,4
5d52d862-3a17-3997-8b29-0919084dc6cc,CHURCHDOWN SURGERY,CHURCHDOWN SURGERY,CINDERFORD,SW,GL3 2JH,51.882388,-2.171675,01452 899762,32
d4aa85d7-d4ef-39fe-acf4-f32e5587e05b,LYNGFORD PARK,LYNGFORD PARK SURGERY,ILMINSTER,SW,TA2 8SQ,51.036451,-3.0909306,01823 333355,176
f9fb03eb-e1ec-3fd6-ada9-25b7e5d74752,THE DEAN NEUROLOGICAL CENTRE,TEWKESBURY ROAD,BRISTOL,SW,GL2 9EE,51.880048,-2.2393924,01452 420200,229
4078cf06-7e77-3163-b7dd-e5687ce03e32,RYALLS PARK MEDICAL CENTRE  YEOVIL,RYALLS PARK MEDICAL CTR,GLASTONBURY,SW,BA21 3BA,50.951832,-2.6408721,01935 434000,35
582c1518-8a87-33df-83e1-3f6cdc9cfceb,QUAY ADVICE CENTRE,HILL STREET,POOLE,SW,BH15 1NR,50.715632,-1.9850752,,3
ef6a5294-f17b-3927-97ca-317620c9fed1,PHARMACY MANUFACTURING UNIT,KEMMINGS CLOSE,PAIGNTON,SW,TQ4 7TW,50.413209,-3.5837873,,6
9f40fa54-96fa-3ff2-832d-dd0917e31bba,HELIOS MEDICAL CENTRE,HELIOS MEDICAL CENTRE,BRISTOL,SW,BS9 1JN,51.475527,-2.6310236,0117 9626060,235
a46bf4f7-e235-3afa-a0d1-fb2b8721d593,CROFT HALL MEDICAL PRACTICE,CROFT HALL MEDICAL CENTRE,TORRINGTON,SW,TQ2 5UA,50.466681,-3.5358327,01803 298441,63
68c884a3-f675-3243-b269-2d2acde6b926,CHELTENHAM ROAD SURGERY,CHELTENHAM ROAD SURGERY,GLOUCESTER,SW,GL2 0LS,51.870388,-2.2231175,01452 522575,71
d479ea67-b18f-35e8-97a8-867f53e032d6,COMMUNITY TEAM PENZANCE,BELLAIR CLINIC,NEWQUAY,SW,TR18 4TA,50.117787,-5.542535,01208 834600,69
b02a80dd-a125-34ce-a742-46ec8604dcbe,ST. MARY'S SURGERY,ST. MARY'S SURGERY,BATH,SW,BA2 0HX,51.326082,-2.4798693,01761 470880,159
58784282-3b35-3416-9dd8-b7202cf5c8a3,CHERITON BISHOP SURGERY,THE SURGERY,BRAUNTON,SW,EX6 6JA,50.724896,-3.7421645,01647 24272,56
a511bf66-e692-39bd-9eba-b52be3c822af,PRESTON GROVE MEDICAL CENTRE  YEOVIL,PRESTON GROVE MEDICAL CTR,TAUNTON,SW,BA20 2BQ,50.94185,-2.6442646,01935 474353,171
4f4b1f6c-a489-389d-8268-3bedce8c9a87,COLLEGE SURGERY,COLLEGE ROAD,CULLOMPTON,SW,EX15 1TG,50.860371,-3.3906715,,3
3a98f190-1b6e-361e-8dbd-e3fc3b155347,BRIDGE VIEW MEDICAL,THE SOUTHVILLE SURGERY,BRISTOL,SW,BS3 1AS,51.445337,-2.5994835,0117 9669724,39
fa06737c-c102-37f9-841d-7ab6c9102a95,BEAUMONT VILLA SURGERY,BEAUMONT VILLA SURGERY,EXETER,SW,PL4 9BL,50.373198,-4.1279086,01752 663776,44
b6f7e8d3-09b2-31cb-9ec1-e45ba700b1f7,TALBOT MEDICAL CENTRE,TALBOT MEDICAL CENTRE,BOURNEMOUTH,SW,BH10 4BX,50.748888,-1.9089341,01202 636400,47
889115cd-69d3-31ab-8fb3-058c819adf04,THE BARCELLOS FAMILY PRACTICE,TRICKETTS CROSS,FERNDOWN,SW,BH22 8AZ,50.807989,-1.8722461,01202 897989,98
e2b08119-4db8-34f9-9439-291c8f3625d4,PRESTBURY PARK MEDICAL,WILSON HEALTH CENTRE,WESTBURY ON SEVERN,SW,GL52 3EY,51.910614,-2.055936,01242 226336,68
77ed1ac2-c2f1-3f93-811b-4a4560461c23,BIDEFORD AMBULANCE STATION,CLOVELLY ROAD INDUSTRIAL ESTATE,BIDEFORD,SW,EX39 3HN,51.01005,-4.2338299,,3
f684a063-8183-3953-b955-a0e9358dd7f1,ST MARY STREET SURGERY,THE SURGERY,BRISTOL,SW,BS35 2AT,51.606577,-2.5254634,01454 413691,39
cc915e5b-e028-3370-991f-d62ea9b0095a,BOX SURGERY,LONDON ROAD,CORSHAM,SW,SN13 8NA,51.417651,-2.2501245,01225 742361,33
c0fc8eec-9ee7-3735-aaea-f2738aec1405,HIGHCLIFFE MEDICAL CENTRE,HEILA HOUSE,CHRISTCHURCH,SW,BH23 5ET,50.741232,-1.7018378,,3
6e190ce3-390a-3f57-8c6a-56d28f0658d8,COMMUNITY TEAM SOUTH KERRIER,HELSTON COMMUNITY HOSP,SALTASH,SW,TR13 8DR,50.091947,-5.2649317,01208 834600,31
449090ac-2566-32dc-9a1d-444e63c0651f,PES@SPECSAVERS MELKSHAM BSW CCG,29 BANK STREET,CHIPPENHAM,SW,SN12 6LE,51.374218,-2.1383735,01225 899810,95
be0bdf8d-0e97-3717-85d4-947075ed1f7a,FOXHOLE CLINIC,37 SMALLCOMBE ROAD,PAIGNTON,SW,TQ3 3SP,50.442969,-3.5864004,,3
227e2ab6-06b6-30e5-9d27-4c0af29c8552,MULBERRY CENTRE,BERROW HEALTH CAMPUS,BURNHAM-ON-SEA,SW,TA8 2JU,51.259235,-2.9984435,,6
f5a2d67a-6d92-32a4-98f2-3444c5d4735a,COLLEGE WAY SURGERY,COLLEGE WAY SURGERY,BECKINGTON,SW,TA1 4TY,51.005247,-3.1212982,01823 259333,240
851b2051-01d6-3315-b92b-4686376a25a9,CAMHS OUTREACH,OAKLANDS COURT,BARNSTAPLE,SW,EX16 6TG,50.910753,-3.4660544,01392 384105,93
fff4afa7-5a41-3ece-aa9f-cae1fc3f8dfb,MINOR INJURY UNIT-SIDMOUTH,THE BEACON MEDICAL PRACT,WESTON-SUPER-MARE,SW,EX10 9YA,50.699501,-3.247731,01395 512601,143
92021ee5-45b4-3106-be1f-dc59f6586125,LIFEBOAT QUAY MEDICAL CENTRE,LIFEBOAT QUAY MEDICAL CTR,POOLE,SW,BH15 1AE,50.718734,-1.9849326,0844 4773324,158
e94e9fc0-d3a4-32e7-935f-cbecab27cab7,WESTBANK PRACTICE,THE LIMES SURGERY,EXETER,SW,EX6 8DF,50.679142,-3.4937566,01392 833230,148
4d47996f-901c-3c4b-805b-63b32cf7baaa,WIMBORNE ENDOSCOPY,VICTORIA HOSPITAL,WIMBORNE,SW,BH21 1ER,50.802195,-1.9959181,,2
15a0dec0-737b-32a8-90be-d6c21461b25b,NEW HALL HOSPITAL,NEW HALL HOSPITAL,PLYMOUTH,SW,SP5 4EY,51.030723,-1.7638289,01722 435143,69
ed63025f-d27f-3db7-981d-7d28b0cb2925,SEATON & COLYTON MEDICAL PRACTICE,SEATON & COLYTON MED.PRAC,PLYMOUTH,SW,EX12 2DU,50.713074,-3.0741129,01297 20877,63
99c1192a-2a31-3e79-a077-d02f0366f944,ROYAL CRESCENT SURGERY,WILSON HEALTH CENTRE,121 SWINDON RD CHELTENHAM,SW,GL52 3EY,51.910614,-2.055936,01242 580248,96
88c95d0d-a365-3068-bb9d-471fdaae733f,NORTH ROAD WEST MED.CTR.,NORTH ROAD WEST MED.CTR.,TORQUAY,SW,PL1 5BZ,50.376018,-4.1462066,01752 662780,57
5b297327-780a-3f59-a307-1935460b560b,WORKING AGE ADULTS - LAUREL HOUSE,LAUREL HOUSE,STROUD,SW,GL51 9EZ,51.907065,-2.0828959,01242 634240,32
cf302aa4-f77c-3aa3-a803-8e1aa0287c75,AWP MENTAL HEALTH TEAM EASTWOOD PARK,FALFIELD,WOTTON-UNDER-EDGE,SW,GL12 8DB,51.634463,-2.4673835,,3
758a774a-d05a-3836-baeb-995cd026d45c,LEYHILL PRISON HMP,LEYHILL,WOTTON-UNDER-EDGE,SW,GL12 8BT,51.628035,-2.436777,,3
e0aa3687-b329-3895-b09f-cd83ccafd074,NEW LEAF,FARM HOUSE RISE,EXETER,SW,EX6 8AB,50.681114,-3.5061482,,3
2d76e568-c2cc-3661-b9a6-500625926170,PRIMARY CARE PAEDIATRIC SERVICE,C/O LEAP VALLEY SURGERY,DEVIZES,SW,BS37 4NG,51.529077,-2.4241668,01454 313577,43
ba5184f9-0022-3d45-a99f-73cc7130b9d5,CARNON DOWNS SURGERY,THE SURGERY,HELSTON,SW,TR3 6JD,50.22345,-5.0919047,01872 863221,144
812100da-2600-32b5-8ef6-82ba72df14e4,UNDERWOOD SURGERY,UNDERWOOD SURGERY,LONGLEVENS,SW,GL50 3EQ,51.901639,-2.0893682,01242 580644,34
a5cc4e20-f638-3b2e-8bcf-a691ef3fc68a,STOCKWOOD MEDICAL CENTRE,STOCKWOOD MEDICAL CENTRE,BRISTOL,SW,BS14 8PT,51.411565,-2.5441444,01275 833103,269
d3c956fe-2e2f-392b-806d-847abc651494,COMMUNITY TEAM TORPOINT,PENNTORR HEALTH,BODMIN,SW,PL11 2TB,50.376056,-4.2250421,01208 834600,131
11647f29-0574-3a3c-b6fb-ca35d926354e,GLOUCESTER INNER CITY PCN HUB,QUAYSIDE HOUSE,GLOUCESTER,SW,GL1 2TZ,51.866195,-2.2515906,01452 336290,28
ce87f8af-b566-3ba2-8ba9-e1983202515a,LEXHAM LODGE,COPT ELM ROAD,CHELTENHAM,SW,GL53 8AG,51.88536,-2.0526936,,3
136ca92b-e5b3-3794-81fc-18d44ba612ad,BRUNEL MEDICAL PRACTICES- KIRKHAM,ST. ALBANS ROAD,TORQUAY,SW,TQ1 3SL,50.479358,-3.5169482,,3
c9e3cac5-0b03-34a5-b7a5-1165248f9227,THE FAMILY PRACTICE,THE FAMILY PRACTICE,BRISTOL,SW,BS6 6DF,51.462707,-2.6033674,0117 9466455,33
0cb1e485-735f-3bf3-9e61-5b50aad33c8a,SAME DAY EMERGENCY CARE,NORTH DEVON HOSPITAL,SHIREHAMPTON,SW,EX31 4JB,51.092201,-4.0511326,01271 322577,163
35b13c60-4407-3ccd-9565-cb2a2d26e545,COOMBE PAFFORD SCHOOL,STEPS LANE,TORQUAY,SW,TQ2 8NL,50.494534,-3.5269935,,3
7dd6819b-49cb-3416-9e3b-13f85e7db887,CORNWALL HEALTH FOR HOMELESS,CWLL HEALTH FOR HOMELESS,FROME,SW,TR1 2JJ,50.26246,-5.0564019,01872 221240,121
50087784-3e3a-397b-9260-192d1bb9d15c,CARN TO COAST HEALTH CENTRES,POOL HEALTH CENTRE,LOSTWITHIEL,SW,TR15 3DU,50.226223,-5.2681545,01209 717471,28
a634369c-445c-3a9d-ae52-1ad6d6a6dab6,SALISBURY MEDICAL PRACTICE,FISHERTON HOUSE,SALISBURY,SW,SP2 7FD,51.072278,-1.8091913,01722 333034,134
05a58020-780d-34ec-af4b-a0b7564fccf1,SID VALLEY PRACTICE,THE BEACON MEDICAL CENTRE,EXETER,SW,EX10 9YA,50.699501,-3.247731,01395 512601,158
81b60837-d671-3b6c-a9fe-6617a738ce64,SOUTH BRISTOL LOCALITY,WITHYWOOD CENTRE,STAPLETON  BRISTOL,SW,BS13 8QA,51.40731,-2.6221188,0300 1256789,44
29c6366b-679d-3bdb-b8bf-ec87745de060,ST LUKES MEDICAL CENTRE,ST.LUKES MEDICAL CENTRE,HEAVITREE  EXETER,SW,TQ5 8NA,50.394313,-3.5176364,01803 852731,97
e9e13bad-6cfe-3e17-a2ab-c4f81cbc7d7e,BMI HEALTHCARE BATH CLINIC,CLAVERTON DOWN ROAD,PORTISHEAD,SW,BA2 7BR,51.364144,-2.3321931,01225 835555,179
10a2fb55-556c-356d-bd80-e1ab15daff5c,ASHINGTON WAY PHARMACY,ASHINGTON WAY,MELKSHAM,SW,SN5 7XT,51.557473,-1.8266148,,211
d3f3ec54-ddab-36e4-b957-f1a429ebdb3a,COMMUNITY SERVICES,LOCAL CARE CENTRE,COVENTRY,SW,PL4 7PY,50.378824,-4.1168236,01752 435005,38
2791e9b2-fa33-3dd3-a658-eace052086be,THE WELLSPRING SURGERY,THE WELLSPRING SURGERY,BRISTOL,SW,BS5 9QY,51.455812,-2.5614665,0117 9557711,197
d5321112-5856-3e0b-9070-30f3fc9bbc3f,ROLLE MEDICAL PARTNERSHIP,EXMOUTH HEALTH CENTRE,BRIXHAM,SW,EX8 2JF,50.621149,-3.4014988,01395 273666,30
4df0c102-ab5e-319f-99c2-4eca9a0c6711,ROSEDEAN SURGERY,ROSEDEAN SURGERY,FALMOUTH,SW,PL14 4AQ,50.453685,-4.4659856,01579 343133,171
a20ce89f-2e97-3de9-a299-b6aaa3536d9f,ADDACTION MID & EAST DEVON,TIVERTON DCTA,MOUNT GOULD RD  PLYMOUTH,SW,EX16 6NB,50.901099,-3.4862727,07872 147796,68
183d327f-f53c-389d-a788-d81b6d7d4c29,WESTBURY GROUP PRACTICE,WHITE HORSE HEALTH CENTRE,WESTBURY,SW,BA13 3FQ,51.252707,-2.2034902,01373 828330,83
06f8aa3a-8a19-3052-91d5-21b2a54057a6,HMP ASHFIELD,HMP ASHFIELD,WOTTON-UNDER-EDGE,SW,BS16 9QJ,51.482447,-2.4388977,0117 3038000,41
136ade25-13b3-38c3-bfd4-28ad94b8ae41,PENN HOUSE,PENN HILL,YEOVIL,SW,BA20 1SF,50.939642,-2.6318946,,3
cfa770d7-4618-3625-8183-e0f2e878bfc9,STREET SPECIALIST EMI DAY CENTRE,29 WEST LEAZE,STREET,SW,BA16 0BW,51.128808,-2.7457115,,3
f136c6a7-147c-3706-8c82-118ab5e4efce,ACORN PRACTICE,MAY LANE SURGERY,MORETON-IN-MARSH,SW,GL11 4JN,51.680012,-2.3573964,01453 540540,28
8d2ab080-af8c-3aab-9439-ce65218098b5,THE OLD DISPENSARY,THE OLD DISPENSARY,WIMBORNE,SW,BH21 1PL,50.802545,-1.9870631,01202 880786,42
d99d3e7c-a0ab-3aea-a0a9-7675af6e4d9a,PEMBROKE MEDICAL GROUP,PEMBROKE HOUSE SURGERY,TORQUAY,SW,TQ3 2EZ,50.445536,-3.5602325,01803 553558,40
ea9c4e89-0aac-3cc3-9b52-7de96c481587,MENDIP COUNTRY PRACTICE,MENDIP COUNTRY PRACTICE,YEOVIL,SW,BA3 5NQ,51.241343,-2.4504792,01373 812244,113
d066923d-5778-3753-bb65-c4f09a3d0dec,MOUNT GOULD HOSPITAL,MOUNT GOULD ROAD,PLYMOUTH,SW,PL4 7QD,50.378513,-4.1151078,,3
108741fe-5e33-3366-9634-0e372507edde,MAYFIELD MEDICAL CENTRE,THE MAYFIELD MEDICAL CTR.,TORQUAY,SW,TQ4 5LA,50.433243,-3.5701074,01803 558257,67
986e87e0-ac9c-339b-8b21-da8754aa4003,ORCHARD MEDICAL CENTRE,FAIRMEAD,DURSLEY,SW,GL11 5NE,51.699708,-2.3643958,,6
bda094c3-340e-3112-9ca9-7e5ff453eaf0,UNIVERSITY CAMPUS CLINIC,TALBOT MEDICAL CENTRE,BOURNEMOUTH,SW,BH10 4BX,50.748888,-1.9089341,,3
63970afd-641d-3e92-9059-0f3f45a4b842,LD CONSULTANT PSYCHIATRY,MIDFORD HOUSE,SOWTON,SW,BA2 5RP,51.35816,-2.3725923,01225 613868,50
14be4e9b-4e2f-3cab-bb75-f379be005427,ADDACTION NORTH DEVON,LONGBRIDGE HOUSE,SWINDON,SW,EX39 3AF,51.017119,-4.2116132,0300 3033384,147
37724f7f-9d9e-3d1c-9b72-0fb6e2d975ed,BURBAGE SURGERY,9 THE SPRAYS,MARLBOROUGH,SW,SN8 3TA,51.348469,-1.6695448,01672 810566,32
ebd34553-6bca-3683-bf0a-0ce1f2631881,LYMPHOEDEMA SERVICE,WHEATSTONE,CHELTENHAM,SW,GL4 3TA,51.858376,-2.1983154,0300 4228750,61
a603ccaa-1e4e-36c6-b88b-06f053261609,ASHLEY INTERMEDIATE CARE CENTRE,GREVILLE HOUSE,CHELTENHAM,SW,GL52 6YL,51.883772,-2.0448464,,3
56e5dd79-49e9-350c-bc39-7941d0935e2d,KINGSTEIGNTON MEDICAL PRACTICE,THE SURGERY WHITEWAY ROAD,BARNSTAPLE,SW,TQ12 3HN,50.54898,-3.5973952,01626 357080,64
23f101d9-8828-349f-a8b1-7326f3c0293b,ROMNEY HOUSE SURGERY,ROMNEY HOUSE SURGERY,CIRENCESTER,SW,GL8 8AA,51.637972,-2.1607354,01666 502303,63
f142153c-2b87-3c6a-a57e-8e0df09293a3,GLOUCESTERSHIRE TRISERVICE EMERGENCY CENTRE,WATERWELLS DRIVE,GLOUCESTER,SW,GL2 2BA,51.813788,-2.2749722,,3
5e054c20-a752-35c5-a278-c6fa5b02922c,DN POOLE NORTH,POOLE LOCALITY,WIMBORNE,SW,BH21 1ER,50.802195,-1.9959181,,1
9884e1f7-9223-33d2-a8d0-ffbdb79ccbd3,MAYTREES MEDICAL PRACTICE,EAST TREES HEALTH CENTRE,BRISTOL,SW,BS5 6SA,51.470243,-2.5633714,0117 2444123,67
4868b9a8-9553-37c0-b4dd-feb254e6d1e7,SOMERSET BCSC,TRUST MANAGEMENT,TAUNTON,SW,TA1 5DA,51.01197,-3.1197783,01278 432000,52
e595f153-c7c5-34f1-baf7-249183e00456,PLYMOUTH CDC,COLIN CAMPBELL COURT,PLYMOUTH,SW,PL1 1TQ,50.37111,-4.1480242,,6
3f57ebb3-158b-3664-95fc-9442824b8e90,WESTBOURNE MEDICAL CENTRE,WESTBOURNE MEDICAL CENTRE,BOURNEMOUTH,SW,BH4 9HJ,50.723542,-1.9034439,01202 752550,42
7fa98b9b-cc66-3e1a-b16b-93f41f1f539c,INTEGRATED COMMUNITY STROKE SERVICE,S BRISTOL COMM HOSPITAL,BODMIN,SW,BS14 0DE,51.413518,-2.584803,0300 1255951,184
fc298c1d-c9f5-3d3d-ae06-f40225989b42,QUAY LANE SURGERY,QUAY LANE SURGERY,REDRUTH,SW,PL12 5LH,50.395352,-4.3057128,01503 230088,37
900c56c2-16be-3ad8-87cd-a74e7d7acd4a,TORBAY AND SOUTHERN DHCT,PHARMACY DEPARTMENT,PLYMOUTH,SW,TQ2 7AA,50.482325,-3.5537901,01803 210500,54
36d8025a-ee49-35c7-a952-9503cb7297bd,EGGBUCKLAND COMMUNITY,WESTCOTT CLOSE,PLYMOUTH,SW,PL6 5YB,50.397912,-4.123584,,6
09e4adfe-34e1-3e49-806b-52e1ba967c4c,TORRINGTON HEALTH CENTRE,TORRINGTON HEALTH CENTRE,CHULMLEIGH,SW,EX38 8EL,50.951997,-4.140176,01805 622247,72
698260c0-bfc4-3ffd-a626-59915a40e32f,THE ADAM PRACTICE,306 BLANDFORD ROAD,POOLE,SW,BH15 4JQ,50.720875,-2.0105439,01202 679234,151
005a8b66-6130-319d-a3b3-84dc6b2375da,HIGHCLIFFE MEDICAL CENTRE,HIGHCLIFFE MEDICAL CENTRE,HIGHCLIFFE,SW,BH23 5ET,50.741232,-1.7018378,01425 272203,134
59b6e09c-502f-3172-a02f-0f54d1e9917c,IMPROVED ACCESS GLOUCESTER INNER CITY,PAVILION FAMILY DOCTORS,EXETER,SW,GL1 5JJ,51.853393,-2.2425901,01452 385555,47
282b55af-97c5-3e9b-abc0-ec67c3ad65cc,RAMSEY HEALTH CARE UK,NEWHALL HOSPITAL,SWINDON,SW,SP5 4EY,51.030723,-1.7638289,01722 435140,45
9c8bbdad-62b8-378d-b6d1-baeb9b0aa308,BMI HEALTHCARE RIDGEWAY HOSPITAL,MOORMEAD ROAD,BATH,SW,SN4 9DD,51.525334,-1.7861464,01793 814848,77
3e3133f3-f89b-366f-ac2f-e83f1f4fbbb7,CANNINGTON HEALTH CENTRE,CANNINGTON HEALTH CENTRE,YEOVIL,SW,TA5 2HB,51.149764,-3.0646487,01278 652335,334
3179f751-549a-3495-a8d5-72a10e2fba33,MOUNT PLEASANT HEALTH CENTRE,MOUNT PLEASANT ROAD,EXETER,SW,EX4 7BW,50.732834,-3.5159265,,3
a2af1c38-6037-31fb-9a0d-617071cd355d,UNIT 12 (COMMUNITY),BARTEC 4 BUSINESS PARK,YEOVIL,SW,BA20 2SU,50.935392,-2.6637148,,6
943c34df-19c6-3394-a69a-d310cab77c6a,ABBEY MANOR MEDICAL PRACTICE,ABBEY MANOR MEDICAL PRACT,IVYBRIDGE,SW,BA21 3TL,50.94992,-2.6644627,01935 404820,37
895464b8-3367-3d98-8f46-db7589eaf51f,HATHAWAY SURGERY,HATHAWAY SURGERY,CHIPPENHAM,SW,SN14 6GT,51.467324,-2.1397639,01249 462775,48
6ca700ef-1ee2-3dcb-b3ae-4c2bd72476dc,LAWRENCE HILL HEALTH CENTRE,LAWRENCE HILL HEALTH CTR.,BRISTOL,SW,BS2 0AN,51.457547,-2.5726855,0117 9543060,130
e98d9a15-82df-3aa3-9518-591be0e0a806,WESTBANK PRACTICE,THE SURGERY,EXETER,SW,EX6 8PZ,50.625663,-3.4478225,,3
5b665edb-491d-3d90-9409-e7e48b1035df,KINGSKERSWELL & IPPLEPEN MED PRACTICE,THE HEALTH CENTRE,PLYMOUTH,SW,TQ12 5DJ,50.500169,-3.5831414,01803 874455,74
0416ba5d-84d5-38a1-9f31-36edddb0b022,BECKINGTON FAMILY PRACTICE,BECKINGTON FAMILY PRAC,SOMERSET,SW,BA11 6SE,51.266491,-2.2815516,01373 830316,124
17ce6339-3498-38b0-a297-9212e880840f,PRIMARY CARE GYNAECOLOGY SERVICE,PRIMARY CARE GYNAECOLOGY,GLOUCESTER,SW,BS11 9JJ,51.49838,-2.6953877,0117 9824322,29
064c8f9e-30d9-3a96-9f70-a30df86ae26e,SUNNYSIDE SURGERY,SUNNYSIDE SURGERY,BRISTOL,SW,BS21 7TA,51.437908,-2.8585514,01275 873588,121
31b1df33-c5bb-3445-adda-31058c3e89d9,SUCCESS CENTRE - MOREDON,MOREDON MEDICAL CENTRE,WARMLEY,SW,SN2 2JG,51.582178,-1.8068499,01793 342000,66
234b6d9f-b620-31e5-a231-5fda5d71698b,THE LIMES SURGERY,CHURCH STILE,EXETER,SW,EX6 8DF,50.679142,-3.4937566,,1
24b8bf96-d090-3e29-8d17-d45676f8f3b9,WEIGHT MANAGEMENT,CUMBERLAND CENTRE,BODMIN,SW,PL1 4JZ,50.369816,-4.1688071,01752 434623,63
6998b339-45f9-3d9a-8b38-a3a720b19436,PES@SPECSAVERS FROME BSW CCG,19 WESTWAY CENTRE,MELKSHAM,SW,BA11 1BS,51.231931,-2.3216149,01373 451180,87
a1be060c-3c9c-3c69-a312-7cb8de89cfb4,DAY LEWIS PHARMACY,9 BROAD STREET,BRISTOL,SW,PL15 8AA,50.636593,-4.3603126,01566 772081,68
fd031237-5080-3949-9b0d-cb086bb77672,CLAYS PRACTICE,THE CLAYS PRACTICE,LISKEARD,SW,PL26 8JF,50.408534,-4.832585,01726 890370,54
28619c6c-74e7-318d-81b3-c75174ed1dcf,CASTLE PRACTICE,THE LUDGERSHALL HLTH CTRE,ANDOVER,SW,SP11 9RA,51.256046,-1.6175308,01264 790356,43
fe1597fb-905f-3d1a-bfdc-bf2bb9b31933,ST AUSTELL HEALTH GROUP,ST AUSTELL HEALTH GROUP,CORSTON  BATH,SW,PL25 3EF,50.34439,-4.7596194,01726 75555,212
959cb422-11dd-3fbb-a9a9-80d0854866c4,CAMHS EXETER & EAST,EVERGREEN HOUSE,TIVERTON,SW,EX2 4NU,50.718517,-3.5144728,01392 208600,61
8ae7f0b7-8aab-3296-8f99-a37f527a2e82,GREAT WESTERN SURGERY,THE GREAT WESTERN SURGERY,SWINDON,SW,SN1 2QU,51.569609,-1.7679471,01793 421311,124
22eb5d84-bea5-36ca-9e53-f0baa70c1a24,ST NEOTS SURGERY,ST NEOTS SURGERY,TORQUAY,SW,PL2 3HY,50.387979,-4.1608995,01752 561305,108
dce2702c-92b5-3086-9f28-79d97ce89ae9,TAVISTOCK MATERNITY HOSPITAL,SPRING HILL,TAVISTOCK,SW,PL19 8LD,50.547178,-4.1535757,,3
579e83fa-dc24-3025-a89c-3d9789b770f2,THE DORCHESTER RD SURGERY,THE DORCHESTER RD SURGERY,WEYMOUTH,SW,DT4 7LE,50.625193,-2.4575122,01305 766472,151
dedd0e94-3723-375f-80fd-ea13bbfc89ee,NEWBRIDGE SURGERY,NEWBRIDGE SURGERY,BATH,SW,BA1 3PT,51.387628,-2.3940001,01225 425807,129
e4835f30-4acf-3897-88a3-3f1d62f8f2bf,MERE SURGERY,MERE SURGERY,WARMINSTER,SW,BA12 6DT,51.089873,-2.2653561,01747 860001,28
2e69599c-ad41-3841-809b-1a4ba0d364c0,NEWQUAY HEALTH CENTRE,THE HEALTH CENTRE,FREMINGTON  BARNSTAPLE,SW,TR7 1RU,50.412238,-5.0774822,01637 850002,72
bb5cad5a-bdd5-341b-851e-0486ff5d27aa,WHITELADIES MEDICAL GROUP,WHITELADIES HEALTH CENTRE,BRISTOL,SW,BS8 2PU,51.465097,-2.6123816,0117 9731201,103
d9d15e89-1b80-33a3-a9ae-37a679217943,SUE RYDER,LECKHAMPTON COURT HOSPICE,GLOUCESTER,SW,GL53 0QJ,51.872654,-2.0873061,01242 230199,144
c8f7c27f-b501-3cf4-9ba1-d4ccc48c62db,ST ALBANS MEDICAL CENTRE,ST.ALBANS MEDICAL CENTRE,CHARMINSTER,SW,BH8 9EW,50.741727,-1.8607624,01202 517333,64
aae8b832-0d7f-3d28-9d19-81958ae887de,LOSTWITHIEL SURGERY,LOSTWITHIEL SURGERY,PENZANCE,SW,PL22 0EF,50.407841,-4.6687336,01208 872589,68
5120d156-cb09-388a-826d-632c36d325cd,THE ALNEY PRACTICE,HIGHNAM SURGERY,LYDNEY,SW,GL2 8DH,51.884218,-2.2991565,01452 529699,138
7cc64797-7516-3af3-95c7-33bf3ddc77c2,CHIDDENBROOK SURGERY,CHIDDENBROOK SURGERY,PLYMOUTH,SW,EX17 3JJ,50.791276,-3.6746968,01363 772227,68
27f1c825-35df-3267-aba1-ee40b51bce26,CAMHS SOUTH & WEST,LESCAZE OFFICE,EXETER,SW,TQ9 6JD,50.446151,-3.7103268,01803 763500,49
e64faf50-8dad-3277-b62d-83131a1bef4f,JAMES FISHER MEDICAL CENTRE,4 TOLPUDDLE GARDENS,BOURNEMOUTH,SW,BH9 3LQ,50.760837,-1.861202,,6
be2bc3dc-5fa4-30f3-84da-da70e5954ed4,BRENT AREA MEDICAL CENTRE,BRENT AREA MEDICAL CENTRE,SOMERTON,SW,TA9 4JD,51.263383,-2.937219,01278 760313,44
98ef1dea-8665-3151-9d74-c6af4aa0549a,CUMBERLAND CENTRE,DAMEREL CLOSE,PLYMOUTH,SW,PL1 4JZ,50.369816,-4.1688071,,4
73d01f29-c3f3-3d27-a5be-3a768c943132,TORRINGTON HOSPITAL,CALF STREET,TORRINGTON,SW,EX38 7BJ,50.954834,-4.1369744,,3
7e44e9aa-4c98-38cd-8108-abad87d4a8f1,SALTASH HEALTH CENTRE,SALTASH HEALTH CENTRE,TRURO,SW,PL12 6DL,50.40973,-4.2208911,01752 842281,121
9bf9cd98-b0e3-359b-a4b4-fc0cd48b14e5,HEART OF BATH,45 UPPER OLDFIELD PARK,BATH,SW,BA2 3HT,51.376364,-2.3739326,01225 613100,155
4fad417e-a99e-322e-a32e-6c9a5912fada,DEVONPORT HEALTH CENTRE,DAMEREL CLOSE,SAMPFORD PEVERELL,SW,PL1 4JZ,50.369816,-4.1688071,01752 315388,33
41ff1dff-20b8-309d-9ff5-46e965478d51,PRIMARY CARE STOP SMOKING,PUBLIC HEALTH BUS TEAM,BRISTOL,SW,BS1 6XL,51.447759,-2.6180206,0117 9222920,81
1bea17ba-0c5d-3e5c-a469-c19e439f7d32,ROWLANDS PHARMACY,136 PUREWELL,DORSET,SW,BH23 1EU,50.736063,-1.7615145,01202 484840,115
4e10ae62-573f-3440-bc60-2e6ef55a322f,END OF LIFE COMMUNITY SERVICE,SHIREHAMPTON HC-1ST FLR,GLOUCESTER,SW,BS11 9SB,51.489137,-2.676768,0117 9162226,72
1fe2f6ed-2875-3e53-9b26-fe506fd577e6,LDS MID DEVON (NMP),BECKS SQUARE,TIVERTON,SW,EX16 6LB,50.901778,-3.487361,,3
c7634c2a-606e-3673-9ff8-03e6c0603013,SAMPFORD PEVERELL SURGERY,SAMPFORD PEVERELL SURGERY,PAIGNTON,SW,EX16 7BJ,50.919707,-3.3784833,01884 820304,96
d3cedccd-972a-39dd-9b35-90e41a6fd313,GRANGE ROAD SURGERY,GRANGE ROAD SURGERY,BRISTOL,SW,BS13 8LD,51.412944,-2.6194489,0117 9644343,236
16e3dd32-7014-3bdd-b9cc-b6ade047f7f8,BEDMINSTER FAMILY PRACTICE,BEDMINSTER FAMILY PRACT,BRISTOL,SW,BS3 4AT,51.444222,-2.5942314,0117 9663149,82
780038e7-cafd-375f-9901-10c6289d75e6,MIDDLEWAY SURGERY,MIDDLEWAY SURGERY,ST AUSTELL,SW,PL24 2JL,50.356446,-4.7132876,01726 812019,57
2623bc18-50df-3523-8c1a-52f142a952b2,HAWTHORN MEDICAL CENTRE,HAWTHORN MEDICAL CENTRE,SWINDON,SW,SN2 1UU,51.576581,-1.7791096,01793 536541,28
013ad630-222c-376f-9daa-5d1824783f29,YORKLEY HEALTH CENTRE(WG),YORKLEY HEALTH CENTRE,TETBURY,SW,GL15 4RS,51.760447,-2.5249882,01594 562437,90
359ac358-bc50-3153-a2be-78838075224f,THE BIRCHWOOD PRACTICE,THE BIRCHWOOD PRACTICE,POOLE,SW,BH17 7XW,50.740218,-1.9984599,01202 697639,130
aefefe3f-c4d3-3d31-bf28-4ff9b807bf8c,OLD FARM SURGERY,THE OLD FARM SURGERY,KINGSBRIDGE,SW,TQ3 3TB,50.438688,-3.5850884,01803 556403,223
8a5b442a-4a15-3859-8b27-ba1825e22bec,ST KILDA'S RESIDENTIAL HOME,15 DREW STREET,GLOUCESTER,SW,TQ5 9JU,50.388415,-3.5161539,01803 853158,33
c0adeda7-93c2-3663-ae6b-c2aeea79a962,FAIRFIELD PARK HEALTH CENTRE,FAIRFIELD PARK HEALTH CTR,BRISTOL,SW,BA1 6EA,51.39498,-2.3525965,01225 331616,122
e03c4db9-31b2-32bd-9c80-d5540c602d72,CANFORD HEATH CLINIC,NEIGHBOURHOOD CENTRE,POOLE,SW,BH17 9DW,50.751527,-1.9666079,,1
c9e5718f-029c-3e6c-8b83-92c852c03573,PORLOCK MEDICAL CENTRE,PORLOCK MEDICAL CENTRE,BRIDGWATER,SW,TA24 8PJ,51.209934,-3.5964838,01643 862575,33
3fa220a6-490c-3b73-b370-42f5aaadd250,CHRISTCHURCH BUSINESS CENTRE,GRANGE ROAD,CHRISTCHURCH,SW,BH23 4JD,50.7397,-1.7378152,,3
7c3e4d93-c47f-3168-9f24-f3131aad00d4,HILLVIEW FAMILY PRACTICE,HARTCLIFFE HEALTH CENTRE,BRISTOL,SW,BS13 0JP,51.407626,-2.6013335,0117 3015240,91
ddd11cac-86b5-3e35-9733-9f98c306941c,PARK LANE PRACTICE,PARK LANE PRACTICE,SWINDON,SW,SN1 5HG,51.558872,-1.7959424,01793 523176,33
d3ccef2f-d148-3646-92be-3302cfcb7ab1,BAY HOUSE,UNIT 3,TORQUAY,SW,TQ2 7HT,50.489149,-3.5566361,,3
adf51fc2-b060-38e9-8edb-c0cbe2d0bc70,MINOR INJURIES UNIT,CUMBERLAND CENTRE,PLYMOUTH,SW,PL1 4JZ,50.369816,-4.1688071,01752 434390,93
4c4aebf5-7b4c-334a-9e48-3516a1f58c44,TAUNTON DIALYSIS CENTRE,CREECH CASTLE,TAUNTON,SW,TA1 2DX,51.024868,-3.072564,,9
0d25bbcf-90cd-373a-8dca-6dd0bef04c45,ST MARTINS SURGERY,ST.MARTINS SURGERY,BRISTOL,SW,BS4 2QR,51.43134,-2.5644748,0117 9775641,127
3d8c7691-9b60-3adb-9dd5-605c9bd9646e,COMMUNTIY SERVICES (YEOVIL),RECKLEFORD CHILDREN'S CENTRE,YEOVIL,SW,BA21 4ET,50.944246,-2.6253667,,6
055019b7-288e-3645-afcc-30c711d8a385,COMBE DOWN SURGERY,COMBE DOWN HOUSE,WESTON SUPER MARE,SW,BA2 5EG,51.361012,-2.3455851,01225 832226,100
1dd1fac7-f43a-36fa-a07a-0845139facaf,L85060 (VINE SURGERY),VINE SURGERY,NORTH PETHERTON,SW,BA16 0ET,51.126187,-2.7378528,01458 841122,100
16b61a50-d6f1-3f2a-8068-e5a30ded44ce,HMP GUYS MARSH,HMP GUYS MARSH,SALISBURY,SW,SP7 0AH,50.984693,-2.2212905,01747 856400,72
8f92f626-8bc7-3175-a9c4-21290081b3b6,THE LINK CHILDRENS CENTRE,UNDERHILL ROAD,GLOUCESTER,SW,GL4 6BE,51.837612,-2.2159742,,3
b7b35b32-c3b7-3856-8e1a-b3ff8fafb4ca,CHARLWOOD,ABBEYMEAD AVENUE,GLOUCESTER,SW,GL4 5GR,51.847995,-2.201507,,3
ae34243d-a964-3e08-a9d6-d6c040dc29bf,MOREDON MEDICAL CENTRE,MOREDON MEDICAL CENTRE,SWINDON,SW,SN2 2JG,51.582178,-1.8068499,01793 342000,131
f9fda1ef-26c1-31ed-bccf-e58258a63ec0,PARKHILL MEDICAL PRACTICE,PARKHILL MEDICAL PRACTICE,BIDEFORD,SW,TQ1 2AR,50.460249,-3.5229443,01803 212489,212
55b9cef2-9863-3f4c-8f59-a291e9a3cd59,RECOVERY TEAM,WEAVERS CROFT,EXETER,SW,GL5 2HZ,51.742713,-2.2098579,01453 563103,32
c0ebf701-ed23-34fd-904f-b3a80358e5fe,NORTH & WEST BRISTOL LOCALITY,WITHYWOOD CENTRE,MONTPELIER,SW,BS13 8QA,51.40731,-2.6221188,0300 1256789,69
243f87f7-2926-36ab-beab-deb8300ea242,HALDON HOUSE SURGERY,HALDON HOUSE SURGERY,EXETER,SW,EX8 1DQ,50.619819,-3.4162036,01395 222777,67
33364ffd-4452-38df-8ca8-8cd1803191d8,BURTON & BRANSGORE MEDICAL CENTRE,123 SALISBURY ROAD,CHRISTCHURCH,SW,BH23 7JN,50.75285,-1.7648598,01202 474311,257
1c201fe2-bac4-3ccc-9357-8a8f0b9547b0,SEA MILLS SURGERY,SEA MILLS SURGERY,BRISTOL,SW,BS9 2HL,51.484587,-2.6499282,0117 9681182,93
c9c874bc-d840-3876-8f0b-5f9bff05e60a,ADDACTION TORRIDGE & WEST DEVON,C/O UNIT 6,TIVERTON,SW,EX31 1DR,51.079791,-4.0623765,01271 859044,40
59a57182-03bf-3880-8fa9-87b478c4516f,PHOENIX SURGERY,PHOENIX SURGERY,SWINDON,SW,SN5 8SX,51.553528,-1.8218125,01793 600440,113
e53a90f7-c4bc-3df5-8964-8190a1bc0333,HARTWOOD HEALTHCARE,HARTWOOD HEALTHCARE,BRISTOL,SW,BS13 0JP,51.407626,-2.6013335,0117 3015226,39
e97554f3-bad2-3c6b-9054-5a97ff87497c,CORFE CASTLE SURGERY,TOM'S MEAD,CORFE CASTLE,SW,BH20 5HH,50.635888,-2.0594219,01929 480441,31
9aa705e4-adf9-35aa-962e-6f947614f242,PENWITH PCN HUB,MARAZION SURGERY,TRURO,SW,TR17 0HW,50.126873,-5.4639276,07970 829855,37
29a4ffa8-8771-324d-b6a7-a77f64fb6969,MENDIP INTERGRATED HUB,WEST MENDIP PCN,BODMIN,SW,BA16 0ET,51.126187,-2.7378528,01458 841122,109
fd686990-8912-3fb9-9d71-2645b6f11ac9,TOWNSEND HOUSE MEDICAL CENTRE,TOWNSEND HOUSE,CLAREMONT GROVE,SW,EX12 2RY,50.708487,-3.0732858,01297 20616,202
5dd796c8-f782-350d-8422-30aba985f25a,TEWKESBURY COMMUNITY HOSPITAL,BARTON ROAD,TEWKESBURY,SW,GL20 5QN,51.992263,-2.1531045,,3
e9d072ec-07b0-3d07-8dce-2c3ec26ab1f4,LOVEMEAD GROUP PRACTICE,ROUNDSTONE SURGERY,TROWBRIDGE,SW,BA14 7EH,51.318645,-2.202706,01225 759850,345
9421a870-acab-3cf0-bbe7-cb83048cbc54,PETROC GROUP PRACTICE,THE MEDICAL CENTRE,EAST LOOE,SW,PL28 8ER,50.537922,-4.9444426,01637 880359,31
7c267c0e-3900-39c8-ade2-3b910fb9dac9,PRIMARY CARE LIAISON SERVICE,AWP  SANDALWOOD COURT,BATH,SW,SN3 4WF,51.588072,-1.747761,01793 835787,202
286a63bc-8b14-3977-a853-9b0db475ef0e,RALEIGH SURGERY,RALEIGH SURGERY,PLYMOUTH,SW,EX8 5NH,50.640412,-3.3939823,01395 222499,139
33fae30a-7c92-3c7b-85be-5efe964c2e8f,POUNDBURY DOCTORS SURGERY,POUNDBURY DOCTORS SURGERY,DORCHESTER,SW,DT1 2FD,50.713475,-2.457465,01305 251128,68
25d61fe5-2812-3b34-ae85-89174e2061ab,GL3 COMMUNITY HUB,CHELTENHAM ROAD EAST,GLOUCESTER,SW,GL3 1HX,51.886613,-2.1893008,,6
6d4046bb-690b-3b94-a4d2-29dbcf6ba47b,ADELAIDE STREET SURGERY,20 ADELAIDE STREET,PEVERELL,SW,PL1 3JF,50.370507,-4.1558302,01752 667623,32
101d63d0-29b1-3952-a03d-f6bd941281a2,TOGETHER DRUG & ALCOHOL SERVICE-EAST&MID,PO BOX 140,BATH,SW,EX14 0FJ,50.799361,-3.187285,0800 2335444,96
dd4414a5-8310-3403-8027-656f8ecdb8f6,ALMONDSBURY SURGERY,ALMONDSBURY SURGERY,BRISTOL,SW,BS32 4DS,51.553546,-2.5735158,01454 613161,278
b22dae51-8157-3113-8bdb-4ff03d6ae7d2,MYTHE MEDICAL PRACTICE,MYTHE MED PRAC  1ST FLOOR,FAIRFORD,SW,GL20 5GJ,51.99272,-2.1542275,01684 293278,55
8298238c-0359-30b6-bbcc-31aa22133879,NORTHAM SURGERY,NORTHAM SURGERY,NEWTON ABBOTT,SW,EX39 1AZ,51.038054,-4.2155203,01237 474994,137
7cbc5726-7b8c-35f4-8156-7c16ec534a07,THE VRON,25 ESTCOURT ROAD,GLOUCESTER,SW,GL1 3LU,51.87591,-2.2359859,,3
54d08d20-9336-3810-bd3d-8780ba3a4ef0,CUMBERLAND UTC,CUMBERLAND CENTRE,PLYMOUTH,SW,PL1 4JZ,50.369816,-4.1688071,,6
adf10ad3-3213-3622-8974-15dd26dad9fc,PHARMADERMA LTD OKEHAMPTON,31-32 FORE STREET,PLYMOUTH,SW,EX20 1HB,50.739062,-4.0024376,01837 52153,119
d5c981cb-8f8a-3d52-be03-5a9fa5d0232e,CHARLES CROSS POLICE STATION,HAMPTON STREET,PLYMOUTH,SW,PL4 8HG,50.372756,-4.1363271,,3
687f6535-49ef-30e9-a5e3-1ab4dc11e0fe,CIRENCESTER HEALTH GROUP,THE AVENUE SURGERY,CIRENCESTER,SW,GL7 1EH,51.713423,-1.9640862,01285 653122,55
11c06aec-49b0-347c-bd70-5d284474c076,FROME RENAL OUTPOST,FROME COMMUNITY HOSPITAL,FROME,SW,BA11 2FH,51.237156,-2.3112808,,9
d4bfcb7a-74cb-367e-8049-56522e88e303,HONEYLANDS CHILDRENS CENTRE,PINHOE ROAD,EXETER,SW,EX4 8AD,50.731606,-3.4939656,,3
0a34ea77-426c-3db4-a89c-668f39e2dcdc,HEALTHY LIVING CENTRE,HESTERS WAY COMMUNITY RESOURCE CTR,CHELTENHAM,SW,GL51 7SU,51.902001,-2.1169697,,3
ac976f26-38b2-3475-8bf8-e04b200057f2,PRIMARY CARE DRUG MISUSE SERVICE,PATCHWAY CLINIC,WILTON,SW,BS34 5PD,51.531741,-2.5734867,0117 9805705,38
1c90f72a-27e2-3852-8631-df16f8fbbaf5,CHEDDAR MEDICAL CENTRE,CHEDDAR MEDICAL CTR.,HIGHBRIDGE,SW,BS27 3NZ,51.274673,-2.7755388,01934 742061,56
13bbad03-d8f5-356e-b98c-d68708d427a1,NORTH & SOUTH GLOUCESTER PCN HUB,CHURCHDOWN SURGERY,STROUD,SW,GL3 2JH,51.882388,-2.171675,07917 923717,138
51e1e872-a6a0-3141-87d4-73936ac2e2dd,NEWMEDICA BRISTOL,LITFIELD HOUSE,SWINDON,SW,BS8 3LS,51.457757,-2.6230925,0117 3350160,294
32e5b415-d120-3f94-a3c6-482641cf8b98,COMMUNITY URGENT EYECARE SERVICE CHELT 2,INDEPENDENT EYECARE,CHELTENHAM,SW,GL53 7NG,51.890138,-2.0781132,01242 222802,69
35a4f805-ad22-37c4-bef7-00481aea9dfd,COMMUNITY TEAM CAMBORNE,CAMBORNE HEALTH OFFICE,GLOUCESTER,SW,TR14 7DL,50.213388,-5.3036568,01208 834600,125
167c5086-c870-3686-9722-1c094e882ad0,PRESCRIBER 113,KINGSWOOD HUB,BRISTOL,SW,BS15 4DA,51.4626,-2.4999413,,16
817b8116-2e7b-3ca3-933d-89151127a9c0,ST ANN STREET SURGERY,82 ST.ANN STREET,SALISBURY,SW,SP1 2PT,51.066336,-1.7891362,01722 342000,82
ba8fbb5c-94c4-3949-82f8-d09fd2682d27,SOUTH HAMS HOSPITAL,PLYMOUTH ROAD,GLOUCESTER,SW,TQ7 1AT,50.288709,-3.7788257,01548 852349,60
570a3d22-1f43-3787-bfa5-f064baf276e6,THE BARN SURGERY,CHRISTCHURCH MEDICAL CTR,CHRISTCHURCH,SW,BH23 3AF,50.736437,-1.7594579,01202 486456,71
9afaa18f-9a47-3716-b77a-261d32b1c401,FOXHAYES PRACTICE,THE FOXHAYES PRACTICE,MARLBOROUGH STREET,SW,EX4 2BH,50.726118,-3.5492607,01392 208789,521
e3ec2425-9343-39df-8af1-80c832b3b2ad,MORRAB SURGERY,MORRAB SURGERY,PENZANCE,SW,TR18 4EL,50.116924,-5.5389873,01736 363866,98
393d7af9-1712-3d57-9061-04f4efacea4c,PACT,CIVIC CENTRE ANNEXE,DEVIZES,SW,BH15 2RU,50.722731,-1.9626899,01202 633875,58
5087cb93-48a1-329e-989b-a337b26f6bbc,BEVERSBROOK MEDICAL CENTRE,BEVERSBROOK MEDICAL CTR,CALNE,SW,SN11 9UT,51.446304,-2.0134195,01249 821831,80
f8bc017f-a924-3b9a-b059-bc710d8aff84,NEWMEDICA PLYMOUTH,FORDER HOUSE,EXETER,SW,PL6 5WR,50.411651,-4.1194127,01752 421622,69
6d86403a-030c-3b4b-8df3-0fc9bf43cca7,EVERGREEN OAK SURGERY,EVERGREEN OAK SURGERY,PARKSTONE  POOLE,SW,BH14 0HU,50.723656,-1.9584675,01202 747496,31
c184faeb-565a-39ab-9678-86421621a377,MENEAGE STREET SURGERY,MENEAGE STREET SURGERY,BOSCASTLE,SW,TR13 8RF,50.098413,-5.2713854,01326 558714,44
bb34419f-b628-38ed-b965-62cb11a4d214,GRAFTON ROAD DAY CENTRE,20 GRAFTON ROAD,GLOUCESTER,SW,GL2 0QW,51.870346,-2.2215632,,3
2370db8c-868b-3f2d-adfa-a421b9d336c0,BRIDFORD WARD,GLENBOURNE UNIT,PLYMOUTH,SW,PL6 5AF,50.415536,-4.1179533,01752 435994,60
9e893d50-2bbf-3ad5-9e68-19e526437151,CAEN MEDICAL CENTRE,CAEN MEDICAL CENTRE,ILFRACOMBE,SW,EX33 1LR,51.107408,-4.1629067,01271 818030,31
11639cff-51fb-3b68-99cb-eb74701d17fc,BURTON MEDICAL CENTRE,123 SALISBURY ROAD,CHRISTCHURCH,SW,BH23 7JN,50.75285,-1.7648598,,6
d6368469-e872-309a-beb7-4a402b75fd95,DIABETES CENTRE,ROYAL UNITED HOSPITAL,SWINDON,SW,BA1 3NG,51.392764,-2.3905661,01225 824173,38
5b595ac5-ff1b-34a9-9949-f01683af9452,NARROWCLIFF SURGERY,NARROWCLIFF SURGERY,TRURO,SW,TR7 2QF,50.417623,-5.07082,01637 854433,92
bf02b3c0-65ba-36f2-91d6-19865b826fa1,OAKSIDE SURGERY,HONICKNOWLE GREEN MED CTR,PAIGNTON,SW,PL5 3PY,50.411267,-4.1593271,01752 766000,140
0d816039-ec19-39d0-b65a-25491ef1d5b6,WESTBURY ON TRYM PRIMARY CARE CENTRE,WESTBURY ON TRYM PCC,BRISTOL,SW,BS9 3AA,51.493033,-2.6177543,0117 9623406,248
cb205984-0b32-3835-aa3b-6ed74c76bbc7,DAY LEWIS PHARMACY,206 SALTASH ROAD,EXETER,SW,PL2 2BD,50.389341,-4.1799684,01752 562597,95
2f7fea84-0763-3a14-823a-09a407213e34,RIDGEWAY VIEW FAMILY PRACTICE,WROUGHTON HEALTH CENTRE,SWINDON,SW,SN4 9LW,51.524184,-1.7915714,01793 812221,111
bf30acaa-2e6d-3b41-8caa-00f910e44088,ENT CLINIC  CUMBERLAND,CUMBERLAND CENTRE,PLYMOUTH,SW,PL1 4JZ,50.369816,-4.1688071,,10
8c7f70f1-4108-3c0a-afc2-360d6c11fd07,HEYWOOD FAMILY PRACTICE,HEYWOOD FAMILY PRACTICE,BRISTOL,SW,BS20 0DL,51.480622,-2.6891414,01275 372105,31
5e2e7bbe-7411-3c48-8f91-035d78bacdae,SHELLEY MANOR HOLDENHURST MEDICAL CENTRE,SHELLEY MANOR MED CTR,BOURNEMOUTH,SW,BH5 1LX,50.723834,-1.8344508,01202 309421,149
1f7dc49a-b42b-38e3-836b-3a1a48276f06,SKYLARK REHABILITATION UNIT,THE MEADOWS,WESTON SUPER MARE,SW,BS37 5DW,51.54466,-2.4240089,0300 1245490,88
3fb7ca38-e9d8-31d9-8495-dba86956c77b,AVENUE SURGERY,THE AVENUE SURGERY,WARMINSTER,SW,BA12 9AA,51.206368,-2.1785218,01985 224600,96
dce51527-766d-305e-b2e3-b8603800747e,PORT VIEW SURGERY,PORT VIEW SURGERY,TRURO,SW,PL12 4BU,50.407375,-4.2146868,01752 840115,61
6da1459e-658d-3cbc-a737-95ffe3ddeaa2,SOUTHBROOM SURGERY,THE SOUTHBROOM SURGERY,DEVIZES,SW,SN10 1LQ,51.352324,-1.9890804,01380 719959,91
cd0da644-acff-3160-bfbd-c6e55ec6a241,GP UCS (GLOUCESTERSHIRE) OOH,THE TRI-SERVICE CENTRE,ST MARYS,SW,GL2 2BA,51.813788,-2.2749722,01452 726468,145
b0b450e9-547e-314d-9644-780638fa2134,ELDENE SURGERY,ELDENE SURGERY,SWINDON,SW,SN3 3TQ,51.556121,-1.7374658,01793 522710,32
59b64739-901d-32f5-9d08-aa3d17982b48,UNIVERSITY MEDICAL CENTRE,UNIVERSITY MEDICAL CENTRE,STOKE BISHOP,SW,BA2 7AY,51.380441,-2.3306731,01225 789100,49
59b9f3bd-2b3c-30ad-a2e4-d6b9cf3c9f5d,YETMINSTER MEDICAL CENTRE,THE SURGERY,SHERBORNE,SW,DT9 6LG,50.893982,-2.5775301,01935 872530,135
5df5c2d2-9ed3-3108-84be-37d031a128d7,BOURNE VALLEY PRACTICE,THE BOURNE VALLEY PRACT.,TIDWORTH,SW,SP9 7NN,51.234828,-1.6623665,01980 600600,151
06bea41e-eade-3f23-a840-76cddb04b72d,LONG ASHTON SURGERY,LONG ASHTON SURGERY,BEDMINSTER,SW,BS41 9DY,51.429177,-2.6679846,01275 392134,153
5a8c6b1e-3af1-370a-a2ab-99d2597d9c50,WORKING AGE ADULTS - PARK HOUSE,PARK HOUSE DAY HOSPITAL,STROUD,SW,GL5 2JG,51.739518,-2.2067294,01453 563150,31
1c1d9a96-cb1e-38b7-be41-1db678530cf5,OKEHAMPTON MEDICAL CENTRE,EAST STREET,OKEHAMPTON,SW,EX20 1AY,50.738804,-3.9975936,,3
3a015b0e-0f7d-3f66-b010-d6360117c825,PORCH SURGERY,THE PORCH SURGERY,CORSHAM,SW,SN13 9DL,51.432435,-2.1920759,01249 712232,42
0b09714e-812c-3a62-81fd-f0e70f9142ec,HESTERS WAY CHILDRENS CENTRE,DILL AVENUE,CHELTENHAM,SW,GL51 0ES,51.911042,-2.1115272,,3
a2adcd7b-e1f7-32f8-83e6-79075058bd30,SPRINGMEAD SURGERY  CHARD,SPRINGMEAD SURGERY,WINCANTON,SW,TA20 2EW,50.86958,-2.967952,01460 64457,50
0c9bc345-41f5-3b23-b317-ba18c3d3c48c,SHIREHAMPTON GROUP PRACTICE,SHIREHAMPTON HEALTH CTR,BRISTOL,SW,BS11 9SB,51.489137,-2.676768,0117 9162226,185
12ff969d-73ec-353b-bec1-ce074ab86a3a,BANES COMMUNITY PAEDIATRICS,ST MARTIN'S HOSPITAL,SWINDON,SW,BA2 5RP,51.35816,-2.3725923,01225 394514,30
b15f2fe1-73d7-3139-ad79-087c410197d4,ST.JAMES'S SURGERY,ST.JAMES'S SURGERY,BRISTOL,SW,BA1 2SR,51.38946,-2.3668537,01225 422911,33
23b10801-f98d-3512-a9cf-e79200f7c0f3,SHERWELL VALLEY MEDICAL PRACTICE ROOM,11-15 SHERWELL VALLEY ROAD,TORQUAY,SW,TQ2 6EJ,50.469509,-3.5517916,,3
d74b7e58-10c9-3887-b6ae-09aeeb5dd242,CREWKERNE HEALTH CENTRE  CREWKERNE,CREWKERNE HEALTH CENTRE,DULVERTON,SW,TA18 8BX,50.880631,-2.7981736,01460 72435,31
70eb10c2-ed48-3ee6-acf9-13bc7de00ec5,COMMUNITY OPHTHALMOLOGY SERVICE,THE ADAM PRACTICE,DEVIZES,SW,BH16 5PW,50.73901,-2.028971,01202 622339,59
f7b5bcc5-585b-3d5f-bd2f-505e50f5489d,WITHYCOMBE LODGE SURGERY,WITHYCOMBE LODGE SURGERY,EXMOUTH,SW,TQ3 2SG,50.440301,-3.567637,01803 525525,60
eb43d508-0a3d-350a-9ced-cad34fb0a9e9,CHARLOTTE KEEL MEDICAL PRACTICE,CHARLOTTE KEEL HEALTH CTR,BRISTOL,SW,BS5 0UA,51.465599,-2.5717211,0117 9027145,96
dbcdd135-b8ef-385a-9c02-728547f21b2e,COMBE COASTAL PRACTICE,COMBE COASTAL PRACTICE,OTTERY ST.MARY,SW,EX34 8EG,51.203741,-4.1268329,01271 863119,30
3bbfc0a5-53d0-3eab-a411-732ecbf33456,LANGTON HOUSE REHAB UNIT,WHARF ROAD,BRISTOL,SW,SN4 9LF,51.527248,-1.8008693,01793 845312,452
f62bc0eb-a6c6-32f0-9f53-f8aae4d2ebe1,GLOUCESTER HEALTH ACCESS CENTRE,QUAYSIDE HOUSE,NEWQUAY,SW,GL1 2TZ,51.866195,-2.2515906,01452 336290,29
3f479d4f-f84b-3783-af1c-275358bddcd3,MAYFLOWER MEDICAL GROUP,STIRLING ROAD MEDICAL CTR,DAWLISH,SW,PL5 1PL,50.404913,-4.1889161,01752 982200,80
ce213a8b-e5bf-3c68-9d2f-0ce2d912c9fe,CORNWALL BCSC,ROYAL CORNWALL HOSPITAL,TRURO,SW,TR1 3LJ,50.266686,-5.0914501,01872 250000,53
f9741620-addd-3367-afae-e5fb1cee4978,HOSPISCARE,SEARLE HOUSE,CLEVEDON,SW,EX2 5JJ,50.715138,-3.5080603,01392 688000,61
cfee9c93-5130-382c-9af1-1c3e5a08dc7d,CAM & ULEY FAMILY PRACTICE,THE CAM SURGERY FAIRMEAD,CHELTENHAM,SW,GL11 5NE,51.699708,-2.3643958,01453 860459,38
ed0cf576-d055-3cdf-800f-01466592b54a,DENMARK ROAD MEDICAL CENTRE,DENMARK ROAD MEDICAL CTR,BOURNEMOUTH,SW,BH9 1PB,50.746924,-1.8761397,01202 521111,131
0511ea63-edc6-3a0b-85a9-cc4ed1db7406,BCH DERMATOLOGY SERVICE,WILLIAM BUDD HEALTH CTR,WESTON SUPER MARE,SW,BS4 1WH,51.428755,-2.5962602,0117 9449782,49
7c19474a-f83a-3cd6-877b-33ae247e233c,TWNS PCN,1ST FLOOR DEVEREUX CENTRE,,SW,GL20 5GJ,51.99272,-2.1542275,01684 293278,70
23f99217-096b-3018-bf57-fa5bbd32e597,HOLLACOMBE COMMUNITY RESOURCE CENTRE,386 TORQUAY ROAD,PAIGNTON,SW,TQ3 2DJ,50.449028,-3.5560372,,3
581647cc-24d1-3f9d-b911-d6c42129c813,WALFORD MILL MEDICAL CENTRE,WALFORD MILL MEDICAL CTRE,WIMBORNE,SW,BH21 1NL,50.805288,-1.9892053,01202 886999,111
207a5fff-1bd3-3070-83ba-266998b3e39c,THE LENNARD SURGERY,THE LENNARD SURGERY,BRISTOL,SW,BS13 7JD,51.425872,-2.6130939,0117 9642211,400
4ec7f5cd-9557-37ff-87e3-4c402e99de49,PHARMACY MANUFACTURING UNIT (PMU),UNIT 7  TORBAY BUSINESS PARK,PAIGNTON,SW,TQ4 7HP,50.412309,-3.5877967,,3
702b695b-e03a-35a2-bbbe-0aa54c7e0279,LIVI - WYVERN HEALTH P'SHIP SYSTMONE HUB,FLOOR 12  CAPITAL TOWER,CHELTENHAM,SW,SE1 8RT,51.503542,-0.11044757,020 38703029,31
2620731d-b689-3a05-94cb-07be42aa552b,THORNBURY CLDT,THORNBURY OFFICE PARK,BRISTOL,SW,BS35 2BS,51.604813,-2.523898,01454 862450,65
3bac5089-a28e-3b45-80de-07d490c635c1,TURNING POINT TROWBRIDGE,THE HALVE,CHIPPENHAM,SW,BA14 8SA,51.322995,-2.2038015,0845 6036993,165
164c079c-f175-347a-9df0-a7f0e6f67ae4,CHARD DAY SERVICES,BAPTIST CHURCH HALL,CHARD,SW,TA20 2AH,50.872047,-2.9654734,,3
e596a6f8-4451-3c60-af06-3c7649081ebe,EAST TREES HEALTH CENTRE,100A FISHPONDS ROAD,BRISTOL,SW,BS5 6SA,51.470243,-2.5633714,0117 2444123,85
8222d358-c196-3241-af1b-61b488b68bc3,NEETSIDE SURGERY,NEETSIDE SURGERY,GREAT WESTERN HPL,SW,EX23 8LA,50.829351,-4.5461231,01288 270580,94
75be71a5-11bd-3109-816d-8a15e2e470e4,GWH NHS FT,NORTH SWINDON DISTRICT CT,IVYBRIDGE,SW,SN25 4AN,51.596933,-1.8071339,01793 463333,83
37c0309b-7f82-353d-962a-97863cee7b0a,REDFERN HEALTH CENTRE,REDFERN HEALTH CENTRE,OKEHAMPTON,SW,TQ8 8DJ,50.238921,-3.7691041,01548 842284,46
f6f84b50-7bfb-3065-a750-8bed8dce393e,WEST MOORS VILLAGE SURGERY,WEST MOORS GROUP PRACTICE,FERNDOWN,SW,BH22 0HX,50.82619,-1.8896883,01202 865800,65
270e6fb3-4551-3755-bf8e-9f07ece4093d,BELLE VUE CENTRE,6 BELLE VUE ROAD,CINDERFORD,SW,GL14 2AA,51.822006,-2.4967879,,3
c782c5d4-ce5c-30c6-b21b-b4978d267329,GROSVENOR PLACE SURGERY,GROSVENOR PLACE SURGERY,BRISTOL,SW,BA1 6BA,51.394752,-2.3445315,01225 484748,106
a94d9084-50dc-3a1c-890d-ba7ba47f0550,FRITHWOOD SURGERY,FRITHWOOD SURGERY,CHELTENHAM,SW,GL6 8DE,51.729716,-2.1623353,01453 882868,36
c4665fa9-1c08-3f70-bf2f-ba01d6b318ff,BERKELEY PLACE SURGERY,WILSON HEALTH CENTRE,BLAKENEY,SW,GL52 3EY,51.910614,-2.055936,01242 513975,153
5c54e9a0-cff1-369f-a37c-3f5a8492bc6c,THE CRANBORNE PRACTICE,THE SURGERY,WIMBORNE,SW,BH21 5QE,50.919771,-1.9191863,01725 517272,99
2cd67634-a553-3425-a9b1-7a0ac2ad4f82,PINHOE SURGERY,THE PINHOE SURGERY,PLYMOUTH,SW,EX1 3SY,50.737537,-3.4696228,01392 469666,127
6b0dcce4-394c-3e08-b082-78f53264fac7,CRANBORNE SURGERY,PENNYS LANE,WIMBORNE,SW,BH21 5QE,50.919771,-1.9191863,,27
f2b5e080-af10-3486-b5b7-d7db69be31bb,CHELSTON HALL SURGERY,CHELSTON HALL SURGERY,PLYMOUTH,SW,TQ2 6HW,50.463302,-3.547136,01803 605359,56
f191433d-b1d1-3fe6-9114-8a46e7026ba9,SMALLBROOK SURGERY,SMALLBROOK SURGERY,WARMINSTER,SW,BA12 8QS,51.20684,-2.181043,01985 846700,128
6828ab3c-aaed-32bf-8a22-8a2170f157bd,HEMYOCK SURGERY,STATION ROAD,CULLOMPTON,SW,EX15 3SF,50.913147,-3.2291263,,1
834c18cd-a7a4-3465-979d-ad89e2cd8020,WELLESLEY HOSPITAL - BCSS INPATIENT UNIT,WESTPARK,WELLINGTON,SW,TA21 9FF,50.978967,-3.2056074,,70
27e70568-692e-382b-932b-d1be99b8ebc9,COMMUNITY TEAM HAYLE,HAYLE COMMUNITY CENTRE,PAR,SW,TR27 4PB,50.187071,-5.41284,01208 834600,155
94314a37-dc2e-3d0d-923e-f11a89dce0f2,IN-REACH DORCHESTER,NORTH SQUARE,DORCHESTER,SW,DT1 1JD,50.717194,-2.4374862,,3
65187f41-fb5e-3479-82d6-c541b2b2ac25,GENESISCARE,300 PARK AVENUE,BRISTOL,SW,BS32 4SY,51.542597,-2.5710853,,95
4b567399-f2f6-3502-b49b-2ddcf3242418,THE WILLOW SURGERY,THE WILLOW SURGERY,BRISTOL,SW,BS16 5FJ,51.485216,-2.4973948,0117 9709500,104
0adde88b-0492-3de0-b35f-e8ba7c70e8a5,OLDER AGE - COLLIERS COURT,COLLIERS COURT,CINDERFORD,SW,GL14 2QA,51.825309,-2.4916007,01594 893055,70
ee509c42-0a51-3f1e-9a56-1230b360688e,LONGLEVENS SURGERY,LONGLEVENS SURGERY,NAILSWORTH,SW,GL2 0AJ,51.875884,-2.2120178,01452 522695,98
cf2c7d5e-f005-349e-894f-f27001c16ef8,WESTON HOSPICECARE,JACKSON-BARSTOW HOUSE,CHELTENHAM,SW,BS23 4YQ,51.322751,-2.9839789,01934 423900,31
9e91adf3-243b-304d-acb8-c22d5d39c7b2,HIGH STREET MEDICAL CENTRE,HIGH STREET MEDICAL CTR.,COLEFORD,SW,GL10 2NG,51.746885,-2.2828506,01453 822047,34
50bdf0e5-ce91-322e-ba7f-438c4c8dc004,PROSPECT LYMPHOEDEMA AQP,MOORMEAD ROAD,BRADFORD ON AVON,SW,SN4 9BY,51.526421,-1.7852764,01793 813355,124
b1a54de4-0850-349a-8b18-07733bd81eca,COLEFORD MEDICAL PRACTICE,COLEFORD HEALTH CENTRE,MORETON-IN-MARSH,SW,GL16 8RH,51.79111,-2.6150924,01594 838108,82
4676fabc-1a6b-3bd4-a5d8-20b4ba272102,THE WELLBRIDGE PRACTICE,THE WELLBRIDGE PRACTICE,WOOL WAREHAM,SW,BH20 6DR,50.679048,-2.225354,01929 462376,54
83973e7f-3aa6-3676-91a4-e7d367e1cb6f,BANES NEUROLOGY OUTPATIENTS,ST MARTINS HOSPITAL,FALMOUTH,SW,BA2 5RP,51.35816,-2.3725923,01225 831400,61
07b0a1c5-a436-3cad-a4b7-0b01378f9d51,ROSEBANK HEALTH,KINGSWAY HEALTH CENTRE,121 SWINDON RD CHELTENHAM,SW,GL2 2FY,51.81948,-2.2669985,01452 543000,207
55b184f4-c23e-390f-9a80-055b3a510c6c,CMHT-A SHAFTESBURY,ABBEY VIEW MEDICAL CENTRE,SHAFTESBURY,SW,SP7 8DH,51.002839,-2.1912489,,3
6debe511-8b97-32ab-9c08-81e74e9eee93,GREEN CLOSE REHABILITATION UNIT,DRAKES AVENUE,SIDMOUTH,SW,EX10 9JU,50.702092,-3.2298579,,3
3693e133-3ecf-354d-9225-4cab5908a29c,LILLIPUT SURGERY,LINDISFARNE,POOLE,SW,BH14 8EE,50.711604,-1.9540308,01202 710013,525
0453bd7c-8b25-3e7c-b707-e76d9db998d2,EMGPHA,THE BROOMS,WESTON-SUPER-MARE,SW,BS16 7FH,51.503335,-2.4843086,0117 9061817,38
b001a090-c4d3-374d-b527-fa894dee3246,BATH & WEST SHOWGROUND - COVID VACCINATION CENTRE,THE BATH & WEST SHOWGROUND,SHEPTON MALLET,SW,BA4 6QN,51.156154,-2.5276922,,6
6ede24c7-4547-37cc-9700-df07165532b3,WEST HOE SURGERY,WEST HOE SURGERY,HAMPTON AVENUE  TORQUAY,SW,PL1 3BS,50.364623,-4.1491093,01752 660105,301
a0347641-7ac9-3ee4-8e7a-45db9e750225,THE RICE CENTRE,ROYAL UNITED HOSPITAL,CLEVEDON,SW,BA1 3NG,51.392764,-2.3905661,01225 476420,146
a101b5c9-ea44-331c-b2b5-f51abb9b9257,DUKE OF GLOUCESTER MEDICAL CENTRE,29 REGIMENT RLC,CIRENCESTER,SW,GL7 5RD,51.693507,-1.9244175,,6
af59bd41-4514-3576-8da2-6e9f6f05d624,BISHOPSTON MEDICAL PRACTICE,43 NEVIL ROAD,BRISTOL,SW,BS7 9EG,51.478991,-2.5874259,0117 9440700,215
1ea08836-b5e5-3db6-b532-c1edfc500908,STOKE GIFFORD MEDICAL CENTRE,STOKE GIFFORD MEDICAL CTR,WESTON-SUPER-MARE,SW,BS34 8UE,51.517772,-2.5464617,0117 9799430,227
02c3b6ce-9b38-32b9-ae95-470d865342d4,BROADMEAD MEDICAL CENTRE,BROADMEAD MEDICAL CENTRE,GLOUCESTER,SW,BS1 3EA,51.457392,-2.5894801,0117 9549828,32
92f0c3b4-1772-3515-a00f-282d16242a29,HMP BRISTOL,HMP BRISTOL,PLYMOUTH,SW,BS7 8PS,51.48062,-2.5906581,0117 3723100,78
b02900db-d729-3c88-87fa-4d1a0da72dae,COMMUNITY TEAM FOWEY AND PARR,PAR HEALTH CENTRE,FALMOUTH,SW,PL24 2AJ,50.355628,-4.7020914,01208 834600,31
a71d7239-41f9-3d48-b8b6-fce1bbf51c8e,OPMH FRANKLYN HOSPITAL,FRANKLYN HOSPITAL,EXETER,SW,EX2 9HS,50.712419,-3.549418,,3
cff4a945-03c5-37d4-9f7d-39fffa589046,THE BEACON CC,VALLEY GARDENS KINGSWAY,GLOUCESTER,SW,GL2 2AR,51.823997,-2.2693468,,3
c570005e-ed45-32eb-bb95-1d98868f1c16,PEMBROKE ROAD SURGERY,PEMBROKE ROAD SURGERY,BRISTOL,SW,BS8 3EU,51.464336,-2.6185182,0117 9733790,38
5c191944-80c0-3c9f-ac94-e7d6e28b2ef5,COMMUNITY SERVICES (NETHER STOWEY),QUANTOCK MEDICAL CENTRE,BRIDGWATER,SW,TA5 1NW,51.149211,-3.1542082,,6
6453c076-1f0d-373e-8311-952b816a85b1,RIDGE GREEN MEDICAL PRACTICE,RIDGE GREEN MEDICAL CTR.,SWINDON,SW,SN5 5PX,51.567611,-1.8362427,01793 874894,69
37d3f3f2-cc78-31d9-a4a0-dbc83db77b06,LYDNEY PRACTICE,LYDNEY PRACTICE,CIRENCESTER,SW,GL15 5NQ,51.727904,-2.5298667,01594 842167,36
eeb2aef2-3cf1-381e-beed-d532ad35f50d,AVON CMHS,TOP FLOOR  AVON HOUSE,PLYMOUTH,SW,PL4 7QD,50.378513,-4.1151078,01752 435173,58
5bd34314-d68a-3051-a708-4c5dc3ca43fc,SUNNYSIDE SURGERY,ST CLARE MEDICAL CENTRE,CAMBORNE,SW,TR18 3DX,50.124352,-5.5473442,01736 363340,116
6a8d70eb-a1fa-3def-98f8-917bc097948d,ALVERTON PRACTICE,ST CLARE MEDICAL CENTRE,HELSTON,SW,TR18 3DX,50.124352,-5.5473442,01736 363741,48
e26953ef-d24a-3f84-b9d3-f5b2943aedf4,THREE CHEQUERS MEDICAL PRACTICE,72 ENDLESS STREET,SALISBURY,SW,SP1 3UH,51.071929,-1.7946344,01722 336441,69
3fc512ce-b846-3813-bfb4-2c2274de930a,ATKINSON SCH,ATKINSON CLOSE,,SW,EX4 8NA,50.736072,-3.4970696,01392 457999,136
015fa18b-f5ec-3625-97cd-4d47800803bd,QUANTOCK MEDICAL CENTRE,QUANTOCK M/C BANNESON RD,SOMERSET,SW,TA5 1NW,51.149211,-3.1542082,01278 732696,192
d3a6ff7b-5d3a-36b0-a104-ba7efe467b07,STOMA PRESCRIBING SERVICE (NBT),STOMADEPTGATE26LEVEL3,GLOUCESTER,SW,BS10 5NB,51.497333,-2.5929485,0117 4140250,47
4b4b7228-7bdd-3d4f-b634-965d92782b3c,WIMBORNE COMMUNITY CARDIOLOGY,WIMBORNE HOSPITAL,WIMBORNE,SW,BH21 1ER,50.802195,-1.9959181,,1
95f4cc37-ad85-3ceb-9994-1b4af42168bb,JAMES FISHER MEDICAL CENTRE,JAMES FISHER MEDICAL CTR,BOURNEMOUTH,SW,BH9 3LQ,50.760837,-1.861202,01202 522622,179
f408f366-a435-3573-945c-e8df1ef086bd,GPWSI DERMATOLOGY CLINIC,ELDENE HEALTH CENTRE,EXETER,SW,SN3 3RZ,51.554453,-1.7352686,01793 709500,28
9881d913-7d62-3e23-af44-14f8972fb66b,BIDEFORD MEDICAL CENTRE,BIDEFORD MEDICAL CENTRE,NEWTON ABBOT,SW,EX39 3AF,51.017119,-4.2116132,01237 476363,173
8e42558f-7e19-3c75-aa0f-fd3114076b4f,PINHOE SURGERY,PINN LANE,EXETER,SW,EX1 3SY,50.737537,-3.4696228,,3
31f84c7a-738e-3d55-baf1-2342159a7986,CRICKLADE SURGERY,CRICKLADE SURGERY,CRICKLADE,SW,SN6 6AE,51.640692,-1.8563556,01793 750645,33
c187a92d-09e5-3f7a-9e68-fb5d21bd25f9,BIRCHWOOD MEDICAL CENTRE,NORTHMEAD DRIVE,POOLE,SW,BH17 7XW,50.740218,-1.9984599,,3
068740cf-745b-3dc8-b8ec-b534c6515ecc,LATER LIFE TEAM,AVON HOUSE,,SW,GL20 8SJ,51.998681,-2.132181,01684 861150,149
e4fb2da3-8d6d-3b0d-9057-3807d603f4c5,THE PRINCE OF WALES SURGERY,PRINCE OF WALES RD SURG.,ST JOHN WAY  DORCHESTER,SW,DT1 2FD,50.713475,-2.457465,01305 250989,67
e889150a-f059-3534-8bdf-3ed98ef64014,EXWICK HEALTH CENTRE,NEW VALLEY ROAD,EXETER,SW,EX4 2AD,50.728942,-3.5478803,,12
8fb74703-312e-3c0d-8128-49d48d3d2e48,BOSVENA HEALTH,STILLMOOR HOUSE MED PRACT,BODMIN,SW,PL31 2JJ,50.471946,-4.7200672,01208 72488,96
ab3716d0-8d88-3a25-92c8-296bcacc5bb0,EXTENDED ACCESS AVENUE,AVENUE SURGERY,GLOUCESTER,SW,GL7 1EH,51.713423,-1.9640862,01285 883013,97
39f43148-d38d-3f44-ae51-cb747bed6471,THE FROME ENTERPRISE RESOURCE CENTRE,MANOR ROAD,FROME,SW,BA11 4BS,51.222888,-2.3271364,,3
d9291ee5-ec4b-3776-850a-b588f7b55b29,ATKINSON CHILDREN'S HOME,ATKINSON CLOSE,DARTINGTON,SW,EX4 8NA,50.736072,-3.4970696,01392 208600,73
8b0b15ce-90bf-364d-90ff-147c1813f9a9,THE TRI-SERVICE CENTRE,WATERWELLS DRIVE,GLOUCESTER,SW,GL2 2AA,51.813115,-2.2705873,,3
bfe344bc-9b92-3e9b-91c0-97a6ee38aade,BAYWIDE,HEALTH & WELLBEING CENTRE,PAIGNTON,SW,TQ3 2DW,50.449084,-3.5545178,,3
8437ac4a-d884-30fb-803e-161833f632ee,THE BANKS & BEARWOOD MEDICAL CENTRE,THE BANKS MEDICAL CENTRE,BOURNEMOUTH,SW,BH3 7AT,50.739024,-1.8801002,01202 593444,97
8f254d51-42e8-385c-805b-2cd91882fb05,BCH - DIABETES AND NUTRITION SERVICES,JOHN MILTON CLINIC,BATH,SW,BS10 7DP,51.509194,-2.6188086,0117 9598970,29
936b882b-928c-3b03-9cc6-98a1998e0acc,PATFORD HOUSE PARTNERSHIP,PATFORD HOUSE SURGERY,CALNE,SW,SN11 0EF,51.437547,-2.0054036,01249 815407,31
3c169cf5-2d4f-3319-9e9c-f7803eb5fe08,CROWN MEDICAL CENTRE,CROWN MEDICAL CENTRE,SOMERSET,SW,TA2 8QY,51.029059,-3.0812597,01823 282151,137
2a20f311-3588-3231-bbcb-80c34404950e,OLDER AGE - AVON HOUSE,CHARLTON LANE HOSPITAL,TEWKESBURY,SW,GL53 9DZ,51.881051,-2.073681,01242 634100,29
37b7fa41-2056-3a03-b6e9-5e1bff8b505e,SOUTHBOURNE PRACTICE,SOUTHBOURNE SURGERY,SOUTHBOURNE  BOURNEMOUTH,SW,BH6 5BF,50.728156,-1.8142601,01202 427878,49
8362b698-cb5e-321e-b2e4-7759b3543116,NORTHVILLE FAMILY PRACTICE,NORTHVILLE FAMILY PRACT.,BRISTOL,SW,BS7 0LS,51.500809,-2.5701448,0117 9692164,346
4b222824-0e0a-319d-a199-83f38e54888a,GAYWOOD HOUSE SURGERY,GAYWOOD HOUSE SURGERY,WESTON-SUPER-MARE,SW,BS3 3AZ,51.439873,-2.6059726,0117 9661412,208
a51e95ae-3ef6-322b-a07b-f6fd8463017f,COMPASS HOUSE MEDICAL CENTRES,COMPASS HOUSE MEDICAL CTR,SEATON,SW,TQ5 9TF,50.395859,-3.5121845,01803 855897,167
4cf4908f-edad-3cc3-8cdf-4d744df09419,PAIGNTON LIBRARY ROOMS AND OFFICES,GREAT WESTERN ROAD,PAIGNTON,SW,TQ4 5AG,50.433757,-3.5653369,,3
cecb47cb-4c16-3021-8e89-a911eb67cf59,WIMBOURNE AMBULANCE STATION,HANHAM ROAD,WIMBORNE,SW,BH21 1AS,50.801115,-1.9847789,,3
046f543d-8e37-3f6e-b57a-e9f888d1adc3,PARKINSON'S DISEASE SERVICE,NEW FRIENDS HALL,CLEVEDON,SW,BS16 1EQ,51.479731,-2.5667715,0117 9617182,35
8afd0b00-4f29-3f4e-b4a8-e3d1deed3996,MOORDOWN MEDICAL CENTRE,MOORDOWN MEDICAL CENTRE,BOURNEMOUTH,SW,BH9 2XF,50.756212,-1.8744708,01202 974700,114
6a482f00-f948-3bcd-9dc0-ac1e93eaf47c,DURDELLS AVENUE SURGERY,1 DURDELLS AVENUE,BOURNEMOUTH,SW,BH11 9EH,50.767459,-1.9111245,01202 573947,84
eccbf478-4ccd-346c-8ebb-4ddddcf39df7,NHS YEOVIL HEALTH CENTRE,NHS YEOVIL HEALTH CENTRE,CLEVEDON,SW,BA20 1LS,50.941507,-2.6296568,01935 709269,63
921c6f15-4c88-3e17-b618-3d848fc0a214,DORSET INT URGENT CARE,SENTINEL HOUSE,PAIGNTON,SW,BH17 0RB,50.7401,-1.9779675,01202 277000,88
89620c77-a97f-394c-8eaf-24fe0b967d1a,THE LAWN MEDICAL CENTRE,THE LAWN MEDICAL CENTRE,SWINDON,SW,SN3 1JL,51.547729,-1.7614101,01793 536515,184
66be5704-9309-3c3d-b50f-269a4075525f,ENT GPWSI CUMBERLAND CENTRE,CUMBERLAND CENTRE,TAVISTOCK,SW,PL1 4JZ,50.369816,-4.1688071,01752 434624,59
e22b64e8-632d-3e8a-a481-18595e4a8034,BRISDOC HEALTHCARE SERVICES (EMIS) OOH,UNIT 21 OSPREY COURT,DELABOLE,SW,BS14 0BB,51.41158,-2.5929309,0117 2449283,29
8e6edda7-24eb-324d-bcf2-49d6a89c3540,WELLS HEALTH CENTRE,PRIORY HEALTH PARK,TAUNTON,SW,BA5 1XJ,51.203994,-2.6552165,01749 672137,85
37f78bf6-3752-3ecc-83a6-7ecd01b8fca6,KENNET AND AVON MEDICAL PARTNERSHIP,GEORGE LANE,MARLBOROUGH,SW,SN8 4BY,51.417993,-1.7291686,01672 512187,72
f9f15dec-e98e-3381-9dbc-c48dc6ec930a,KNOWLE HOUSE SURGERY,KNOWLE HOUSE SURGERY,SALCOMBE,SW,PL5 3JB,50.40863,-4.1340983,01752 705090,31
ea5aeb88-8a67-3d05-a88f-c56fc0f8df8c,SHELLEY MANOR MEDICAL CENTRE,BEECHWOOD AVENUE,BOURNEMOUTH,SW,BH5 1LX,50.723834,-1.8344508,,6
acd2fd11-a3bf-3b4f-aa30-c6f834c0ef1f,QUEDGELEY MEDICAL CENTRE,QUEDGELEY MEDICAL CENTRE,CHELTENHAM,SW,GL2 4NF,51.829938,-2.2739388,01452 728882,277
2d21a1ce-b00e-30a9-b97b-98360a5189d2,TORQUAY CARE HOME VISITING SERVICE,C/O MAYFIELD MED CENT,EXETER,SW,TQ4 5LA,50.433243,-3.5701074,01803 558257,88
2bdde8e5-a044-31be-801e-62a5ce7bedb5,BRUNEL MEDICAL PRACTICE,BRUNEL MEDICAL PRACTICE,BRADWORTHY,SW,TQ1 3SL,50.479358,-3.5169482,01803 312233,191
f2291959-92fe-3ce4-b450-52061c80f68c,MONTPELIER HEALTH CENTRE,MONTPELIER HEALTH CENTRE,BRISTOL,SW,BS6 5PT,51.466527,-2.5894539,0117 9426811,52
293d6847-f71a-3583-8667-ee278d146b44,WYKE REGIS & LANEHOUSE MEDICAL PRACTICE,WYKE REGIS MEDICAL PRACT,WEYMOUTH,SW,DT4 9BE,50.594618,-2.4750311,01305 782226,118
eb003103-fa73-3f14-a297-8248b084a841,HOYLAND HOUSE,HOYLAND HOUSE  GYDE ROAD,GLOUCESTERSHIRE,SW,GL6 6RD,51.790968,-2.1941915,01452 812545,183
548909cf-e658-370d-9f4b-6f0b6c7ddf88,PRESCRIBER 243,ALMA ROAD,BRISTOL,SW,BS15 4DA,51.4626,-2.4999413,,18
f7bca50c-b126-3fcd-974e-455a4f6c6bc7,GREENFIELDS DAY CENTRE,WEST BOW HOUSE,BRIDGWATER,SW,TA6 3RT,51.127041,-3.00978,,6
dc92d585-8e11-37d5-8f4f-473043bde730,PEBBLE LODGE - ADOLESCENT INPATIENT SERVICE,49 ALUMHURST ROAD,BOURNEMOUTH,SW,BH4 8EP,50.716798,-1.9032736,,3
35235ff4-b06d-3199-8c18-a1ec065a1f2a,FROME MEDICAL CENTRE,FROME MEDICAL CENTRE,MARTOCK,SW,BA11 2FH,51.237156,-2.3112808,01373 301300,49
acb63ce2-91ab-33f9-971f-b28759643feb,HORFIELD HC,HORFIELD HEALTH CENTRE,BRISTOL,SW,BS7 9RR,51.489998,-2.5762753,0117 9695391,220
86805251-9d4b-3c1c-bd96-f91e11520285,CORNERSTONE PRACTICE,CORNERSTONE PRACTICE,SWINDON,SW,SN4 0PB,51.516622,-1.7295935,01793 740033,34
ed6e54bf-4c3f-34bc-a228-cc7508fc5236,PEWSEY SURGERY,THE SURGERY,PEWSEY,SW,SN9 5AQ,51.34009,-1.7629047,01672 569990,55
6ece8e82-ce14-35da-990a-e35b17aa85bc,POOLE ROAD MEDICAL CENTRE,POOLE ROAD MEDICAL CENTRE,BOURNEMOUTH,SW,BH2 5QR,50.720439,-1.8926134,01202 761120,313
348975e3-0d60-3d4a-9a08-b37c73936329,WESSEX ROAD SURGERY,WESSEX ROAD SURGERY,POOLE,SW,BH14 8BQ,50.722898,-1.951569,01202 734924,58
729b1f50-a4e4-37d8-8c40-f0dab90737a2,DIABETES COMMUNITY SERVICE,ELDENE HEALTH CENTRE,SALISBURY,SW,SN3 3RZ,51.554453,-1.7352686,01793 463840,35
a21dbae5-f112-3c5a-ae2c-8ee67b9b0d6d,HAMWORTHY COMMUNITY CLINIC,306 BLANDFORD ROAD,POOLE,SW,BH15 4JQ,50.720875,-2.0105439,,2
d13da6cc-466d-3a8a-9a9d-2759ad37d8e2,OLD TOWN SURGERY,OLD TOWN SURGERY,SWINDON,SW,SN1 4GB,51.55042,-1.7963984,01793 616057,32
d752ee19-c0e4-3c59-a655-5d1336942318,MALMESBURY MEDICAL PARTNERSHIP,MALMESBURY MEDICAL P/SHIP,MALMESBURY,SW,SN16 0FB,51.577155,-2.0946594,01666 825825,80
bbaf1aae-be63-34fb-bb25-71b90c7ceb38,WELLS CITY PRACTICE,WELLS CITY PRACTICE,LANGPORT,SW,BA5 1XJ,51.203994,-2.6552165,01749 836650,118
b09f25fe-504e-332a-a14e-5b37f0bcaa64,STROKE SUB ACUTE REHAB UNIT S. BRISTOL,S BRISTOL COMM HOSPITAL,BRISTOL,SW,BS14 0DE,51.413518,-2.584803,0300 1246301,61
885a4e68-abff-3a86-a827-4e3820ba1851,IMPERIAL SURGERY,IMPERIAL SURGERY,EXMOUTH,SW,EX8 1DQ,50.619819,-3.4162036,01395 280362,64
6cc3d776-a7bc-32b8-ac16-865b68598e03,CAMHS NORTH,SPRINGFIELD COURT,TRURO  CORNWALL,SW,EX31 3UD,51.064265,-4.0893604,01271 384000,28
b2107b8e-8923-3d7a-9382-389c0c8325aa,CLEVEDON MEDICAL CENTRE,CLEVEDON MEDICAL CENTRE,CLEVEDON,SW,BS21 6DG,51.437228,-2.84572,01275 335666,39
275b32fe-9801-355c-8149-5abf172f6fd5,HMP CHANNINGS WOOD,HMP CHANNINGS WOOD,YELVERTON,SW,TQ12 6DW,50.510492,-3.6518204,01803 814600,154
2799e59f-b881-3511-ad86-c975b0679293,OAKLANDS SURGERY,OAKLANDS SURGERY,TAUNTON,SW,BA21 5RL,50.954243,-2.6174143,01935 473068,156
3efe2d73-dfdf-30fb-898f-6bce64ceeec7,COMMUNITY SERVICES (ROSEBANK),ROSEBANK,WELLS,SW,BA5 1TH,51.20302,-2.6556608,,3
98ca2497-c7a5-3fd9-8d55-fc57cfa55f92,HYDE PARK PHARMACY,73 HYDE PARK ROAD,IVYBRIDGE,SW,PL3 4JN,50.38557,-4.1379581,01752 663216,35
a7416112-2d93-3cb0-abf6-edac7291af12,WEST CHELTENHAM MEDICAL,HESTERS WAY RESOURCE CTR,HENBURY,SW,GL51 7SU,51.902001,-2.1169697,01242 507111,450
bd0b69cc-c368-3577-be08-617abefbf43a,TETBURY HOSPITAL,MALMESBURY ROAD,TETBURY,SW,GL8 8XB,51.63522,-2.1546715,,9
a5215a92-f5dd-3945-b279-ea8dd8043549,BRIDPORT CHILDREN'S CENTRE,ST. MARYS C OF E PRIMARY SCHOOL,BRIDPORT,SW,DT6 5LA,50.726947,-2.765749,,1
4caa04ea-4af1-3e70-b03c-0c9130c72dec,COTHAM PHARMACY,3-5 COTHAM HILL,BRISTOL,SW,BS6 6LD,51.464288,-2.6088728,0117 9736580,119
febdcdb8-d43a-3167-b1b5-5829e90deaf9,GREAT OAKS DEAN FOREST HOSPICE,THE GORSE,COLEFORD,SW,GL16 8QE,51.800905,-2.6196779,,3
8861c1b9-2b2f-30fb-b313-af5a92af72cd,LAUNCESTON COMMUNITY NURSES,CAREW HOUSE,EXETER,SW,PL31 2QN,50.471789,-4.7421018,01208 834600,36
87ada56a-51bd-395f-ad72-0680851e3828,FROME VALLEY MEDICAL CENTRE,FROME VALLEY MEDICAL CTR.,BRISTOL,SW,BS36 2DE,51.533206,-2.4947318,01454 772153,117
c7632d92-5747-3b35-b4cd-5a8c2d270c74,ASHLEY INTERMEDIATE CARE CTR,279 LONDON ROAD,GLOUCESTER,SW,GL52 6YL,51.883772,-2.0448464,01242 541368,103
0a5dbcd5-099e-3d80-92f2-9d9148730dee,HOLSWORTHY LINK CENTRE,2 WELL PARK,HOLSWORTHY,SW,EX22 6DH,50.812297,-4.3530499,,27
ae43f605-0850-3dcd-a4b2-1461a05efe99,COMMUNITY RECOVERY TEAM,BEAUCHAMP CENTRE G FLOOR,BRADFORD-ON-AVON,SW,PL4 7QD,50.378513,-4.1151078,01752 435905,49
d62ca3d1-2f2f-3067-848b-ee283e23004d,BUCKLAND SURGERY,BUCKLAND SURGERY,PLYMOUTH,SW,TQ12 4HG,50.530056,-3.5876974,01626 332813,125
59fa8031-eeb5-37d7-9ecb-357e980fcd6a,WEST COKER SURGERY,WEST COKER SURGERY,LEVEN ROAD  BUDE,SW,BA22 9AH,50.919425,-2.6864773,01935 862212,102
166e78d7-be63-314e-b484-1358d5fe591d,BEACHLEY MEDICAL CENTRE,BEACHLEY,CHEPSTOW,SW,NP16 7YG,51.620197,-2.6514022,,3
c4667a25-991c-32f2-9dad-624ca94ee9af,BLACKBERRY HILL HOSPITAL - BCSS INPATIENT UNIT,MANOR ROAD,BRISTOL,SW,BS16 2EW,51.483145,-2.5388327,,177
837f5c52-105f-38be-9e2a-134ce47c8a00,LITCHDON MEDICAL CENTRE,LANDKEY ROAD,BARNSTAPLE,SW,EX32 9LL,51.069586,-4.0417106,,3
ba3f39e0-41a9-307a-a105-7f8380ee2af9,LITCHDON MEDICAL CENTRE,LITCHDON MEDICAL CENTRE,NEWTON ABBOT,SW,EX32 9LL,51.069586,-4.0417106,01271 323443,153
5a451e5f-2480-3c8d-ab02-3f8b3fb528a4,HENDERSON REHABILITATION UNIT,THE GRACE CARE CENTRE,DEVIZES,SW,BS35 2FR,51.602155,-2.515031,0300 1256117,129
ac323f95-68cb-3f3d-8699-b5e01c665c98,THE DOWNEND HEALTH GROUP,NORTH STREET,BRISTOL,SW,BS16 5SG,51.485102,-2.5052568,0117 9709500,64
26cb9135-5cb4-36ea-b1ff-909b9ba3986f,BRAMBLEHAIES SURGERY,BRAMBLEHAIES SURGERY,DEVON,SW,EX15 1TZ,50.859878,-3.3905005,01884 33536,37
1fe9f76f-986e-3847-ad20-9643b2b4d2d4,CAMHS DEVON OUTREACH SVC,OAKLANDS COURT,TIVERTON,SW,EX16 6TG,50.910753,-3.4660544,,6
5bdf285b-ea4c-3b3f-8a6e-0176d4d1e3b8,TEWKESBURY LOCALITY NURSE PRESCRIBER,EDWARD JENNER COURT,BROCKWORTH,SW,GL3 4AW,51.847064,-2.1764615,0300 4218200,67
df2c5ff0-2d6d-3c63-97d8-1f9c89092e42,SCOTT HOSPITAL,BEACON PARK ROAD,PLYMOUTH,SW,PL2 2PQ,50.390641,-4.1618788,,3
6c5536a4-4086-3adb-b142-aa2b4d6cbbb6,SOUTHERNHAY HOUSE SURGERY,SOUTHERNHAY HOUSE SURGERY,BARNSTAPLE,SW,EX1 1RX,50.723043,-3.5233317,01392 211266,64
df55e760-3d95-33f5-88b2-be95e7d0a28d,ROWLANDS PHARMACY,3 TOLPUDDLE GARDENS,POOLE,SW,BH9 3RE,50.760486,-1.8609904,01202 527232,65
3665ee88-5ee7-3bf4-866c-24b649d56bc8,LANGDON HOSPITAL - BCSS INPATIENT UNIT,LANGDON HOSPITAL,DAWLISH,SW,EX7 0NR,50.599669,-3.4681777,,214
318f2724-9981-307a-b191-9c7950956baf,PODIATRY,NSCP,GLOUCESTER,SW,BS21 6FW,51.438683,-2.8409847,01275 885192,91
95c203b4-ef57-3309-b90e-1d1d07e90e46,FOREST OF DEAN PCN,COLEFORD HEALTH CENTRE,SWINDON,SW,GL16 8RH,51.79111,-2.6150924,01594 838101,72
67c9dc98-4131-3351-88e7-d2de1b6f5284,SEATON WARD PRESC,SEATON & DISTRICT COMMUNITY HOSPITA,SEATON,SW,EX12 2UU,50.711803,-3.0715061,,3
8b870072-38cb-3f48-a55c-3d21d17645e6,CHRISTCHURCH HOSPITAL,FAIRMILE ROAD,CHRISTCHURCH,SW,BH23 2JX,50.74468,-1.7902564,,3
78d3434c-712e-3bf1-a751-8a48e9592eb0,WARWICK HOUSE MEDICAL PRACTICE,HOLWAY GREEN,BRIDGWATER,SW,TA1 2QA,51.006777,-3.0781188,01823 282147,37
437137df-2653-3101-8904-8a4010d3ebc3,MIU PRIMARY CARE CENTRE,CAMBORNE REDRUTH HOSPITAL,BRIDGWATER,SW,TR15 3ER,50.229406,-5.2444615,01208 834600,90
3cebc400-f643-3aae-baf1-5501fc0da9dd,THE PULTENEY PRACTICE,PULTENEY STREET SURGERY,BATH,SW,BA2 4BY,51.385341,-2.3525512,01225 464187,77
c6af5eca-4f25-3a67-9fda-7e5221ea8b6b,SEVERNSIDE MEDICAL PRACTICE,QUAYSIDE HOUSE,WOTTON-UNDER-EDGE,SW,GL1 2TZ,51.866195,-2.2515906,01452 891110,40
cd57c0de-bec7-3f50-8f7a-119e52fd4d90,CHELTENHAM WEST COMMUNITY FIRE STATION,TEWKESBURY ROAD,CHELTENHAM,SW,GL51 9TZ,51.920558,-2.1169599,,3
138be624-7d61-3194-894a-36c76eb03e20,CRICKETFIELD SURGERY,THE CRICKETFIELD SURGERY,BIDEFORD,SW,TQ12 2AS,50.531822,-3.6077086,01626 208020,56
d617597c-a24a-391e-ae43-e34d81877c5a,ST GABRIELS,25 RINGWOOD ROAD,VERWOOD,SW,BH31 7AA,50.881841,-1.878086,,3
92a54158-8f57-3d88-8957-056712624e61,CRESCENT PROVIDENCE SURGERY,CRESCENT PROVIDENCE SURG.,BOURNEMOUTH,SW,BH1 4HA,50.727068,-1.8451361,01202 395195,34
87262ac0-b00c-3004-bd9a-848baf694c7a,CCASH,CUMBERLAND CENTRE,PLYMOUTH,SW,PL1 4JZ,50.369816,-4.1688071,01752 434429,92
b94c7eec-bee4-3e98-8209-fa2941ae9b5e,HONITON AMBULANCE STATION,DEVONSHIRE ROAD,HONITON,SW,EX14 1SD,50.791422,-3.2107491,,3
eab9b226-fa4a-3aba-a3f9-a08a57e3b50f,BEACON MEDICAL CENTRE,SEDEMUDA ROAD,SIDMOUTH,SW,EX10 9YA,50.699501,-3.247731,,3
c72ef439-9372-3cfa-b85d-a32c61d7bddd,KCCG-LITTLE HARBOUR,LITTLE HARBOUR,LISKEARD,SW,PL26 6AZ,50.31857,-4.7748976,01726 627953,165
eb3ea037-3eff-3e53-98dc-4bc2bb7fc5df,AXBRIDGE SURGERY,AXBRIDGE SURGERY,ILMINSTER,SW,BS26 2BJ,51.286281,-2.8204019,01934 732464,59
c9f0c61e-2408-3e43-9fbf-911822cd8465,MINCHINHAMPTON SURGERY,THE SURGERY,CHELTENHAM,SW,GL6 9JF,51.705941,-2.187879,01453 883793,32
e75f6887-f666-3683-b178-625881ad9a48,PLYM BRIDGE HOUSE,4 WILLIAM PRANCE ROAD,MOUNT GOULD ROAD,SW,PL6 5ZD,50.412484,-4.1240245,01752 434543,124
93aaf880-0ca3-3edd-84e5-736b13efaf02,ENT GPWSI TAVISTOCK HOSPITAL,TAVISTOCK HOSPITAL,PLYMOUTH,SW,PL19 8RG,50.547679,-4.1546714,01822 612233,129
321353fa-73fd-33d9-99ee-b26ebd7993cd,ST ROSES SPECIAL SCHOOL,STRATFORD LAWN,STROUD,SW,GL5 4AP,51.747467,-2.2210043,,3
a322ede2-b77e-378c-9e5c-a95643e16dd9,HMP THE VERNE,HMP THE VERNE,EXETER,SW,DT5 1EQ,50.561525,-2.4358873,01305 825026,169
20fdf65f-e51a-3bba-bd1c-9a9ecb01e2ed,STIRLING ROAD GROUP,STIRLING ROAD SURGERY,BARNSTAPLE,SW,PL5 1PL,50.404913,-4.1889161,01752 322252,49
828077da-cdea-3827-9656-8f64db10704a,THE PANTON PRACTICE,THE PANTON PRACTICE,BOURNEMOUTH,SW,BH1 3EG,50.720939,-1.8625946,01202 411700,289
90a195e7-3597-3d63-89d1-fd45b00b2c65,ADULT ADHD ASSESSMENT SERVICE,WESTBOURNE UNIT,PLYMOUTH,SW,PL2 2PQ,50.390641,-4.1618788,01752 434034,32
25d4f187-93ae-38ea-8af0-f7a7cce03d6b,BIRCHWOOD MEDICAL PRACTICE,BIRCHWOOD MED PRACTICE,BATH,SW,BS4 4HU,51.446246,-2.5479382,0117 3304223,195
fb501dd4-d233-3131-b364-08977dc023d6,NOAH'S ARK CC,YORK ROAD,TEWKESBURY,SW,GL20 5HU,51.983619,-2.1555795,,3
7b26e5b4-2b0a-3007-b545-29daa5d853af,WYKE REGIS HEALTH CENTRE,PORTLAND ROAD,WEYMOUTH,SW,DT4 9BE,50.594618,-2.4750311,,3
ea40cedf-a50a-305d-9a8d-2748c22e4d9b,CHARLTON PHARMACY,39 LYEFIELD ROAD WEST,GLOUCESTER,SW,GL53 8EZ,51.884308,-2.054552,01242 522207,91
82983052-13f9-3393-af5f-0ea17a00fc78,SOMER VALLEY MEDICAL GROUP,ST.CHAD'S SURGERY,MIDSOMER NORTON,SW,BA3 2UH,51.287835,-2.4768461,01761 413334,57
d8d47833-3752-390e-91c2-df06c907e3a0,ARMADA SURGERY,ARMADA SURG  28 OXFORD PL,EXETER,SW,PL1 5AJ,50.374757,-4.1448838,01752 428398,31
0267e4ec-70b2-3bb4-974c-5f2223ad1688,INNER CITY & EAST BRISTOL LOCALITY,WITHYWOOD CENTRE,WESTON SUPER MARE,SW,BS13 8QA,51.40731,-2.6221188,0300 1256789,54
dd5883c8-a63c-32bc-bbbe-e517a80f8168,WIMBORNE COMMUNITY HOSPITAL,VICTORIA ROAD,WIMBORNE,SW,BH21 1ER,50.802195,-1.9959181,,2
db573dad-7ea2-32b0-a4b8-d72920181bfa,HOLLY HOUSE,WEST LODGE DRIVE,GLOUCESTER,SW,GL4 4XU,51.851928,-2.2095677,,3
fb7f3dd9-7def-30b9-8b74-750cb8a57815,CORNER PLACE SURGERY,CORNER PLACE SURGERY,YELVERTON,SW,TQ4 5AH,50.433303,-3.5670257,01803 557458,126
b2042fc3-d79e-325b-8130-ae2291488da7,ABBEY MEADS MEDICAL PRACT,ABBEY MEADS VILLAGE CTR,SWINDON,SW,SN25 4YZ,51.597763,-1.7928233,01793 706030,121
82c911e7-da4b-399c-8156-14cc72dd2444,COMMUNITY TEAM BODMIN,BODMIN HEATH OFFICE,CAMBORNE,SW,PL31 2LB,50.47284,-4.7226133,01208 834600,70
55e5428f-e8c5-3cab-a439-947943e01a8d,BURNHAM MEDICAL CENTRE,BURNHAM MEDICAL CENTRE,YEOVIL,SW,TA8 1EU,51.23815,-2.9929159,01278 795445,79
b4fb04d5-538b-3e9f-b224-55c3a1237ac7,SOUTH GLOS HEALTH VISITORS,EASTGATE HOUSE UNIT 9,EXETER,SW,BS5 6XX,51.473094,-2.5671211,0117 3408235,51
36a9504c-534c-31cb-b207-1368db5029b1,LILLIPUT SURGERY,LINDISFARNE,POOLE,SW,BH14 8EE,50.711604,-1.9540308,,3
a3524f10-c36f-3db7-9469-656e0bb7f2d9,NHS@HOME,JOHN MILTON CLINIC,BRISTOL,SW,BS10 7DP,51.509194,-2.6188086,0300 1255001,42
15197675-b21f-31b6-8cdd-8cf4640549ce,ROWCROFT MEDICAL CENTRE,ROWCROFT MEDICAL CENTRE,GLOUCESTER,SW,GL5 3BE,51.745726,-2.2193736,01453 764471,53
e1f1390f-f6a7-313f-acde-660a13d37e9f,PENN HILL SURGERY  YEOVIL,PENN HILL SURGERY,BURNHAM-ON-SEA,SW,BA20 1SB,50.939539,-2.6326902,01935 470800,48
75e6ee88-969f-330a-873c-74a1d6ca8b96,TEIGNMOUTH MEDICAL PRACTICE,TEIGNMOUTH MEDICAL PRACT,PLYMSTOCK  PLYMOUTH,SW,TQ14 8BG,50.545779,-3.4951269,01626 773222,65
de20a7f8-b3f1-34c0-979b-e13cdd761fca,DUNSTER & PORLOCK SURGERIES,DUNSTER AND PORLOCK SURGE,YEOVIL,SW,TA24 6SN,51.18162,-3.4469046,01643 821244,48
873349af-eaee-3013-ba4d-8b3a8f2db9ed,CREECH,CREECH MEDICAL CENTRE,SOMERSET,SW,TA3 5FA,51.028547,-3.0455977,01823 442357,64
a4061267-d7ae-3d25-bf12-1b4ca22736d7,IMPROVED ACCESS BERKLEY VALE,ORCHARD MEDICAL CENTRE,BODMIN,SW,GL11 5NE,51.699708,-2.3643958,01453 540066,115
20d8d94b-cb43-3ee2-82c4-a17fa0c930ae,WOODLEA HOUSE SURGERY,2A BRADPOLE ROAD,BOURNEMOUTH,SW,BH8 9NX,50.750211,-1.842551,01202 300903,31
3d7878fd-93ac-3960-84e5-c852df94d9d0,GROVE SURGERY,FAIRMILE ROAD,CHRISTCHURCH,SW,BH23 2FQ,50.74451,-1.7908666,01202 481192,142
392a7127-baf0-3dd7-a013-979d89545b07,MVMG - MONKS PARK,MONKS PARK SURGERY,BRENTRY  BRISTOL,SW,BS7 0UE,51.497582,-2.5828247,0117 9693106,92
41d1e4ae-b3fd-3594-8556-9006024202b0,GLOUCESTER SOUTH FIRE AND RESCUE STATION,GLOUCESTER S. FIRE & RESCUE STATION,GLOUCESTER,SW,GL2 5EL,51.834933,-2.2679027,,4
ba6b6f90-86eb-3d22-9e69-da496a135ee5,THREE SHIRES MEDICAL PRACTICE,WICK SURGERY,BRISTOL,SW,BS30 5QQ,51.452314,-2.4223464,0117 9372214,55
961667e0-296d-310f-85e3-db609386330a,NU BUILDING,1 BREST ROAD,PLYMOUTH,SW,PL6 5YE,50.416684,-4.1210873,,3
cdb813c2-9643-336b-8ddc-625146d1f413,WIDBROOK MEDICAL PRACTICE,WIDBROOK MEDICAL PRACTICE,TROWBRIDGE,SW,BA14 9EN,51.317245,-2.2212959,01225 757120,98
db294308-cc0c-394d-b8e6-79ecc97b92ea,GLENSIDE,THE OLD ORCHARD SURGERY,YEOVIL,SW,SP2 8JU,51.059089,-1.8051931,01722 744775,89
ad5dcf96-84ac-37fd-8980-965e14f1dbad,TEIGNMOUTH HOSPITAL,MILL LANE,TEIGNMOUTH,SW,TQ14 9BQ,50.548369,-3.5111589,,6
c7ff09a6-f287-3c9d-8f40-5a830aba7baa,WINCANTON HEALTH CENTRE,WINCANTON HEALTH CENTRE,STOKE-SUB-HAMDON,SW,BA9 9FQ,51.052964,-2.420285,01963 435700,66
e9a73f2c-27dd-3df4-923e-1db6a6ef09ec,BRIDPORT MEDICAL CENTRE,THE BRIDPORT MEDICAL CTR,BRIDPORT,SW,DT6 5BN,50.734226,-2.767979,01308 421896,38
f87baf35-dba2-3c46-8f7b-659d2e92c25d,UHBW STOMA PRESCRIBING SERVICE,STOMA DEPT QUEENS BUILDNG,TEWKESBURY,SW,BS2 8HW,51.458886,-2.596293,0117 3427638,33
c05d1fdd-d5d8-3ce2-87ca-7025055635b4,PRESCRIBER 027,CASTLEWOOD,CLEVEDON,SW,BS21 6FW,51.438683,-2.8409847,,3
ffd300e8-b283-30b3-b578-86c945d0be14,SHEPTON MALLET AMBULANCE STATION,BOARD CROSS,SHEPTON MALLET,SW,BA4 5DX,51.189839,-2.5509004,,7
59df71f3-89a7-3d41-9c22-b5bd94c445fb,TOGETHER DRUG & ALCOHOL SERVICE - NORTH,UNIT 6 RIVERSIDE COURT,HONITON,SW,EX31 1DR,51.079791,-4.0623765,0800 2335444,52
6231a78c-6420-38c2-bd46-d312ea5ea5a3,THE VERWOOD SURGERY,THE VERWOOD SURGERY,VERWOOD,SW,BH31 7PY,50.881952,-1.8805306,01202 825353,95
54a953c9-1f20-328a-8d4f-ee2b92f4937c,OLDER PERSONS CMHT (FP10),MULBERRY CENTRE,BURNHAM-ON-SEA,SW,TA8 2JU,51.259235,-2.9984435,,3
eef5de8d-cdf9-3e52-80b9-e455db6b1f91,BRUTON SURGERY,THE BRUTON SURGERY,SHERBORNE,SW,BA10 0EG,51.112132,-2.4516067,01749 812310,39
88513919-8307-305c-aec8-baaf884252b5,THE HADLEIGH PRACTICE,THE HADLEIGH PRACTICE,BROADSTONE,SW,BH18 8EE,50.761018,-1.9935253,01202 692268,213
c094cd4d-efed-3b1c-ba53-217b0dd4bf17,BCH WOUND CARE SERVICE,WILLIAM BUDD HEALTH CTR,BATH,SW,BS4 1WH,51.428755,-2.5962602,0117 9449733,56
abcfa1ed-b5c2-3d5d-b780-5122c56594b7,CHILCOTE PRACTICE,CHILCOTE SURGERY,PLYMOUTH,SW,TQ1 3LA,50.482271,-3.5204385,01803 316333,141
e74adb45-808f-394b-890a-8f099c029d11,STOWFORD LODGE,SEDEMUDA ROAD,SIDMOUTH,SW,EX10 9YA,50.699501,-3.247731,,3
ec858f11-8d6c-3694-8342-c6d4e2cbe281,BRADFORD-ON-AVON AND MELKSHAM HEALTH,THE HEALTH CENTRE,BRADFORD-ON-AVON,SW,BA15 1DQ,51.34519,-2.253003,01225 866611,55
10afd717-41ed-363d-996c-fd78e781fc72,BARTON SURGERY,THE BARTON SURGERY,NEWTON ABBOT,SW,EX7 9QH,50.579825,-3.4735351,01626 888877,53
4a49122f-c598-33bf-925b-e93f466a590b,SOUTH MOLTON MEDICAL CENTRE,SOUTH MOLTON MEDICAL CTR,EXMOUTH,SW,EX36 3BZ,51.018386,-3.8325037,01769 573101,198
a4ef0a7c-7ede-3421-a6a7-b7a4f5d6f931,THE THORNBERRY CENTRE,1 BREST WAY,PLYMOUTH,SW,PL6 5XW,50.415751,-4.1189623,,3
8d896fee-f1d0-35f5-a5e6-f3e6e6d203e7,THE LANEHOUSE SURGERY,THE LANEHOUSE SURGERY,WEYMOUTH,SW,DT4 0HB,50.607173,-2.483778,01305 785681,143
295ec516-ea74-31a0-afac-774d7f8aa995,BUTLEIGH HOSPITAL,KINGWESTON ROAD,GLASTONBURY,SW,BA6 8TF,51.093489,-2.6850683,,3
205fe2f0-ccf7-3588-9047-09de286ec458,TETBURY HOSPITAL TRUST LTD,MALMESBURY ROAD,CHRISTCHURCH,SW,GL8 8XB,51.63522,-2.1546715,01666 502336,103
5da77ba6-cbd8-3dd1-a16e-5e3836c49691,BRIXHAM AMBULANCE STATION,PENN MEADOWS,BRIXHAM,SW,TQ5 9PW,50.388534,-3.5125564,,3
f7739619-fc9b-370f-aa5e-6c0dccf4372f,GIFFORDS PRIMARY CARE CTR,GIFFORDS PRIMARY CARE CTR,MELKSHAM,SW,SN12 7EA,51.367131,-2.1315433,01225 896630,33
f071e6ab-5eb6-3942-bf20-c0f1c5577b9f,ST.BARNABAS SURGERY,ST.BARNABAS SURGERY,BEAWORTHY,SW,PL1 5NN,50.376893,-4.1533911,01752 607006,101
7085d6c0-84f2-37ce-ba5b-d667847582a8,CHIDDENBROOK SURGERY,THRESHERS,CREDITON,SW,EX17 3JJ,50.791276,-3.6746968,,3
1cde372d-3de6-3194-bc14-dcf5c1cc9664,ELDENE HEALTH CENTRE,ELDENE HEALTH CENTRE,SWINDON,SW,SN3 3RZ,51.554453,-1.7352686,01793 480111,58
a322de76-ae2b-3137-afe4-76853276fece,CASTLE PLACE PRACTICE,CASTLE PLACE PRACTICE,NEWTON ABBOT,SW,EX16 6NP,50.909477,-3.4929547,01884 252333,48
76554469-5314-3275-9c7c-63e37650ef27,COMMUNITY URGENT EYECARE SERVICE CHELT 1,SMITH & SWEPSON,CHELTENHAM,SW,GL50 1QB,51.897628,-2.076949,01242 243800,61
ea720233-5fcb-30ca-98f0-5665562e3ec6,THE NEWMAN PRACTICE (DR NEWMANS SURGERY),THE SURGERY,POOLE,SW,BH15 2PG,50.719578,-1.976348,01202 338979,40
dc121e4f-db32-3958-a2b2-cd66d03da36c,LEYBOURNE SURGERY,1 LEYBOURNE AVENUE,BOURNEMOUTH,SW,BH10 6ES,50.758437,-1.8872102,01202 527003,46
edb48d03-315e-3e94-a4d5-89bf0b443c10,COOKSON COURT,COOKSONS ORCHARD,YEOVIL,SW,BA20 2FT,50.941314,-2.6468192,,1
299ccb28-5be3-37c1-a313-ae7ce3e4e6ed,FORDINGTON SURGERY,THE SURGERY  91 HIGH ST,DORCHESTER,SW,DT1 1LD,50.713023,-2.4274478,01305 250515,136
05703ac6-0e5a-3ead-a667-46307908f17d,HADWEN HEALTH,THE HADWEN MEDICAL PRACT.,121 SWINDON RD CHELTENHAM,SW,GL4 4BL,51.841517,-2.2043084,01452 529933,74
42bd48ca-7f96-30c5-8022-96c7bbb2114a,BROADWATERS,MEDICINES MANAGEMENT TEAM,DORCHESTER,SW,DT1 1TS,50.714632,-2.4443886,01202 443700,37
f459299d-d09a-3b2e-85ce-901ef13c401b,PSYCHIATRY UK - BERKSHIRE CYPF ADHD,TREWALDER CHAPEL,BOURNEMOUTH,SW,PL33 9ET,50.607007,-4.7238245,0330 1241980,45
7a6e9967-3152-31e9-adad-dec0207d9eb6,SEVERN HEALTH PCN HUB,FIVE VALLEYS SURGERY,DEVON,SW,GL5 3BS,51.74562,-2.2185764,01453 764222,42
18d88aae-7105-3614-b393-bf35f2d83c3d,SOUTH MOLTON HEALTH CENTRE,9-10 EAST STREET,SOUTH MOLTON,SW,EX36 3BZ,51.018386,-3.8325037,,3
43baed6b-3377-39a0-bec3-48ebed8be9f5,WESTFIELD SURGERY,WESTFIELD SURGERY,BRISTOL,SW,BA3 3UJ,51.284957,-2.4589787,01761 436333,42
e6c6936e-844f-397b-a512-4adda0425211,POOLE DIALYSIS UNIT,THE FULCRUM CENTRE,POOLE,SW,BH12 4NU,50.751617,-1.9443527,,3
b515fc65-80b4-3f69-a3d6-65ee3429a83b,SPA MEDICAL CENTRE,SPA MEDICAL CENTRE,MELKSHAM,SW,SN12 6UN,51.366859,-2.1260266,01225 703236,62
5232c0a0-19d3-3311-b238-66f97cbec242,YOUNG PEOPLE'S CENTRE  MOUNT GOULD,PLYMOUTH PRIMARY CARE TRUST,PLYMOUTH,SW,PL4 7QD,50.378513,-4.1151078,,3
8c326450-5c3f-3a57-984c-49e1f121e11b,PENRYN SURGERY,THE PENRYN SURGERY,BROOKLYN,SW,TR10 8HX,50.167504,-5.1033598,01326 372502,294
6156946b-47bf-32f8-9190-75eb98e9ac87,FALLODON WAY MEDICAL CENTRE,FALLODON WAY MEDICAL CTR,BATH,SW,BS9 4HT,51.483068,-2.6095406,0117 9620652,77
f00a6a3f-1339-3e5e-be40-68dad62cd6c0,MAY LANE SURGERY,MAY LANE SURGERY,DURSLEY,SW,GL11 4JN,51.680012,-2.3573964,01453 540555,85
fb910c86-ba37-30b2-a636-aaec469784ad,WEST VIEW SURGERY,WEST VIEW SURGERY,BRISTOL,SW,BS31 1BX,51.411932,-2.5021058,0117 9376835,55
e46f516b-31fc-381d-973b-0b30243ba578,NORTH PETHERTON SURGERY,THE SURGERY,AXBRIDGE,SW,TA6 6LX,51.091351,-3.0139286,01278 662223,79
43d5615d-a578-3795-a0f8-6ddd8d0a8da3,PRIMARY CARE SUBSTANCE MISUSE TEAM,40B LONDON ROAD,CLEVEDON,SW,GL1 3NU,51.867609,-2.2375109,01452 523151,51
780574a7-7a48-3863-b4f8-81384a410f26,MILBORNE PORT SURGERY,GAINSBOROUGH,SOMERSET,SW,DT9 5FH,50.967502,-2.4719621,01963 250334,33
e8824b53-2d12-3ad7-ba8c-a7f718c355e0,SWANAGE MEDICAL PRACTICE,SWANAGE MEDICAL PRACTICE,SWANAGE,SW,BH19 1HB,50.609961,-1.9600227,01929 422231,161
55216def-5eb6-3c2f-a601-698cdc7dc6c3,PRIORY ROAD MEDICAL CENTRE,PRIORY ROAD MED CENTRE,SWINDON,SW,SN3 2EZ,51.552763,-1.7477974,01793 688744,118
d6b45707-eb99-3436-aac1-c392db5335f9,LEE MILL HOSPITAL,BEECH ROAD,PLYMOUTH,SW,PL21 9HL,50.390368,-3.9617217,01752 314801,28
ed7a2219-b50c-39a6-9f6e-1367c757affe,ARIEL HEALTHCARE,59 FORE STREET,STREET,SW,TA20 1QA,50.873033,-2.9615001,01460 63071,69
41968b90-0861-369d-9917-87d09ab92c44,HERBERT AVENUE,THE SURGERY,PARKSTONE  POOLE,SW,BH12 4HY,50.744709,-1.9408743,01202 743333,120
ac20210d-7dbe-3aa0-aadb-6e8a3d228946,THE MALAGO SURGERY,THE MALAGO SURGERY,BEDMINSTER,SW,BS3 4JE,51.439796,-2.599857,0117 9663587,160
002bbbb9-8f60-3f96-b864-8c8bcabc4107,BEECHES GREEN SURGERY,STROUD HEALTH CENTRE,CHELTENHAM,SW,GL5 4BH,51.747307,-2.2202358,01453 763980,37
96a08975-97f9-3a55-a971-4a3f9f4d580c,WESTON & WORLE LOCALITY,2ND FLOOR  CASTLEWOOD,KNOWLE,SW,BS21 6FW,51.438683,-2.8409847,0300 1256789,59
b857f34f-b392-3e4a-81da-381f6a8bc40a,SAINTBRIDGE SURGERY,SAINTBRIDGE SURGERY,CIRENCESTER,SW,GL4 4SH,51.848947,-2.2222419,01452 500252,99
c892ccff-3991-335f-a231-d184025e8d25,KINGSWOOD SURGERY,KINGSWOOD SURGERY,SWINDON,SW,SN3 2RJ,51.556265,-1.7543266,01793 534699,131
9f1e50c6-5493-30a7-9d4b-361cb2bb45d8,OCC SOUTH GLOUCS EXTENDED WORKING HUB,UNIT 4  OSPREY COURT,BRISTOL,SW,BS14 0BB,51.41158,-2.5929309,0117 9410900,44
ec45cdc3-0780-35df-bcc2-9c67af821831,CASTLEWOOD,CASTLEWOOD,CLEVEDON,SW,BS21 6FW,51.438683,-2.8409847,,3
ce121539-c6ca-3872-bbeb-7881d89811ca,MILLSTREAM HOUSE,CASTLE STREET,TAUNTON,SW,TA1 4AS,51.014886,-3.1073033,,3
85da990c-c42e-3434-8a62-6212645b6350,PRIMARY CARE PAEDIATRICS,LAWRENCE HILL HEALTH CTR,CLEVEDON,SW,BS2 0AN,51.457547,-2.5726855,0117 9543060,82
32831029-e764-372b-ace0-201307ca06df,WOODBURY SURGERY,WOODBURY SURGERY,EXETER,SW,EX5 1NZ,50.674009,-3.4001574,01395 232509,35
5e996cf8-170c-3029-bb90-6c1ea611601a,ELM HAYES SURGERY,ELM HAYES SURGERY,BRISTOL,SW,BS39 7SF,51.300546,-2.4927417,01761 413155,64
c6277fab-1291-37b1-9c8c-67ed52b8998a,PARK MEDICAL PRACTICE,THE PARK MEDICAL PRACTICE,BRIDGWATER,SW,BA4 5RT,51.186046,-2.5467344,01749 334383,101
127f99e7-9efc-3299-94fa-1309bb7ffd17,CHUDLEIGH KNIGHTON SCHOOL,CHUDLEIGH KNIGHTON,NEWTON ABBOT,SW,TQ13 0EU,50.585308,-3.6322027,,7
f88ed947-5d0d-3950-a917-ecc35f141fe5,TAUNTON PSYCHIATRIC LIAISON TEAM,C/O OLD TRANSPORT OFFICE,TAUNTON,SW,TA1 5DA,51.01197,-3.1197783,,1
43574500-8109-3aff-a1da-dbdc5c78edf8,HILL BARTON SURGERY,HILL BARTON SURGERY,BARNSTAPLE,SW,EX1 3EN,50.723363,-3.4816892,01392 444242,39
ddbf7ee0-e4f7-38f2-a9b8-152636908d6e,THE HARVEY PRACTICE (PODIATRY),THE HARVEY PRACTICE,BROADSTONE,SW,BH18 8EE,50.761018,-1.9935253,,3
204fa82d-3c2f-3eae-b80c-992fba87217a,HMP EXETER,30 NEW NORTH ROAD,BRISTOL,SW,EX4 4EX,50.728034,-3.5322218,01392 415650,41
3d6c9ae9-bee3-399e-9030-5d2f3ba03c1b,THE HARVEY PRACTICE,THE HARVEY PRACTICE,BROADSTONE,SW,BH18 8EE,50.761018,-1.9935253,01202 697307,30
5fb3b7d8-343f-32a6-a49c-194d4ee1f39f,AXMINSTER MEDICAL PRACTICE,THE AXMINSTER MED PRACT,PLYMOUTH,SW,EX13 5AG,50.780899,-2.999226,01297 32126,30
e0b83257-67ec-362e-b57b-c20f7dbf840a,SOUTH LAWN MEDICAL PRACTICE,SOUTH LAWN MED PRACTICE,BIDEFORD,SW,EX1 2RX,50.723202,-3.5055424,01392 281101,73
e65aa09c-78cc-345e-9d4a-db48b60935e7,SWANAGE HEALTH CENTRE,RAILWAY STATION APPROACH,SWANAGE,SW,BH19 1HB,50.609961,-1.9600227,,3
3ca1c9fc-50a2-3569-b753-6d64d6246cdc,PROSPECT HOSPICE,PROSPECT HOSPICE,PLYMOUTH,SW,SN4 9BY,51.526421,-1.7852764,01793 813355,155
9789d71d-a1a0-3e6b-bf2a-f876a109e498,GLASTONBURY SURGERY,THE GLASTONBURY SURGERY,TAUNTON,SW,BA6 9LP,51.148462,-2.7218526,01458 833666,29
ca2a8b1b-17cc-3d8c-b09e-c66aa417224f,SUMMERVALE SURGERY,ILMINSTER MEDICAL CENTRE,SHEPTON MALLET,SW,TA19 9FE,50.925014,-2.9198014,01460 52354,45
f86f38a3-cbf7-3a5a-a4fb-d4a100b20bcc,WOTTON-UNDER-EDGE CLINIC,SYMN LANE,WOTTON-UNDER-EDGE,SW,GL12 7BD,51.636065,-2.3538429,,3
3293fe36-bea8-378f-a280-3ffef097df90,CLINTON ROAD SURGERY,19 CLINTON ROAD,PADSTOW,SW,TR15 2LL,50.230855,-5.2247576,01209 216507,62
2b507a9b-1caa-3938-92e8-3a02a85693c4,ATKINSON CHILDREN'S HOME,ATKINSON CLOSE,EXETER,SW,EX4 8NA,50.736072,-3.4970696,,3
bd0b58a0-802d-379a-a5a7-fc76d0877d84,BANES COMMUNITY SKIN SURGERY SERVICE,WIDCOMBE SURGERY,BEACON PARK RD  PLYMOUTH,SW,BA2 4JT,51.37638,-2.3543213,01225 418888,81
d8663507-c8e0-3040-b882-3a8647bef001,MINEHEAD AMBULANCE STATION,TOWNSEND ROAD,MINEHEAD,SW,TA24 5RJ,51.199957,-3.4727709,,3
ec06349c-1fbc-353d-9f16-dacbe598fe48,PRESCRIBER 267,KINGSWOOD HUB,BRISTOL,SW,BS15 4DA,51.4626,-2.4999413,,21
529d9136-c1ed-3cc0-9690-2442d634c08f,BUTLER CLINIC,LANGDON HOSPITAL,DAWLISH,SW,EX7 0NR,50.599669,-3.4681777,,3
5d8f870a-f0fc-30b1-8508-d48a573315bd,TORBAY AND SOUTH DEVON ENHANCED ACCESS,266-268 TORQUAY ROAD,,SW,TQ3 2EZ,50.445536,-3.5602325,07756 946235,114
7b3b1f3e-36c2-3394-a89e-d56809e7ba29,DENMARK ROAD MEDICAL CENTRE,37 DENMARK ROAD,BOURNEMOUTH,SW,BH9 1PB,50.746924,-1.8761397,,3
ecf4171c-39cf-38b5-b998-5616d6856d2f,NORTH SWINDON PRACTICE,NORTH SWINDON PRACTICE,SWINDON,SW,SN25 1QQ,51.591917,-1.8078047,01793 705783,37
5d2c98e8-18ce-303c-8ae4-924b9e8e5d39,THE STOKE ROAD SURGERY,THE SURGERY 4 STOKE ROAD,GLOUCESTER,SW,GL52 8RP,51.946679,-2.068173,01242 672007,188
6cb88f51-d32c-3fe5-841b-07b685b82929,TOGETHER - SOUTH DEVON,TEMPLAR HOUSE,BARNSTAPLE,SW,TQ12 1GJ,50.528653,-3.60801,0800 2335444,31
08d9cba5-dbe2-39f7-be98-ca7d1aadfd6e,HIGHCLIFF MEDICAL CENTRE,HEILA HOUSE,CHRISTCHURCH,SW,BH23 5ET,50.741232,-1.7018378,,1
98a4d5bd-6f45-3fc7-916e-17ee5586620a,JUBILEE FIELD SURGERY,JUBILEE FIELD SURGERY,CHIPPENHAM,SW,SN14 7EJ,51.4841,-2.1918611,01249 782204,185
5c185a7a-b3dc-3208-b926-5591b021eaea,WESSEX DAY CENTRE,HANNAH MORE COTTAGE,CHEDDAR,SW,BS27 3HE,51.278205,-2.77848,,3
bf387ef1-233c-38cd-8292-a94237da7202,SPARCELLS SURGERY,MIDWINTER CLOSE,BRISTOL,SW,SN5 5AN,51.577482,-1.834822,01793 881928,48
6aeb213a-2178-3dc9-94db-bd5a44de432d,CANNEL VIEW SURGERY,3 COURTENAY PLACE,TEIGNMOUTH,SW,TQ14 8AY,50.546135,-3.4940231,,3
94c51a8b-404a-30ac-a1c8-3011d9c40568,PARKHILL MEDICAL CENTRE,PARK HILL ROAD,TORQUAY,SW,TQ1 2AR,50.460249,-3.5229443,,6
8959b36a-54a4-3d58-8169-baf25bd641d9,OAKWELL,LYDDICLEAVE,BARNSTAPLE,SW,EX31 2JZ,51.071245,-4.0943569,,3
f75b0585-44d9-3914-8ac2-4be46b73d965,EAGLE HOUSE SURGERY,EAGLE HOUSE SURGERY,BLANDFORD FORUM,SW,DT11 7DQ,50.857543,-2.1656625,01258 453171,54
956d397a-0e3e-36de-aac3-1a83106710fb,KCCG-MENOPAUSE SERVICE,SEDGEMOOR CENTRE,ST AUSTELL,SW,PL25 5AS,50.339738,-4.7946988,01726 627953,98
4bacdf74-d195-3a55-a40b-e6f42374c4e4,TORBAY PCT OUT OF HOURS,DEVON DOCTORS ON CALL,EXETER,SW,EX2 8PF,50.69743,-3.5260274,01392 823636,41
496b1970-eff2-383f-b09e-b70981d513a8,BATHEASTON MEDICAL CENTRE,BATHEASTON MEDICAL CENTRE,BATH,SW,BA1 7NP,51.406042,-2.3173726,01225 858686,41
347c5e3b-86c2-3177-bd95-f535a63a23c7,ROLLE MEDICAL PARTNERSHIP,ROLLE MEDICAL PARTNERSHIP,TIVERTON,SW,EX8 2JF,50.621149,-3.4014988,01395 226540,29
76f3c109-6e02-3112-ba9b-58b083f768fa,HARRIS MEMORIAL SURGERY,HARRIS MEMORIAL SURGERY,CAMELFORD,SW,TR16 4RX,50.246646,-5.2670975,01209 842449,114
cc392b48-3937-327a-8ae5-17d2afc0e23d,MANNAMEAD SURGERY,THE MANNAMEAD SURGERY,KINGSBRIDGE,SW,PL3 5HE,50.389298,-4.1298394,01752 223652,242
2f9080c2-00eb-30c7-8335-24731f30d1a3,LAUN & TVN PCN HUB,LAUNCESTON MEDICAL CENTRE,HELSTON,SW,PL15 9HH,50.627705,-4.3599804,01566 772131,50
546e9b45-c8a2-3536-a927-cbdc581dd0b6,HEALTHCARE CHANNINGS WOOD,DENBURY,NEWTON ABBOT,SW,TQ12 6DW,50.510492,-3.6518204,,1
0f958321-bbcf-330b-a337-aff47478abf2,THE ARMADA FAMILY PRACTICE,THE ARMADA FAMILY PRACT,WHITCHURCH,SW,BS14 0SU,51.413689,-2.5720365,01275 547011,172
e6b62714-cdce-3bb9-a1db-7b47b02945b3,WELLS SOCIAL DISPATCH POINT,FIRE STATION,WELLS,SW,BA5 2EF,51.206638,-2.6598634,,3
f1b37c21-88a4-3018-affa-7f074bf0ed97,BRACKEN HOUSE (PSYCHOLOGICAL THERAPIES),CHRISTCHURCH ROAD,BOURNEMOUTH,SW,BH1 3JP,50.721813,-1.8642212,,3
65c46d17-94c8-3d4a-b746-2a8a13815edd,EMERSONS GREEN MEDICAL CENTRE,ST LUKES CLOSE,BATH,SW,BS16 7AL,51.492728,-2.4769942,0117 9576000,32
05cfe5e8-0f49-37c1-82a9-b2132adcc4ab,MENDIP VALE MEDICAL PRACTICE,LANGFORD SURGERY,BRISTOL,SW,BS40 5EL,51.341574,-2.7848224,01934 839820,53
f9ab7abd-0134-396d-8e26-a8349b5bd62f,WOODLANDS,UNIT A,BRIDGWATER,SW,TA6 4FJ,51.155283,-2.9858737,,3
c1f5c1c1-7fe8-31c6-9d49-9132ed1ce589,RESIDENCES - BELGRAVE,2 BELGRAVE ROAD,PLYMOUTH,SW,PL4 7DP,50.383116,-4.1324883,,3
92c53fd0-c823-3eee-a0cc-88cd1923bf4e,WINFIELD MEDICAL CENTRE,TEWKESBURY ROAD,GLOUCESTER,SW,GL2 9WH,51.880564,-2.242228,,3
a5bac332-9512-3eb5-b714-1996417f68ea,SALTASH ROAD SURGERY,218 SALTASH ROAD,PLYMOUTH,SW,PL2 2BB,50.390577,-4.1807286,,59
f9ee2b4c-7119-31bd-97cf-3b50937341e3,WALK IN CENTRE (WIC),NEW SWINDON NHS HLTH CTR,GLOUCESTER,SW,SN1 2NG,51.563006,-1.7849457,07722 362180,46
96bdc1a8-1558-3fec-bba8-d963b59d1aad,RICHMOND HOUSE SURGERY,RICHMOND HOUSE SURGERY,PLYMOUTH,SW,TQ14 8AF,50.545487,-3.4968537,01626 773339,233
d66ac3a7-1d58-360a-9604-0c09e3483b3f,TROWBRIDGE HEALTH CENTRE,TROWBRIDGE HEALTH CENTRE,TROWBRIDGE,SW,BA14 8LW,51.32537,-2.2082179,01225 435757,36
a65b5132-eb20-3fbb-9883-2fc051831685,STREAMSIDE SURGERY,THORNBURY HEALTH CENTRE,BRISTOL,SW,BS35 1DP,51.612888,-2.5177087,01454 412167,35
07970cd4-ad21-3093-94cd-b0ce6069144e,FAIRFORD HOSPITAL,THE CROFT,FAIRFORD,SW,GL7 4BB,51.707871,-1.7786741,,58
81b2401f-391c-320e-be3d-b0beda94e311,TIVERTON HOSPITAL,TIVERTON & DISTRICT HOSPITAL,TIVERTON,SW,EX16 6NT,50.909477,-3.4929547,,3
4ce7555e-e57e-35a6-bc0d-2d5fd9ee509e,DORSET FORENSIC TEAM,ST. ANNS HOSPITAL,POOLE,SW,BH13 7LN,50.698623,-1.9279197,,3
38aeaa39-6ef2-3d45-bb4e-c49282aeeb28,OKEHAMPTON MEDICAL CENTRE,OKEHAMPTON MEDICAL CENTRE,MODBURY  IVYBRIDGE,SW,EX20 1AY,50.738804,-3.9975936,01837 52233,42
23c94a6b-a4ae-3198-b0b5-e26b57f0f1cb,CMHS CUMBERLAND,1ST FLR CUMBERLAND CENTRE,BATH,SW,PL1 4JZ,50.369816,-4.1688071,01752 435589,69
d3b6e302-cb7a-30cd-9622-da9aff20f48f,TAW HILL MEDICAL PRACTICE,TAW HILL MEDICAL PRACTICE,SWINDON,SW,SN25 1UH,51.594425,-1.8246987,01793 709500,31
a0baae0d-ea5c-35f9-898a-1ae72a01047c,MENDIP OLDER PERSONS TEAM,ENOS WAY,FROME,SW,BA11 2FH,51.237156,-2.3112808,,6
4968688f-db62-3ebd-a51c-a7111a7e1eaa,PYRLAND,WELLSPRINGS HOSPITAL SITE,TAUNTON,SW,TA2 7AU,51.03245,-3.1014327,,3
85588d1d-a732-3298-abfd-7e0706e20355,NORTH SEDGEMOOR CLINICAL HUB,BERROW MEDICAL CENTRE,STROUD,SW,TA8 2JU,51.259235,-2.9984435,01278 795445,33
47b53c94-c177-3bc3-b165-6415c2278b4e,NURSE PRESCRIBER BRADWORTHY,THE SQUARE,HOLSWORTHY,SW,EX22 7SY,50.901686,-4.3855325,,3
63fcc613-0a31-3a88-8ded-fe597b31aaa5,NUMBER 18 SURGERY,NUMBER 18 SURGERY,BATH,SW,BA2 3JZ,51.375924,-2.3708545,01225 427402,69
015dfdb6-88f2-3bf4-a247-6600a670b7d9,BLACKDOWN PRACTICE,THE BLACKDOWN PRACTICE,TOTNES,SW,EX15 3SF,50.913147,-3.2291263,01823 680206,171
78680a63-42f1-31c4-af2a-99a89362b9db,PRESCRIBER 232,KINGSWOOD HUB,BRISTOL,SW,BS15 4DA,51.4626,-2.4999413,,26
d8433d12-8123-3b6c-be8d-ad537d4ba005,CHILDREN'S HOSPICE SOUTH WEST,LITTLE BRIDGE HOUSE,GLOUCESTER,SW,EX31 2PZ,51.069796,-4.1168733,01271 325270,98
59e1d897-d368-31f9-87c6-a032458db966,PEMBROKE HOUSE SURGERY,PEMBROKE HOUSE,PAIGNTON,SW,TQ3 2EZ,50.445536,-3.5602325,,3
0cf6180a-e9a0-3685-95c2-785118a9ac69,HCRG CARE GROUP CHILDREN'S HEALTH,1ST FLOOR  TECHNOLOGY HSE,BRISTOL,SW,SP4 6AT,51.127827,-1.7861987,0300 2470090,128
bda73cb4-3bc9-3c4b-8be9-4e4794e59dbd,BCH COMMUNITY RESPIRATORY TEAM,NEW FRIENDS HALL,TORPOINT,SW,BS16 1EQ,51.479731,-2.5667715,0117 9617159,37
28a7d8ea-b07d-3503-b619-3d8f7f6c7ad8,EXETER MOBILITY CENTRE,WONFORD ROAD,EXETER,SW,EX2 4DU,50.715469,-3.5123772,,3
b71101ea-d9a7-3c8d-b760-3f37fc7a7832,WE ARE WITH YOU - NORTH SOMERSET,WE ARE WITH YOU,TORQUAY,SW,BS23 1PE,51.35059,-2.9743081,01934 427940,70
d256454d-d109-3c1e-af6d-de7c7acafb01,WE ARE WITH YOU CORNWALL CENTRAL,WESTERN HOUSE,BRISTOL,SW,TR1 2EJ,50.261537,-5.0514734,01872 263001,36
6b09284c-51d8-3139-b837-552e1f0fc02f,WINFIELD HOSPITAL,RAMSEY HEALTHCARE,GLOUCESTER,SW,GL2 9WH,51.880564,-2.242228,,3
d152923f-e387-3482-ae86-bd5d969e979f,ST LUKES HOSPICE,STAMFORD LANE,TREWALDER,SW,PL9 9XA,50.355822,-4.1204675,01752 401172,477
4ce4a69f-14f1-38f9-b71e-72429c0f4ee4,ARENA,43 RODNEY ROAD,CHELTENHAM,SW,GL50 1HX,51.898871,-2.0748729,,3
7e5d102a-c753-3e70-86dc-8155a6fb4a4b,ST MELOR HOUSE SURGERY,ST MELOR HOUSE SURGERY,AMESBURY,SW,SP4 7LT,51.171099,-1.7775599,01980 622474,62
40eea153-95a9-3b14-aaa5-d459f310d928,RUH URGENT CARE CENTRE,COMBE PARK,CHELTENHAM,SW,BA1 3NG,51.392764,-2.3905661,01225 428331,63
cb160dcc-a5f5-3fd6-8e0a-e47358fe04ab,THE QUARTER JACK SURGERY,QUARTERJACK SURGERY,WIMBORNE,SW,BH21 1AP,50.79813,-1.9827366,01202 848262,67
9741f46f-0aa3-3c63-9d01-3cde5f6e41ec,HONITON SURGERY,HONITON SURGERY,FALMOUTH,SW,EX14 2NY,50.794578,-3.1880434,01404 548544,118
0d408b7d-1585-3090-a3ca-085d9020176b,WELLINGTON MEDICAL CENTRE,MANTLE STREET,CHEDDAR,SW,TA21 8BD,50.975622,-3.2330971,01823 663551,54
04df0400-6573-32a8-9da8-60c56f2fca0d,BROADMEAD WALK-IN CENTRE,BOOTS THE CHEMISTS,PLYMOUTH,SW,BS1 3EA,51.457392,-2.5894801,0117 9549828,93
9a5ac381-5470-3123-8e63-4ff6f682696c,ERNSETTLE SURGERY,ERNESETTLE GREEN,PLYMOUTH,SW,PL5 2ST,50.420509,-4.1769368,,12
f548a8ab-612f-3e38-9a9b-8d5522800de0,CHIPPING SURGERY,THE CHIPPING SURGERY,KINGSWAY,SW,GL12 7BD,51.636065,-2.3538429,01453 842214,57
2427bd2c-2559-39ae-bec5-478c34e306ad,CHANNEL VIEW MEDICAL GROUP,CHANNEL VIEW SURGERY,TORQUAY,SW,TQ14 8AY,50.546135,-3.4940231,01626 774656,117
7d306b6e-d3c2-39cf-ba74-09324c1b3359,CHELTENHAM (NUFFIELD),CHELTENHAM HOSPITAL,CHELTENHAM,SW,GL51 6SY,51.891864,-2.1297598,,3
19239749-8e9a-3d20-bb67-2c91dbe97a4c,WELLS ROAD SURGERY,233 WELLS ROAD,BRISTOL,SW,BS4 2DF,51.438637,-2.5727223,0117 9770018,122
5a979e82-2c64-3f10-952f-62b567bfdfad,HOLSWORTHY AMBULANCE STATION,WELL PARK,HOLSWORTHY,SW,EX22 6DH,50.812297,-4.3530499,,13
