START,STOP,PATIENT,ENCOUNTER,CODE,DESCRIPTION,REASONCODE,REASONDESCRIPTION
1974-10-28T11:25:16Z,1974-10-28T11:40:16Z,506ec161-70cb-ad0a-fd0e-ddb5f2831b69,b1d63ca5-3d42-bd70-f33b-350dce22d99c,183856001,Referral to hypertension clinic,,
2006-12-17T23:43:35Z,2006-12-17T23:58:35Z,dce4d4c0-fb7e-0e22-3ac4-f224de053fcb,ef3c0e28-4f53-7fbd-a398-0e718e342873,183856001,Referral to hypertension clinic,,
2008-07-02T17:02:43Z,2008-07-02T17:17:43Z,65a94bae-f262-8e1b-4a20-071a31b0dfea,bc446f12-76fc-e777-727f-410f4ee8235d,183856001,Referral to hypertension clinic,,
2009-05-04T13:44:23Z,2009-05-04T13:59:23Z,7398fe5f-f7da-216a-68f4-09a15d576658,4c794ff5-cae2-745c-e487-b3d94c7e7e31,183856001,Referral to hypertension clinic,,
2010-01-17T06:28:56Z,2010-01-17T06:43:56Z,5c9d4325-d9bb-f2c2-0ca1-6e0f8572fa2e,dd9d8465-87c9-922f-0423-4ecff2a68eee,183856001,Referral to hypertension clinic,,
2006-01-15T03:58:00Z,2006-01-15T04:13:00Z,e39e708f-f9e7-66b8-1ae3-76339f6ee294,c005ca22-0e81-a319-7a7c-c62b873103c4,183856001,Referral to hypertension clinic,,
1987-09-02T03:51:39Z,1987-09-02T04:06:39Z,2aa34a7e-63ea-89f0-7eb1-50befd95cd2c,b2f9a4fa-4e3e-78f5-c7dc-bbcdc0b723f0,183856001,Referral to hypertension clinic,,
1998-05-09T19:14:48Z,1998-05-09T19:29:48Z,3f4cbc9c-a1cf-2399-8c0d-02928a4f0dd9,fb998ff0-4216-c8bd-5dd4-1b72cbda41bd,183856001,Referral to hypertension clinic,,
2011-07-09T19:12:03Z,2011-07-09T19:27:03Z,3af78d6c-23a1-2f4d-6dc7-393e2b74f0fe,4d493807-5baf-7b75-d953-8fa1049b4705,183856001,Referral to hypertension clinic,,
2022-09-11T14:27:31Z,2022-09-11T14:42:31Z,c2c5da06-b67c-bbf2-776e-99dfe475314e,a142c00b-63bc-505a-eb95-4126c4d94e59,183856001,Referral to hypertension clinic,,
2012-10-18T15:00:23Z,2012-10-18T15:15:23Z,f2c98051-54ae-d0c3-b682-51bbbfa4fd99,af1fd191-caf9-251a-0e5d-1a0847540709,183856001,Referral to hypertension clinic,,
1993-06-24T19:22:33Z,1993-06-24T19:37:33Z,0821e9ae-3557-1e62-a64d-4d91b374993d,3ed1d12e-9d64-6b90-e16e-b0d99c461af3,183856001,Referral to hypertension clinic,,
2006-10-31T19:33:21Z,2006-10-31T19:48:21Z,03b8643a-bd8e-21a8-87f5-a0fd2cba7916,7056188d-8148-0cca-0d47-dea08889e1ad,183856001,Referral to hypertension clinic,,
2021-03-18T15:30:38Z,2021-03-18T15:45:38Z,bc0e4f74-c97f-4316-76fa-352072aca9b4,fdf13b70-88e5-4fc2-f8ee-c6dfacf8363f,183856001,Referral to hypertension clinic,,
2017-03-03T20:34:31Z,2017-03-03T20:49:31Z,8ff45fe8-8b99-c1dd-d864-3ec4f61ec4aa,5f4518fb-5356-620b-c2f6-dcf8ffd3b83b,183856001,Referral to hypertension clinic,,
2005-05-26T15:41:59Z,2005-05-26T15:56:59Z,e6ca080d-e413-89e9-d832-7aa888834465,53e343da-e3fe-1105-fdbe-946b7f081d97,183856001,Referral to hypertension clinic,,
2015-01-28T11:15:02Z,2015-01-28T11:30:02Z,d1150ffd-8f31-fa1d-ddc7-e9fa261331c6,e4a7baf3-d6bb-6981-1df1-ba1f75835f95,183856001,Referral to hypertension clinic,,
2019-11-03T06:26:52Z,2019-11-03T06:41:52Z,1316e4ef-28dd-10f8-0d24-dbd8ce210ea8,ba94b5cc-8b4e-ee63-e9bf-893f802ee1e5,183856001,Referral to hypertension clinic,,
2024-10-15T21:02:57Z,2024-10-15T21:17:57Z,df96a8b3-6308-9fe7-c871-541db59aaaf1,6e99ba5f-233c-4757-a6bd-3712d5a5fab3,183856001,Referral to hypertension clinic,,
2011-06-15T01:36:19Z,2011-06-15T01:51:19Z,c8e711e9-c811-ae6d-4cd9-395b73669624,4f0114b7-df1e-557d-5a5d-a940e16b96ed,183856001,Referral to hypertension clinic,,
2017-05-06T21:10:47Z,2017-05-06T21:25:47Z,3694356c-4063-ba99-0bc6-784082860ef6,73cf8ae4-e1ff-7ac1-05cd-d58c6acc1795,183856001,Referral to hypertension clinic,,
1986-10-12T21:56:02Z,1986-10-12T22:11:02Z,d4dd6a32-330f-14cc-b3e3-f61beb632e17,c3ce9190-031b-e08f-5a15-04e34f897b0e,183856001,Referral to hypertension clinic,,
1996-10-03T18:14:57Z,1996-10-03T18:29:57Z,dabdb7a6-a730-35f7-2944-176a6995eef4,83cf222d-0d9b-49ab-f12e-b64d1026c89a,183856001,Referral to hypertension clinic,,
1998-07-13T15:10:06Z,1998-07-13T15:25:06Z,4ff0db81-d5cb-ac01-89b1-53b7d5bb7296,cd08f19c-dfe8-4346-d1ae-83d941b4a8f8,183856001,Referral to hypertension clinic,,
1972-05-20T12:30:14Z,1972-05-20T12:45:14Z,46753d32-5248-03af-88b0-15fce74dce31,7220ebcf-ae0a-5139-cbca-fb555cb0e32f,183856001,Referral to hypertension clinic,,
1995-04-09T11:36:25Z,1995-04-09T11:51:25Z,a1060122-3db2-5f97-7669-88cf7c961907,4d6149c7-e628-2119-2f8e-789e36f57f07,183856001,Referral to hypertension clinic,,
2008-03-18T04:42:23Z,2008-03-18T04:57:23Z,412f417a-cbe9-3b16-38f3-0d951f35c906,6400a928-f798-5941-49b7-db5c277ad518,183856001,Referral to hypertension clinic,,
2004-07-21T22:07:42Z,2004-07-21T22:22:42Z,a25dd6f5-4b76-edea-9109-6e1248c366e0,f0d849e3-bd7e-905a-ad89-0f20dcc36fb4,183856001,Referral to hypertension clinic,,
2019-06-04T14:00:00Z,2019-06-04T14:15:00Z,2037ce6e-4f8f-4ecc-2b72-e80b12158e2f,423c5853-b798-530e-b0da-8aa01be1d06b,183856001,Referral to hypertension clinic,,
1990-07-05T22:07:14Z,1990-07-05T22:22:14Z,de4f47dd-df35-5324-d478-c1b76847d9a6,2d7dba24-48a8-80b8-f9e5-c0a7d65b547e,183856001,Referral to hypertension clinic,,
2015-06-30T15:27:55Z,2015-06-30T15:42:55Z,6667f3fa-20f3-96ce-efc9-1c2d6022a19e,1897d747-10cd-349d-30c9-07cbb5e4f2b4,183856001,Referral to hypertension clinic,,
1988-01-10T21:07:26Z,1988-01-10T21:22:26Z,b46369af-b2ca-3015-e004-e4e76af03ffa,bc0bbf00-2043-54eb-aaef-fcad9175f542,183856001,Referral to hypertension clinic,,
1967-02-01T00:32:52Z,1967-02-01T00:47:52Z,a0e3a7c5-eeb7-4859-d751-f89028d19ad9,ed169f7c-a3f2-b363-296e-7334cb3b8b99,183856001,Referral to hypertension clinic,,
2020-04-15T06:46:34Z,2020-04-15T07:01:34Z,018a9db5-7a6b-8d4a-d1b3-04cb499ae277,9cc085e5-46b6-93e1-5e0a-400f4b8b7599,183856001,Referral to hypertension clinic,,
1998-05-22T10:51:26Z,1998-05-22T11:06:26Z,f4fb8265-ec5f-a864-3f3b-f407c9569e64,bc3d1298-43d7-f03b-9c4d-3b41c287609b,183856001,Referral to hypertension clinic,,
1994-05-07T20:31:30Z,1994-05-07T20:46:30Z,bcba5e2b-798e-ad36-06f3-96237126d139,fd5c8593-a9f8-e19a-9ca1-cfe2f5ff2669,183856001,Referral to hypertension clinic,,
1974-08-03T21:37:06Z,1974-08-03T21:52:06Z,eb32ee4d-fe2b-17f1-6728-0383e80962cf,fe40e873-e7ce-8561-69c8-4af1e94c20b2,183856001,Referral to hypertension clinic,,
2009-06-23T12:34:46Z,2009-06-23T12:49:46Z,dc883076-2011-12e9-2ab7-cc432058f90e,c86c6781-7fb2-fefd-310b-345dc381c566,183856001,Referral to hypertension clinic,,
2024-07-14T02:13:08Z,2024-07-14T02:28:08Z,77936f34-70b7-2653-2ef8-33f6e1b78969,613741ae-71b4-f94a-f82a-658f1a4fafe9,183856001,Referral to hypertension clinic,,
2012-04-18T16:17:21Z,2012-04-18T16:32:21Z,57fc5606-47a3-16fc-43e2-1db2bddd4c86,ccbf9c49-943d-32da-371f-4e9933f90759,183856001,Referral to hypertension clinic,,
2012-07-06T17:25:01Z,2012-07-06T17:40:01Z,d75eb92a-8afb-1138-c962-7fb60fd929eb,84443456-d6fb-b13e-eec8-cfd5ba4d0bec,183856001,Referral to hypertension clinic,,
2024-03-12T23:20:41Z,2024-03-12T23:35:41Z,3c932032-64aa-a7f9-6731-d767438288b5,d894676b-2894-7fab-df25-f6ec49c4fa1a,183856001,Referral to hypertension clinic,,
2021-01-25T19:20:48Z,2021-01-25T19:35:48Z,cc42aaad-9cf1-96cb-c269-0d3f4ceeda62,ff784b78-a50c-6dc0-786e-749c944cd8c0,183856001,Referral to hypertension clinic,,
2023-07-12T16:11:14Z,2023-07-12T16:26:14Z,ea93e985-033f-1b99-6bfc-ed3150314878,8a888973-0833-dbbc-ca2a-a175674fa78c,183856001,Referral to hypertension clinic,,
1987-07-11T09:43:56Z,1987-07-11T09:58:56Z,b18e669a-28b8-2d19-7569-4934a15fd45a,dfa7aa03-36aa-f9e6-fb75-535681d0b1bc,183856001,Referral to hypertension clinic,,
1992-12-24T23:01:47Z,1992-12-24T23:16:47Z,83633781-de10-8668-8c2d-b6bfeca47dcd,035a1752-4f53-678e-5323-51dec9cd6136,183856001,Referral to hypertension clinic,,
1976-08-25T12:13:18Z,1976-08-25T12:28:18Z,295bef78-5a32-46f4-9e15-ee0ecc572151,15fe79fe-fa0b-af65-2186-b6afb31e462e,183856001,Referral to hypertension clinic,,
2014-10-05T03:45:54Z,2014-10-05T04:00:54Z,8b142f4f-7dab-34e4-65f1-a2bac8e575ab,0ef9f5c2-2c25-8d9e-e96f-556965336cf0,183856001,Referral to hypertension clinic,,
2012-01-21T04:59:44Z,2012-01-21T05:14:44Z,5cf7ccd4-b758-c726-f019-24de1dc8d01d,de950c3a-9543-5642-48ff-6f642a6c48eb,183856001,Referral to hypertension clinic,,
2013-10-05T22:33:49Z,2013-10-05T22:48:49Z,e8b48279-c7ad-5d2d-a889-4aac549b462f,a44f38e7-404e-f735-0bac-57d1dd3a5f6a,183856001,Referral to hypertension clinic,,
2001-10-25T23:02:38Z,2001-10-25T23:17:38Z,d62b0b50-1a3d-fd17-7196-97f5ff88f2fd,0cd44920-8b69-449e-3793-a4b4b65350d2,183856001,Referral to hypertension clinic,,
2006-04-29T20:39:58Z,2006-04-29T20:54:58Z,f5cf2f97-5890-7e27-1376-e7e534ac2e1c,9eb7a638-cca7-4bb4-b2e1-1bb722bbf23d,183856001,Referral to hypertension clinic,,
2007-04-28T17:48:03Z,2007-04-28T18:03:03Z,b91c26c8-0316-add9-a0a2-1f97686250f9,884ffdd1-b48b-e5ad-7c2a-5511b721f966,183856001,Referral to hypertension clinic,,
2012-03-20T10:21:27Z,2012-03-20T10:36:27Z,5ec04c5c-7fce-10d3-3546-4daa28e00a56,8f37be20-8af6-433e-7e55-e7739ddcc044,183856001,Referral to hypertension clinic,,
1987-05-09T04:40:26Z,1987-05-09T04:55:26Z,f774f886-3943-3073-23a7-a399ced62165,9b4c8478-7396-4ebd-be97-9b993a669fb9,183856001,Referral to hypertension clinic,,
1984-11-28T00:41:03Z,1984-11-28T00:56:03Z,0aaf765b-885c-4411-6981-c4c6129e500f,f959f69b-cca2-139a-c7cb-897922fb4fb3,183856001,Referral to hypertension clinic,,
1988-12-13T07:41:30Z,1988-12-13T07:56:30Z,46271264-4991-4171-c36d-f19b5f002bca,8f15ad71-a690-8392-29db-3fe9420f1ddb,183856001,Referral to hypertension clinic,,
2001-08-30T10:56:40Z,2001-08-30T11:11:40Z,306a4ea4-0aee-5f7d-6358-4d19654aea71,26a75978-d078-8de2-63f0-8f525821d398,183856001,Referral to hypertension clinic,,
1980-11-28T21:42:38Z,1980-11-28T21:57:38Z,d21b6dbd-abb9-dd07-d93d-be00aa1ba2e3,81c91e08-e116-d28c-caee-2254c7613e46,183856001,Referral to hypertension clinic,,
1997-09-04T14:41:12Z,1997-09-04T14:56:12Z,1d90a3e5-95ab-b48d-057d-7ff826217707,8c3b8b69-7a8c-3b8f-3cfd-d67a24a95cf3,183856001,Referral to hypertension clinic,,
2011-10-01T08:48:50Z,2011-10-01T09:03:50Z,f9860bf1-f1c3-ad2f-5952-187b9c354d7f,b22ea5ce-f75f-5aa0-8318-23578e43e91e,183856001,Referral to hypertension clinic,,
1984-09-10T22:14:56Z,1984-09-10T22:29:56Z,ffc66f33-e936-8d9f-5771-04d381b34caf,4db55228-3a6e-3619-bc30-1190ec538263,183856001,Referral to hypertension clinic,,
2000-11-04T02:19:31Z,2000-11-04T02:34:31Z,ab9bed6e-2db7-3d9e-e333-74a513186615,0d25622f-220f-0138-2521-6f680a9ec3f6,183856001,Referral to hypertension clinic,,
1980-06-12T13:17:40Z,1980-06-12T13:32:40Z,9b1e74b4-400d-8df8-9461-29280344ef21,528f55b8-6723-106f-3eaa-19bf0310b831,183856001,Referral to hypertension clinic,,
1987-03-28T10:33:56Z,1987-03-28T10:48:56Z,e2d96fac-4b97-240c-84ca-2a5d557e7835,93df4917-af73-bc2e-4562-c8b884593d14,183856001,Referral to hypertension clinic,,
2017-07-24T04:48:23Z,2017-07-24T05:03:23Z,01fcec9e-21ad-c71e-b152-c36b8813e781,0e2de353-0e62-515e-718a-c361fbe8a0cc,183856001,Referral to hypertension clinic,,
