hispanic_mother,baby_sex,lmp_gestational_age,weight,sum,100,200,300,400,500,600,700,800,900,1000,1100,1200,1300,1400,1500,1600,1700,1800,1900,2000,2100,2200,2300,2400,2500,2600,2700,2800,2900,3000,3100,3200,3300,3400,3500,3600,3700,3800,3900,4000,4100,4200,4300,4400,4500,4600,4700,4800,4900,5000,5100,5200,5300,5400,5500,5600,5700,5800,5900,6000,6100,6200,6300,6400,6500,6600,6700,6800,6900,7000,7100,7200,7300,7400,7500,7600,7700,7800,7900,8000,8100,8200
true,F,17,31,31,0,3,2,3,1,1,1,2,1,0,0,0,0,0,0,0,0,0,0,0,0,0,0,0,0,0,0,0,0,0,0,0,0,0,0,0,0,0,0,0,0,0,0,0,0,0,0,0,0,0,0,0,0,0,0,0,0,0,0,0,0,0,0,0,0,0,0,0,0,0,0,0,0,0,0,0,0,0,0,0,0,17
true,F,18,31,62,0,4,4,2,0,2,0,0,1,0,0,0,0,0,0,0,0,0,0,0,0,0,0,0,0,0,0,0,0,0,0,0,0,0,0,0,0,0,0,0,0,0,0,0,0,0,0,0,0,0,0,0,0,0,0,0,0,0,0,0,0,0,0,0,0,0,0,0,0,0,0,0,0,0,0,0,0,0,0,0,0,18
true,F,19,50,112,0,23,11,2,4,2,0,0,1,0,0,0,0,0,0,0,0,0,0,0,0,0,0,0,0,0,0,0,0,0,0,0,0,0,0,0,0,0,0,0,0,0,0,0,0,0,0,0,0,0,0,0,0,0,0,0,0,0,0,0,0,0,0,0,0,0,0,0,0,0,0,0,0,0,0,0,0,0,0,0,0,7
true,F,20,100,212,0,36,37,10,1,2,1,2,1,1,0,0,1,0,1,0,1,0,0,0,0,0,0,0,0,0,0,0,0,0,0,0,0,0,0,0,0,0,0,0,0,0,0,0,0,0,0,0,0,0,0,0,0,0,0,0,0,0,0,0,0,0,0,0,0,0,0,0,0,0,0,0,0,0,0,0,0,0,0,0,0,6
true,F,21,149,361,0,17,59,39,11,4,2,4,2,1,1,0,2,0,1,0,0,0,0,0,0,0,0,0,0,0,0,0,0,0,0,0,0,0,0,0,0,0,0,0,0,0,0,0,0,0,0,0,0,0,0,0,0,0,0,0,0,0,0,0,0,0,0,0,0,0,0,0,0,0,0,0,0,0,0,0,0,0,0,0,0,6
true,F,22,189,550,0,3,25,79,40,16,4,5,3,4,3,1,0,0,1,0,0,2,0,0,0,0,0,0,0,0,0,0,0,0,0,0,0,0,0,0,0,0,0,0,0,0,0,0,0,0,0,0,0,0,0,0,0,0,0,0,0,0,0,0,0,0,0,0,0,0,0,0,0,0,0,0,0,0,0,0,0,0,0,0,0,3
true,F,23,273,823,0,4,17,50,111,55,20,4,1,4,1,2,0,0,1,1,0,0,1,0,0,0,0,0,0,0,0,0,0,0,0,0,0,0,0,0,0,0,0,0,0,0,0,0,0,0,0,0,0,0,0,0,0,0,0,0,0,0,0,0,0,0,0,0,0,0,0,0,0,0,0,0,0,0,0,0,0,0,0,0,0,1
true,F,24,410,1233,0,3,7,35,84,121,76,20,15,2,1,3,1,3,1,2,1,1,1,2,0,5,2,4,3,5,2,5,3,0,0,0,0,0,0,0,0,0,0,0,0,0,0,0,0,0,0,0,0,0,0,0,0,0,0,0,0,0,0,0,0,0,0,0,0,0,0,0,0,0,0,0,0,0,0,0,0,0,0,0,0,2
true,F,25,408,1641,0,1,5,18,49,72,106,66,34,11,5,6,4,0,0,1,0,1,0,3,0,1,1,1,3,7,3,5,5,0,0,0,0,0,0,0,0,0,0,0,0,0,0,0,0,0,0,0,0,0,0,0,0,0,0,0,0,0,0,0,0,0,0,0,0,0,0,0,0,0,0,0,0,0,0,0,0,0,0,0,0,0
true,F,26,516,2157,0,1,8,23,28,59,76,98,88,43,13,5,2,4,5,4,2,1,1,5,1,5,1,5,6,7,4,11,8,0,0,0,0,0,0,0,0,0,0,0,0,0,0,0,0,0,0,0,0,0,0,0,0,0,0,0,0,0,0,0,0,0,0,0,0,0,0,0,0,0,0,0,0,0,0,0,0,0,0,0,0,2
true,F,27,510,2667,0,1,3,10,16,35,45,61,88,70,48,27,17,8,4,2,1,3,1,5,4,4,5,3,9,11,7,11,9,0,0,0,0,0,0,0,0,0,0,0,0,0,0,0,0,0,0,0,0,0,0,0,0,0,0,0,0,0,0,0,0,0,0,0,0,0,0,0,0,0,0,0,0,0,0,0,0,0,0,0,0,2
true,F,28,813,3480,0,1,0,8,19,14,48,48,69,83,107,71,51,27,21,12,9,8,5,12,5,12,4,9,9,14,6,15,25,11,15,13,8,18,10,13,7,1,3,0,0,0,0,0,0,0,0,0,0,0,0,0,0,0,0,0,0,0,0,0,0,0,0,0,0,0,0,0,0,0,0,0,0,0,0,0,0,0,0,0,0,2
true,F,29,912,4392,0,0,1,7,5,14,23,43,47,67,85,97,80,78,38,19,12,15,10,7,14,11,8,7,3,17,18,21,27,24,22,22,18,17,11,10,4,3,4,0,0,0,0,0,0,0,0,0,0,0,0,0,0,0,0,0,0,0,0,0,0,0,0,0,0,0,0,0,0,0,0,0,0,0,0,0,0,0,0,0,0,3
true,F,30,1277,5669,0,1,3,1,7,10,12,22,45,55,81,95,107,117,122,73,46,41,21,27,15,11,16,11,17,11,26,22,26,30,22,32,34,33,24,19,17,16,7,0,0,0,0,0,0,0,0,0,0,0,0,0,0,0,0,0,0,0,0,0,0,0,0,0,0,0,0,0,0,0,0,0,0,0,0,0,0,0,0,0,0,2
true,F,31,1727,7396,0,0,0,4,1,5,14,16,36,34,70,67,98,115,135,149,140,98,71,49,32,30,29,44,36,26,29,26,44,52,41,56,37,49,22,32,11,17,9,0,0,0,0,0,0,0,0,0,0,0,0,0,0,0,0,0,0,0,0,0,0,0,0,0,0,0,0,0,0,0,0,0,0,0,0,0,0,0,0,0,0,3
true,F,32,2379,9775,0,0,0,0,0,2,6,5,15,16,33,52,80,104,135,160,190,194,166,144,99,94,83,64,52,44,48,83,61,64,54,65,55,60,42,35,21,14,16,3,7,4,1,2,1,2,0,0,0,1,0,0,0,0,0,0,0,0,0,0,0,0,0,0,0,0,0,0,0,0,0,0,0,0,0,0,0,0,0,0,0,2
true,F,33,3548,13323,0,1,0,0,0,1,0,2,3,11,33,27,70,97,122,161,203,244,217,257,207,198,161,164,113,102,136,130,108,116,111,105,95,88,75,64,40,26,18,11,14,5,3,3,2,1,0,1,0,0,0,0,0,0,0,0,0,0,0,0,0,0,0,0,0,0,0,0,0,0,0,0,0,0,0,0,0,0,0,0,0,2
true,F,34,6417,19740,0,0,1,0,1,2,1,3,3,8,21,30,29,59,105,151,211,299,325,432,427,510,409,431,321,292,276,319,236,222,217,246,162,178,121,103,93,56,30,27,20,9,12,7,1,1,4,1,0,0,3,0,0,0,0,0,0,0,0,0,0,0,0,0,0,0,0,0,0,0,0,0,0,0,0,0,0,0,0,0,0,2
true,F,35,9936,29676,0,0,0,0,0,0,0,1,1,7,7,10,18,33,69,88,122,227,250,422,467,606,640,751,635,756,616,623,561,563,412,488,335,298,221,166,158,127,79,50,39,25,18,12,5,10,4,1,4,3,1,0,0,0,1,1,0,0,0,0,0,0,0,0,0,0,0,0,0,0,0,0,0,0,0,0,0,0,0,0,0,5
true,F,36,18576,48252,0,0,0,0,0,0,0,0,1,7,6,10,15,20,52,52,112,173,225,380,486,749,857,1206,1276,1545,1476,1588,1297,1347,1064,1059,782,706,475,465,336,239,169,94,88,63,48,31,17,22,9,6,6,0,3,1,2,2,0,0,0,0,1,0,0,0,0,0,0,0,0,0,0,0,0,0,0,0,0,0,0,0,0,0,0,8
true,F,37,40348,88600,0,0,0,0,0,0,3,0,1,4,5,5,9,9,18,35,79,123,183,349,495,862,1085,1700,1942,2767,2994,3585,3513,3720,3110,3157,2399,2102,1552,1254,999,641,502,300,242,157,134,93,72,41,21,21,11,9,16,0,4,3,0,2,1,0,0,1,1,1,1,0,1,0,0,0,0,0,0,0,0,0,0,0,0,0,0,0,0,14
true,F,38,74659,163259,0,0,0,0,0,0,0,0,1,3,2,7,5,8,16,17,38,61,109,201,308,571,810,1401,1932,3103,4016,5640,6081,7416,6812,7410,6074,5825,4253,3624,2714,1824,1432,872,645,419,336,195,138,97,75,48,34,19,17,15,2,3,6,4,0,1,1,0,0,0,2,0,0,0,0,0,0,1,0,0,0,0,0,0,0,0,0,0,0,15
true,F,39,138266,301525,0,0,0,0,0,0,1,3,1,7,9,8,11,15,8,9,30,45,64,124,174,345,562,1053,1687,3239,4638,7407,9028,12339,12629,15086,12998,13224,10253,9361,7304,4878,3907,2413,1875,1176,838,519,352,190,146,96,56,40,32,21,14,2,3,6,1,5,0,0,0,0,0,3,1,0,1,0,0,0,0,0,0,0,0,0,0,0,0,0,1,28
true,F,40,88946,390471,0,0,0,0,1,0,0,1,2,4,2,3,11,5,16,16,27,31,31,75,108,185,256,486,762,1473,2219,3676,4598,6900,7235,9261,8650,9156,7273,7070,5669,3972,3267,2133,1599,967,728,402,252,154,98,47,43,19,15,8,6,2,3,1,0,0,0,1,1,1,1,0,0,0,0,0,0,0,1,0,0,0,1,0,0,0,0,0,0,22
true,F,41,36283,426754,0,0,0,0,0,1,0,0,1,1,1,2,3,5,4,3,11,11,18,38,46,89,112,169,284,571,830,1299,1717,2485,2700,3496,3227,3676,3191,3060,2593,1798,1525,1025,811,505,369,202,154,94,58,30,19,12,6,5,6,2,1,1,0,0,2,1,0,0,0,0,2,0,0,0,0,0,0,0,0,0,0,0,0,0,0,0,0,11
true,F,42,10929,437683,0,0,0,0,0,0,1,0,0,2,1,0,1,6,8,6,1,3,11,14,22,27,67,100,124,218,371,459,557,799,901,1151,998,1085,850,795,699,429,374,249,214,120,106,45,52,19,22,3,5,3,4,2,0,1,1,0,0,0,0,0,0,0,0,0,0,0,0,0,0,0,0,0,0,0,0,0,0,0,0,0,0,3
true,F,43,5774,443457,0,0,0,0,0,0,0,0,0,1,0,0,2,0,1,2,5,3,0,9,8,23,32,54,78,135,167,250,334,517,462,595,541,570,411,400,329,218,222,136,82,61,34,34,18,11,10,9,4,1,1,0,1,0,0,0,1,0,0,1,0,0,0,0,0,0,0,0,0,0,0,0,0,0,0,0,0,0,0,0,0,1
true,F,44,3100,446557,0,0,0,0,0,0,0,0,0,1,0,1,1,3,2,6,4,2,2,8,12,13,27,28,35,67,83,146,165,238,254,315,278,323,246,206,166,132,110,77,52,40,15,13,12,4,7,1,2,0,1,0,0,0,0,0,0,0,0,0,0,0,0,0,0,0,0,0,0,0,0,0,0,0,0,0,0,0,0,0,0,2
true,F,45,1581,448138,0,0,0,0,0,0,0,0,0,3,0,0,1,1,0,1,1,2,2,6,6,6,10,11,21,32,45,76,79,118,120,157,133,146,133,119,92,96,50,40,22,22,10,2,7,1,4,1,2,2,0,0,1,0,0,0,0,0,0,0,0,0,0,0,0,0,0,0,0,0,0,0,0,0,0,0,0,0,0,0,0,0
true,F,46,890,449028,0,0,0,0,0,0,0,0,0,0,0,0,0,1,1,2,1,2,2,3,5,6,4,12,13,24,27,54,51,56,72,97,55,93,66,52,52,30,32,25,14,14,10,7,4,0,0,1,0,0,2,0,0,0,0,0,0,0,0,0,0,0,0,0,0,0,0,0,0,0,0,0,0,0,0,0,0,0,0,0,0,0
true,F,47,598,449626,0,0,0,0,0,0,0,0,0,0,0,0,0,1,0,1,2,0,2,0,3,10,6,11,3,20,13,43,30,48,45,51,59,50,51,26,27,22,28,15,11,5,5,4,2,1,0,1,0,1,0,0,1,0,0,0,0,0,0,0,0,0,0,0,0,0,0,0,0,0,0,0,0,0,0,0,0,0,0,0,0,0
true,M,17,30,30,0,1,1,2,1,4,1,1,0,0,0,0,0,0,0,0,0,0,0,0,0,0,0,0,0,0,0,0,0,0,0,0,0,0,0,0,0,0,0,0,0,0,0,0,0,0,0,0,0,0,0,0,0,0,0,0,0,0,0,0,0,0,0,0,0,0,0,0,0,0,0,0,0,0,0,0,0,0,0,0,0,19
true,M,18,37,67,0,17,1,1,2,1,0,1,1,0,0,0,0,0,0,0,0,0,0,0,0,0,0,0,0,0,0,0,0,0,0,0,0,0,0,0,0,0,0,0,0,0,0,0,0,0,0,0,0,0,0,0,0,0,0,0,0,0,0,0,0,0,0,0,0,0,0,0,0,0,0,0,0,0,0,0,0,0,0,0,0,13
true,M,19,86,153,0,28,24,5,0,0,3,1,0,0,0,0,0,0,0,0,0,0,0,0,0,0,0,0,0,0,0,0,0,0,0,0,0,0,0,0,0,0,0,0,0,0,0,0,0,0,0,0,0,0,0,0,0,0,0,0,0,0,0,0,0,0,0,0,0,0,0,0,0,0,0,0,0,0,0,0,0,0,0,0,0,25
true,M,20,148,301,0,30,66,20,6,6,3,1,1,2,2,1,1,1,1,0,0,0,1,0,0,0,0,0,0,0,0,0,0,0,0,0,0,0,0,0,0,0,0,0,0,0,0,0,0,0,0,0,0,0,0,0,0,0,0,0,0,0,0,0,0,0,0,0,0,0,0,0,0,0,0,0,0,0,0,0,0,0,0,0,0,6
true,M,21,167,468,0,8,50,55,21,7,4,3,2,1,1,0,1,0,2,0,1,1,0,0,0,0,0,0,0,0,0,0,0,0,0,0,0,0,0,0,0,0,0,0,0,0,0,0,0,0,0,0,0,0,0,0,0,0,0,0,0,0,0,0,0,0,0,0,0,0,0,0,0,0,0,0,0,0,0,0,0,0,0,0,0,10
true,M,22,216,684,0,1,19,64,87,22,3,6,2,2,1,1,1,3,0,0,0,0,0,0,0,0,0,0,0,0,0,0,0,0,0,0,0,0,0,0,0,0,0,0,0,0,0,0,0,0,0,0,0,0,0,0,0,0,0,0,0,0,0,0,0,0,0,0,0,0,0,0,0,0,0,0,0,0,0,0,0,0,0,0,0,4
true,M,23,341,1025,0,4,8,44,99,102,38,17,7,5,4,1,3,2,1,0,3,1,2,0,0,0,0,0,0,0,0,0,0,0,0,0,0,0,0,0,0,0,0,0,0,0,0,0,0,0,0,0,0,0,0,0,0,0,0,0,0,0,0,0,0,0,0,0,0,0,0,0,0,0,0,0,0,0,0,0,0,0,0,0,0,0
true,M,24,463,1488,0,2,9,22,60,98,144,52,10,8,4,5,3,1,1,2,1,2,5,5,4,0,2,3,2,2,4,5,6,0,0,0,0,0,0,0,0,0,0,0,0,0,0,0,0,0,0,0,0,0,0,0,0,0,0,0,0,0,0,0,0,0,0,0,0,0,0,0,0,0,0,0,0,0,0,0,0,0,0,0,0,1
true,M,25,438,1926,0,5,7,22,22,65,99,82,58,15,14,3,6,1,1,3,1,0,2,1,3,2,6,4,1,2,1,5,7,0,0,0,0,0,0,0,0,0,0,0,0,0,0,0,0,0,0,0,0,0,0,0,0,0,0,0,0,0,0,0,0,0,0,0,0,0,0,0,0,0,0,0,0,0,0,0,0,0,0,0,0,0
true,M,26,601,2527,0,2,1,18,30,40,67,81,112,72,60,23,8,7,5,2,7,2,5,5,3,5,8,2,8,7,10,5,4,0,0,0,0,0,0,0,0,0,0,0,0,0,0,0,0,0,0,0,0,0,0,0,0,0,0,0,0,0,0,0,0,0,0,0,0,0,0,0,0,0,0,0,0,0,0,0,0,0,0,0,0,2
true,M,27,616,3143,0,0,5,10,21,22,39,44,106,89,90,57,32,19,6,2,3,5,1,9,3,8,5,6,4,2,5,8,13,0,0,0,0,0,0,0,0,0,0,0,0,0,0,0,0,0,0,0,0,0,0,0,0,0,0,0,0,0,0,0,0,0,0,0,0,0,0,0,0,0,0,0,0,0,0,0,0,0,0,0,0,2
true,M,28,886,4029,0,1,1,5,9,17,24,37,62,83,108,115,74,46,34,15,15,8,11,11,6,3,5,10,14,9,12,25,11,14,12,20,13,15,8,15,6,4,7,0,0,0,0,0,0,0,0,0,0,0,0,0,0,0,0,0,0,0,0,0,0,0,0,0,0,0,0,0,0,0,0,0,0,0,0,0,0,0,0,0,0,1
true,M,29,1034,5063,0,0,0,4,10,9,23,25,36,49,85,103,114,92,72,46,29,14,15,11,9,10,8,17,9,16,19,25,17,24,16,27,18,19,19,17,13,9,5,0,0,0,0,0,0,0,0,0,0,0,0,0,0,0,0,0,0,0,0,0,0,0,0,0,0,0,0,0,0,0,0,0,0,0,0,0,0,0,0,0,0,0
true,M,30,1505,6568,0,0,0,3,2,7,16,21,25,41,64,73,129,132,149,101,118,68,31,31,29,20,18,31,14,26,23,26,21,28,38,44,32,31,32,28,22,17,11,0,0,0,0,0,0,0,0,0,0,0,0,0,0,0,0,0,0,0,0,0,0,0,0,0,0,0,0,0,0,0,0,0,0,0,0,0,0,0,0,0,0,3
true,M,31,2014,8582,0,1,1,1,5,7,5,11,20,30,47,75,66,107,156,172,170,146,107,108,59,56,36,39,37,36,33,45,37,44,53,60,62,46,36,35,24,23,18,0,0,0,0,0,0,0,0,0,0,0,0,0,0,0,0,0,0,0,0,0,0,0,0,0,0,0,0,0,0,0,0,0,0,0,0,0,0,0,0,0,0,0
true,M,32,2991,11573,0,0,0,2,0,2,0,5,12,19,36,55,76,95,162,173,206,264,216,206,162,136,107,93,52,80,72,76,67,83,74,81,79,68,49,61,36,24,20,11,8,4,5,6,4,2,0,0,0,0,0,1,0,0,0,0,0,0,0,0,0,0,0,0,0,0,0,0,0,0,0,0,0,0,0,0,0,0,0,0,0,1
true,M,33,4305,15878,0,0,0,1,0,0,0,3,2,21,26,41,62,60,129,117,192,256,272,363,297,313,277,220,154,148,120,133,120,134,115,134,117,111,82,74,68,40,24,21,12,15,8,4,4,1,2,3,2,1,1,0,1,0,0,0,0,0,0,0,0,0,0,0,0,0,0,0,0,0,0,0,0,0,0,0,0,0,0,0,0,4
true,M,34,7421,23299,0,0,0,0,0,0,0,0,3,9,18,15,25,44,99,114,186,251,330,449,474,567,529,542,450,410,308,326,305,280,273,250,212,220,166,165,126,83,58,36,33,18,14,9,9,5,5,1,0,1,2,1,0,0,0,0,0,0,0,0,0,0,0,0,0,0,0,0,0,0,0,0,0,0,0,0,0,0,0,0,0,0
true,M,35,11451,34750,0,1,1,0,0,0,0,1,0,6,10,8,14,18,46,85,106,175,212,349,394,578,613,814,837,861,821,825,717,647,469,539,420,418,332,303,196,159,129,107,77,56,31,24,12,15,6,5,5,0,2,2,0,0,0,0,0,0,0,0,0,0,0,0,0,0,0,0,0,0,0,0,0,0,0,0,0,0,0,0,0,5
true,M,36,21123,55873,0,0,0,0,0,0,0,1,0,4,12,6,16,15,27,49,88,148,179,299,381,652,787,1076,1242,1546,1590,1764,1635,1661,1384,1304,1123,1024,660,676,479,370,263,188,147,79,80,46,35,22,14,14,7,5,4,6,2,1,1,2,0,3,0,0,0,0,1,0,0,0,0,0,0,0,0,0,0,0,0,0,0,0,0,0,0,5
true,M,37,45932,101805,0,0,0,0,0,0,0,0,2,1,5,5,17,16,17,22,57,89,125,260,388,601,820,1385,1705,2446,2706,3572,3593,4335,3845,4029,3227,3028,2198,2106,1547,1039,837,516,416,265,215,116,121,75,49,28,33,16,12,10,4,2,2,0,2,2,4,0,0,0,1,0,0,0,0,0,0,0,0,0,0,0,0,1,0,0,0,0,0,19
true,M,38,82056,183861,0,0,0,0,0,0,1,1,1,7,3,2,5,8,15,22,41,47,62,157,209,392,584,1023,1426,2259,3023,4460,5224,6914,6916,8415,7263,7625,5762,5311,4349,2972,2351,1510,1167,752,591,356,259,158,120,65,55,36,37,25,24,7,8,5,3,3,1,1,1,0,0,0,0,0,0,1,0,1,0,0,0,0,1,0,0,0,0,0,0,19
true,M,39,139828,323689,0,0,0,1,0,0,0,2,1,9,12,6,20,13,9,20,27,36,54,95,130,255,361,677,1069,1908,2895,4795,6232,9097,10348,13460,12828,14460,11887,11979,10156,7102,6292,3988,3196,2025,1538,929,670,401,276,185,114,64,50,36,30,17,11,7,3,2,4,1,1,1,1,2,1,0,1,0,0,0,1,0,0,0,0,0,2,0,0,0,0,35
true,M,40,87091,410780,0,1,3,0,0,1,1,0,1,7,7,8,8,12,10,8,14,39,35,53,65,141,176,325,491,874,1319,2252,3056,4789,5565,7531,7560,8995,7744,8100,7181,5169,4662,3126,2592,1680,1236,795,542,305,234,133,83,44,32,24,17,7,5,1,2,1,0,1,1,2,0,0,0,1,0,0,0,0,0,0,0,0,0,0,0,0,0,0,0,24
true,M,41,35136,445916,0,0,0,0,0,0,1,1,0,1,3,5,3,4,6,8,7,12,13,25,35,79,77,135,197,337,520,806,1117,1704,2000,2770,2756,3486,3066,3340,2941,2267,2069,1510,1198,817,675,360,294,187,119,57,47,22,16,10,13,7,0,1,1,1,0,0,0,0,0,0,1,0,0,0,0,0,0,0,0,0,0,0,0,0,0,0,0,9
true,M,42,10496,456412,0,0,0,0,0,0,0,0,1,2,5,2,2,3,3,1,3,7,4,14,19,23,39,57,80,160,212,320,407,620,701,914,854,989,905,928,764,643,524,352,300,207,151,93,63,46,36,15,10,3,3,5,1,2,0,0,0,0,0,0,0,0,0,0,0,0,0,0,0,0,0,0,0,0,0,0,0,0,0,0,0,3
true,M,43,5591,462003,0,0,0,0,0,0,0,0,0,0,0,3,0,3,0,2,2,6,1,6,11,21,23,26,53,87,141,182,222,301,332,510,441,588,452,457,421,315,331,195,152,100,65,63,23,20,12,12,3,3,1,1,1,0,2,0,0,0,1,0,0,0,0,0,0,0,0,0,0,0,0,0,0,0,0,0,0,0,0,0,0,0
true,M,44,2982,464985,0,0,0,0,0,0,0,0,0,1,0,0,0,1,1,1,3,5,4,9,8,5,11,12,28,44,55,105,95,149,213,253,273,272,257,217,259,161,144,119,89,60,51,22,13,14,9,4,2,2,0,4,1,1,1,0,1,0,0,0,0,1,0,0,0,0,0,0,0,0,1,0,0,0,0,0,0,0,0,0,0,1
true,M,45,1630,466615,0,0,0,0,0,0,0,0,0,2,0,0,1,0,1,1,1,1,4,3,1,11,10,15,19,26,35,52,68,87,108,128,117,149,152,141,131,102,65,53,43,27,29,15,8,5,8,3,5,2,1,0,0,0,0,0,0,0,0,0,0,0,0,0,0,0,0,0,0,0,0,0,0,0,0,0,0,0,0,0,0,0
true,M,46,902,467517,0,0,0,0,0,0,0,0,0,0,1,0,1,1,0,1,3,2,0,5,4,3,4,7,16,21,12,46,27,61,49,90,73,68,72,79,66,53,39,25,25,15,12,7,10,2,1,1,0,0,0,0,0,0,0,0,0,0,0,0,0,0,0,0,0,0,0,0,0,0,0,0,0,0,0,0,0,0,0,0,0,0
true,M,47,627,468144,0,0,0,0,0,0,0,0,0,0,0,0,0,0,1,0,0,0,0,3,3,3,2,3,9,15,12,27,24,51,49,54,50,55,45,55,52,27,28,21,8,6,7,6,3,4,2,1,1,0,0,0,0,0,0,0,0,0,0,0,0,0,0,0,0,0,0,0,0,0,0,0,0,0,0,0,0,0,0,0,0,0
false,F,17,88,88,0,9,11,3,4,2,3,3,1,0,0,0,0,0,0,0,0,0,0,0,0,0,0,0,0,0,0,0,0,0,0,0,0,0,0,0,0,0,0,0,0,0,0,0,0,0,0,0,0,0,0,0,0,0,0,0,0,0,0,0,0,0,0,0,0,0,0,0,0,0,0,0,0,0,0,0,0,0,0,0,0,52
false,F,18,150,238,0,28,10,4,6,7,0,2,2,0,0,0,0,0,0,0,0,0,0,0,0,0,0,0,0,0,0,0,0,0,0,0,0,0,0,0,0,0,0,0,0,0,0,0,0,0,0,0,0,0,0,0,0,0,0,0,0,0,0,0,0,0,0,0,0,0,0,0,0,0,0,0,0,0,0,0,0,0,0,0,0,91
false,F,19,227,465,0,102,37,10,10,8,1,2,2,0,0,0,0,0,0,0,0,0,0,0,0,0,0,0,0,0,0,0,0,0,0,0,0,0,0,0,0,0,0,0,0,0,0,0,0,0,0,0,0,0,0,0,0,0,0,0,0,0,0,0,0,0,0,0,0,0,0,0,0,0,0,0,0,0,0,0,0,0,0,0,0,55
false,F,20,374,839,0,111,159,25,22,6,3,5,5,1,6,0,1,0,2,1,3,1,1,0,0,0,0,0,0,0,0,0,0,0,0,0,0,0,0,0,0,0,0,0,0,0,0,0,0,0,0,0,0,0,0,0,0,0,0,0,0,0,0,0,0,0,0,0,0,0,0,0,0,0,0,0,0,0,0,0,0,0,0,0,0,22
false,F,21,543,1382,0,43,233,136,39,18,12,3,5,2,3,1,1,3,1,2,3,4,9,0,0,0,0,0,0,0,0,0,0,0,0,0,0,0,0,0,0,0,0,0,0,0,0,0,0,0,0,0,0,0,0,0,0,0,0,0,0,0,0,0,0,0,0,0,0,0,0,0,0,0,0,0,0,0,0,0,0,0,0,0,0,25
false,F,22,662,2044,0,20,113,252,138,50,20,6,8,3,3,3,4,3,4,4,3,4,6,0,0,0,0,0,0,0,0,0,0,0,0,0,0,0,0,0,0,0,0,0,0,0,0,0,0,0,0,0,0,0,0,0,0,0,0,0,0,0,0,0,0,0,0,0,0,0,0,0,0,0,0,0,0,0,0,0,0,0,0,0,0,18
false,F,23,1053,3097,0,22,60,185,370,216,79,25,19,10,10,6,6,5,5,5,4,4,1,0,0,0,0,0,0,0,0,0,0,0,0,0,0,0,0,0,0,0,0,0,0,0,0,0,0,0,0,0,0,0,0,0,0,0,0,0,0,0,0,0,0,0,0,0,0,0,0,0,0,0,0,0,0,0,0,0,0,0,0,0,0,21
false,F,24,1420,4517,0,7,51,139,307,380,232,63,40,18,18,10,7,4,6,4,3,4,3,3,3,8,5,10,12,12,22,19,14,0,0,0,0,0,0,0,0,0,0,0,0,0,0,0,0,0,0,0,0,0,0,0,0,0,0,0,0,0,0,0,0,0,0,0,0,0,0,0,0,0,0,0,0,0,0,0,0,0,0,0,0,16
false,F,25,1590,6107,0,2,25,102,182,265,379,233,126,36,16,18,6,11,7,6,5,7,9,7,10,12,8,8,13,25,16,24,22,0,0,0,0,0,0,0,0,0,0,0,0,0,0,0,0,0,0,0,0,0,0,0,0,0,0,0,0,0,0,0,0,0,0,0,0,0,0,0,0,0,0,0,0,0,0,0,0,0,0,0,0,10
false,F,26,1854,7961,0,7,21,59,129,147,309,363,281,140,78,26,19,12,12,17,5,11,6,15,11,8,15,21,16,32,22,28,37,0,0,0,0,0,0,0,0,0,0,0,0,0,0,0,0,0,0,0,0,0,0,0,0,0,0,0,0,0,0,0,0,0,0,0,0,0,0,0,0,0,0,0,0,0,0,0,0,0,0,0,0,7
false,F,27,2206,10167,0,2,7,34,84,135,241,311,368,276,177,104,60,35,17,17,15,15,17,23,13,23,14,33,30,24,35,42,35,0,0,0,0,0,0,0,0,0,0,0,0,0,0,0,0,0,0,0,0,0,0,0,0,0,0,0,0,0,0,0,0,0,0,0,0,0,0,0,0,0,0,0,0,0,0,0,0,0,0,0,0,19
false,F,28,2960,13127,0,2,5,26,51,97,158,212,308,318,373,267,172,88,65,34,32,18,24,22,23,15,30,28,34,43,48,64,51,46,49,41,45,46,37,28,25,13,10,0,0,0,0,0,0,0,0,0,0,0,0,0,0,0,0,0,0,0,0,0,0,0,0,0,0,0,0,0,0,0,0,0,0,0,0,0,0,0,0,0,0,12
false,F,29,3589,16716,0,1,4,15,22,51,110,141,221,302,395,374,367,227,156,77,70,45,42,36,37,36,34,38,38,65,58,74,87,77,63,66,62,54,32,39,28,18,13,0,0,0,0,0,0,0,0,0,0,0,0,0,0,0,0,0,0,0,0,0,0,0,0,0,0,0,0,0,0,0,0,0,0,0,0,0,0,0,0,0,0,14
false,F,30,4514,21230,0,1,3,6,26,30,57,90,163,190,292,354,457,409,392,278,167,107,71,47,49,66,60,58,69,73,65,103,99,95,92,100,98,89,65,65,46,34,28,0,0,0,0,0,0,0,0,0,0,0,0,0,0,0,0,0,0,0,0,0,0,0,0,0,0,0,0,0,0,0,0,0,0,0,0,0,0,0,0,0,0,20
false,F,31,5964,27194,0,2,3,5,11,18,32,50,112,141,213,273,414,480,584,469,428,320,248,204,112,106,86,106,93,108,111,121,134,148,137,147,112,116,77,85,69,45,36,0,0,0,0,0,0,0,0,0,0,0,0,0,0,0,0,0,0,0,0,0,0,0,0,0,0,0,0,0,0,0,0,0,0,0,0,0,0,0,0,0,0,8
false,F,32,8402,35596,0,0,1,1,3,3,1,24,54,84,162,217,353,420,638,649,811,749,600,474,327,299,206,226,155,161,151,211,148,207,161,188,155,141,89,95,62,49,38,30,11,11,6,4,5,0,0,2,0,3,0,0,0,0,0,0,0,0,0,0,0,0,0,0,0,0,0,0,0,0,0,0,0,0,0,0,0,0,0,0,0,17
false,F,33,12255,47851,0,0,2,1,1,4,3,8,16,59,101,159,262,322,540,589,866,1005,962,1057,834,792,573,482,346,394,309,342,282,333,267,282,213,211,118,137,114,66,69,33,22,9,14,9,9,4,3,0,3,3,1,0,0,1,0,0,0,0,0,0,0,0,0,0,0,0,0,0,0,0,0,0,0,0,0,0,0,1,0,0,0,22
false,F,34,21243,69094,0,0,0,2,0,2,4,2,5,33,70,102,176,283,443,552,820,1132,1347,1720,1574,1857,1540,1453,1104,1065,795,807,644,642,508,554,406,393,302,243,170,133,127,60,44,24,31,10,8,5,6,2,2,2,0,0,0,1,0,0,0,0,0,0,0,0,0,0,0,0,0,0,0,0,0,0,0,0,0,0,0,0,0,0,0,38
false,F,35,32129,101223,0,0,0,2,0,0,1,3,3,20,27,44,77,150,265,327,509,829,1102,1671,1742,2448,2351,2651,2368,2469,1859,1949,1420,1476,1142,1106,793,807,629,517,387,282,218,135,98,59,55,39,29,10,7,4,4,4,3,1,2,1,0,0,0,0,0,0,0,0,0,0,0,0,0,0,0,0,0,0,0,0,0,0,0,0,0,0,0,34
false,F,36,59042,160265,0,2,1,1,0,2,1,1,6,13,20,30,53,85,168,243,444,712,927,1565,1976,2876,3351,4324,4398,5220,4724,5023,3995,3914,2896,2861,2108,1843,1272,1120,851,555,428,275,232,137,105,74,36,36,27,16,16,9,5,4,4,2,0,1,2,0,0,0,1,0,0,0,0,0,0,0,0,0,0,0,0,0,0,0,0,0,0,0,0,51
false,F,37,126191,286456,0,1,1,1,0,1,3,2,4,18,21,22,51,70,118,165,275,518,757,1486,2105,3486,4315,6297,7001,9242,9600,11419,10554,11432,9011,9146,6793,5998,4162,3556,2668,1608,1306,838,624,399,314,177,174,105,83,44,47,22,22,21,12,2,3,2,1,1,1,0,0,0,1,2,0,0,0,1,0,0,0,0,0,0,0,0,0,0,0,0,0,82
false,F,38,221575,508031,0,4,1,1,2,2,2,1,2,17,16,17,31,32,71,85,170,275,389,814,1127,2244,3162,5437,6882,10670,12391,17192,17858,21140,19272,20808,16873,16518,11906,10462,7996,5187,4190,2512,1924,1135,914,549,386,225,162,117,83,45,32,23,26,15,6,5,2,3,7,2,1,2,0,1,0,0,0,1,0,0,0,0,0,0,0,0,0,0,0,0,0,150
false,F,39,444184,952215,0,0,0,0,2,4,0,3,4,19,28,27,37,34,69,65,123,184,225,482,675,1309,2137,4126,6064,10902,15132,23589,27842,37596,38007,45839,40348,42110,32978,31150,24729,16769,13903,8584,6716,4138,3007,1727,1290,667,485,265,190,97,61,46,37,14,10,8,4,4,2,6,1,0,2,2,0,0,0,0,0,0,0,1,0,0,0,0,0,0,0,1,1,307
false,F,40,296116,1248331,0,0,0,2,2,0,1,2,1,20,12,8,36,39,39,44,82,129,166,269,343,603,992,1770,2599,4745,6938,11500,14721,21171,22582,28974,27129,29948,24842,24650,20130,14376,12165,7900,6091,3816,2742,1637,1141,584,422,219,152,69,47,29,22,9,6,2,2,3,3,0,2,0,0,1,1,0,0,0,0,0,1,0,1,0,0,0,0,0,0,1,0,183
false,F,41,131589,1379920,0,0,1,1,0,0,1,2,2,10,15,9,24,20,27,26,36,58,72,130,177,281,425,723,1052,1796,2722,4378,5482,7922,8922,11796,11349,13084,11094,11477,10097,7187,6310,4518,3550,2226,1764,974,703,382,285,140,100,59,40,12,10,11,4,6,3,1,1,2,0,0,0,0,0,0,0,0,1,0,0,1,0,0,0,0,0,0,0,0,0,88
false,F,42,38826,1418746,0,0,0,0,0,0,0,1,0,1,8,3,11,12,11,16,20,28,30,79,89,151,200,380,515,782,1031,1571,1927,2566,2834,3501,3354,3666,2982,3149,2556,1890,1689,1127,901,567,421,249,192,107,80,47,27,18,6,4,9,1,2,2,0,0,0,0,0,0,0,1,0,0,0,0,0,0,0,0,0,0,0,0,0,0,0,0,0,12
false,F,43,19331,1438077,0,0,0,1,0,1,0,0,0,3,5,7,6,6,10,7,12,13,25,34,58,83,134,214,243,444,587,918,1038,1402,1510,1775,1678,1795,1424,1486,1232,817,740,483,391,253,205,102,61,38,33,20,14,3,3,5,1,0,0,0,0,0,0,0,0,0,0,1,0,0,0,0,0,0,0,0,0,0,0,0,0,0,0,0,0,10
false,F,44,10151,1448228,0,0,0,0,2,2,0,0,0,5,3,2,4,2,12,10,15,11,15,25,46,52,62,117,172,257,325,450,554,763,784,937,869,917,765,724,615,467,359,238,185,115,98,57,39,23,17,8,9,6,4,1,1,0,0,1,0,1,0,0,0,0,0,0,0,0,0,0,0,0,0,0,0,0,0,0,0,0,0,0,0,5
false,F,45,5455,1453683,0,0,0,0,2,0,0,0,0,0,2,2,3,5,6,7,13,14,12,23,13,44,59,70,81,165,184,257,287,400,389,497,431,521,379,411,301,227,205,140,100,68,60,19,26,9,7,7,1,1,3,0,0,0,0,0,0,0,0,0,0,0,0,0,0,0,0,0,0,0,0,0,0,0,0,0,0,0,0,0,0,4
false,F,46,3101,1456784,0,0,0,0,0,0,0,0,0,1,4,1,2,1,5,6,2,13,8,18,19,28,34,46,59,97,106,155,185,214,233,283,224,286,238,209,184,130,88,62,47,39,33,12,15,5,6,2,1,0,0,0,0,0,0,0,0,0,0,0,0,0,0,0,0,0,0,0,0,0,0,0,0,0,0,0,0,0,0,0,0,0
false,F,47,2147,1458931,0,0,0,0,0,0,0,0,0,0,1,0,0,0,2,7,0,3,4,12,13,17,25,33,39,58,84,107,103,175,161,192,182,162,151,161,113,86,86,49,39,27,18,14,14,4,1,0,1,1,1,0,0,0,0,0,0,0,0,0,0,0,0,0,0,0,0,0,0,0,0,0,0,0,0,0,0,0,0,0,0,1
false,M,17,162,162,0,24,10,8,6,2,1,3,4,0,0,0,0,0,0,0,0,0,0,0,0,0,0,0,0,0,0,0,0,0,0,0,0,0,0,0,0,0,0,0,0,0,0,0,0,0,0,0,0,0,0,0,0,0,0,0,0,0,0,0,0,0,0,0,0,0,0,0,0,0,0,0,0,0,0,0,0,0,0,0,0,104
false,M,18,208,370,0,63,13,2,4,4,9,1,2,0,0,0,0,0,0,0,0,0,0,0,0,0,0,0,0,0,0,0,0,0,0,0,0,0,0,0,0,0,0,0,0,0,0,0,0,0,0,0,0,0,0,0,0,0,0,0,0,0,0,0,0,0,0,0,0,0,0,0,0,0,0,0,0,0,0,0,0,0,0,0,0,110
false,M,19,285,655,0,142,45,13,6,7,5,1,1,0,0,0,0,0,0,0,0,0,0,0,0,0,0,0,0,0,0,0,0,0,0,0,0,0,0,0,0,0,0,0,0,0,0,0,0,0,0,0,0,0,0,0,0,0,0,0,0,0,0,0,0,0,0,0,0,0,0,0,0,0,0,0,0,0,0,0,0,0,0,0,0,65
false,M,20,500,1155,0,114,244,50,15,9,7,5,6,4,3,3,1,1,2,2,0,1,1,0,0,0,0,0,0,0,0,0,0,0,0,0,0,0,0,0,0,0,0,0,0,0,0,0,0,0,0,0,0,0,0,0,0,0,0,0,0,0,0,0,0,0,0,0,0,0,0,0,0,0,0,0,0,0,0,0,0,0,0,0,0,32
false,M,21,619,1774,0,37,211,197,65,20,11,8,3,5,1,2,3,6,5,2,5,2,8,0,0,0,0,0,0,0,0,0,0,0,0,0,0,0,0,0,0,0,0,0,0,0,0,0,0,0,0,0,0,0,0,0,0,0,0,0,0,0,0,0,0,0,0,0,0,0,0,0,0,0,0,0,0,0,0,0,0,0,0,0,0,28
false,M,22,872,2646,0,20,93,278,267,74,37,12,14,4,10,4,2,5,5,6,3,2,3,0,0,0,0,0,0,0,0,0,0,0,0,0,0,0,0,0,0,0,0,0,0,0,0,0,0,0,0,0,0,0,0,0,0,0,0,0,0,0,0,0,0,0,0,0,0,0,0,0,0,0,0,0,0,0,0,0,0,0,0,0,0,33
false,M,23,1188,3834,0,16,49,147,390,294,124,51,34,12,9,7,6,5,4,2,6,7,6,0,0,0,0,0,0,0,0,0,0,0,0,0,0,0,0,0,0,0,0,0,0,0,0,0,0,0,0,0,0,0,0,0,0,0,0,0,0,0,0,0,0,0,0,0,0,0,0,0,0,0,0,0,0,0,0,0,0,0,0,0,0,19
false,M,24,1479,5313,0,8,48,94,206,384,325,129,55,24,21,14,8,6,7,4,6,7,3,4,7,11,8,11,11,14,19,20,13,0,0,0,0,0,0,0,0,0,0,0,0,0,0,0,0,0,0,0,0,0,0,0,0,0,0,0,0,0,0,0,0,0,0,0,0,0,0,0,0,0,0,0,0,0,0,0,0,0,0,0,0,12
false,M,25,1748,7061,0,3,30,72,131,246,397,333,182,71,35,20,15,6,13,5,15,8,9,8,6,11,10,12,11,24,16,24,21,0,0,0,0,0,0,0,0,0,0,0,0,0,0,0,0,0,0,0,0,0,0,0,0,0,0,0,0,0,0,0,0,0,0,0,0,0,0,0,0,0,0,0,0,0,0,0,0,0,0,0,0,14
false,M,26,2074,9135,0,2,14,39,111,147,250,375,409,241,118,35,28,25,19,17,11,9,9,13,5,20,14,21,18,30,20,38,24,0,0,0,0,0,0,0,0,0,0,0,0,0,0,0,0,0,0,0,0,0,0,0,0,0,0,0,0,0,0,0,0,0,0,0,0,0,0,0,0,0,0,0,0,0,0,0,0,0,0,0,0,12
false,M,27,2357,11492,0,2,15,19,72,117,161,216,363,359,331,188,96,56,28,30,20,19,11,16,25,15,18,19,24,19,33,27,42,0,0,0,0,0,0,0,0,0,0,0,0,0,0,0,0,0,0,0,0,0,0,0,0,0,0,0,0,0,0,0,0,0,0,0,0,0,0,0,0,0,0,0,0,0,0,0,0,0,0,0,0,16
false,M,28,3206,14698,0,2,5,12,51,80,122,155,274,298,432,355,263,149,95,52,35,31,37,25,27,34,26,34,21,33,35,60,51,50,58,43,39,44,45,29,39,25,18,0,0,0,0,0,0,0,0,0,0,0,0,0,0,0,0,0,0,0,0,0,0,0,0,0,0,0,0,0,0,0,0,0,0,0,0,0,0,0,0,0,0,22
false,M,29,3859,18557,0,4,4,12,43,40,88,110,204,236,324,370,425,351,288,157,107,59,45,45,37,39,40,23,36,41,40,54,78,86,65,70,63,54,58,53,41,32,26,0,0,0,0,0,0,0,0,0,0,0,0,0,0,0,0,0,0,0,0,0,0,0,0,0,0,0,0,0,0,0,0,0,0,0,0,0,0,0,0,0,0,11
false,M,30,5142,23699,0,2,7,14,19,32,63,68,140,171,266,319,480,485,444,356,331,185,132,105,60,74,62,56,50,77,63,92,100,109,103,117,98,127,76,77,70,54,41,0,0,0,0,0,0,0,0,0,0,0,0,0,0,0,0,0,0,0,0,0,0,0,0,0,0,0,0,0,0,0,0,0,0,0,0,0,0,0,0,0,0,17
false,M,31,6679,30378,0,1,2,3,13,21,28,49,92,127,204,239,357,424,576,582,640,502,356,279,188,142,112,105,96,120,88,104,98,124,133,150,132,133,110,108,99,72,53,0,0,0,0,0,0,0,0,0,0,0,0,0,0,0,0,0,0,0,0,0,0,0,0,0,0,0,0,0,0,0,0,0,0,0,0,0,0,0,0,0,0,17
false,M,32,9439,39817,0,0,0,0,3,6,10,18,41,91,140,197,276,356,530,590,770,865,790,713,511,426,303,256,215,210,175,190,202,189,186,178,199,148,131,128,95,73,71,43,27,20,12,8,7,4,8,2,1,0,0,0,0,0,0,0,0,0,0,0,0,0,0,0,0,0,0,0,0,0,0,0,0,0,0,0,0,0,0,0,1,24
false,M,33,13882,53699,0,0,1,0,0,1,1,8,25,41,72,125,224,260,383,465,728,926,999,1229,1068,1077,806,714,535,489,360,426,345,367,323,326,302,284,207,192,160,104,84,68,49,21,21,9,11,6,4,2,4,2,1,0,1,0,0,0,0,0,0,0,0,0,0,0,0,0,0,0,0,0,0,0,0,0,0,0,0,0,0,0,0,26
false,M,34,24426,78125,0,0,0,2,0,2,1,4,4,31,54,81,165,196,332,421,698,930,1149,1596,1744,2094,1870,1958,1556,1470,1156,1086,800,791,678,670,495,541,415,363,296,218,168,105,84,40,36,30,23,12,9,3,4,2,1,0,0,0,0,0,1,0,0,0,0,0,0,0,0,0,0,0,0,0,0,0,0,0,0,0,0,0,0,0,0,41
false,M,35,36711,114836,0,0,1,1,1,0,0,5,4,19,36,32,74,107,193,262,465,699,855,1363,1544,2226,2365,2946,2689,2928,2560,2475,2085,1972,1528,1437,1108,1121,731,735,547,431,329,206,197,113,90,61,38,33,22,8,14,2,4,5,2,0,0,2,1,1,0,0,0,0,0,0,0,0,0,0,0,0,0,0,0,0,0,0,0,0,0,0,0,38
false,M,36,65921,180757,0,1,0,1,1,0,1,2,2,9,18,31,45,56,135,161,348,543,684,1227,1505,2397,2658,3953,4162,5293,5061,5520,4942,5092,4142,3913,2939,2723,1930,1657,1321,902,703,490,434,232,218,122,88,72,42,29,20,19,13,4,7,6,3,2,1,0,0,0,0,0,0,0,0,1,0,0,0,0,0,0,0,0,0,0,0,0,0,0,0,40
false,M,37,139590,320347,0,1,1,0,1,0,2,0,1,14,22,25,39,45,73,125,209,393,484,948,1408,2371,3008,4802,5616,8067,8566,11231,11194,12533,11175,11958,9194,8781,6459,5742,4361,2945,2378,1483,1217,776,589,411,262,176,132,80,63,45,28,14,18,13,5,4,0,5,0,1,4,3,0,1,1,0,0,0,0,0,0,1,0,0,0,0,0,0,0,0,0,86
false,M,38,244531,564878,0,1,0,1,0,2,1,0,1,15,18,15,28,31,53,75,94,210,293,509,759,1455,2069,3425,4737,7530,9697,13839,15695,20090,20001,23506,20653,21301,16583,15911,12990,8991,7329,5024,3786,2334,1754,1155,890,507,355,202,149,94,82,46,24,17,17,7,10,6,7,2,0,0,2,2,0,1,0,1,0,0,1,0,0,0,0,1,0,0,0,0,1,146
false,M,39,461395,1026273,0,1,2,0,2,2,3,3,11,23,31,24,24,49,45,50,95,130,168,324,428,892,1302,2479,3672,6572,9578,15511,20077,28971,31639,41571,39777,45630,38318,39732,34406,25077,22463,15039,12111,7977,5944,3748,2677,1564,1081,649,462,223,187,90,97,44,34,19,4,13,7,4,0,3,3,3,3,2,0,3,1,1,0,1,0,0,0,0,0,0,1,0,1,317
false,M,40,296035,1322308,0,1,1,1,0,1,3,2,5,20,26,16,33,22,52,40,74,83,118,182,250,438,682,1060,1599,2865,4174,7156,9294,14498,17256,23415,23893,28580,25832,27807,25083,19273,17527,12407,10522,6811,5328,3254,2377,1408,977,512,368,182,113,68,40,25,12,12,1,3,2,1,0,1,6,2,0,0,2,0,1,0,0,1,0,0,0,1,1,0,0,0,0,235
false,M,41,129598,1451906,0,0,0,1,0,0,0,3,1,6,10,14,12,19,20,24,33,30,56,86,127,223,316,476,672,1137,1596,2801,3462,5271,6427,9042,9285,11629,10703,12036,11546,9120,8760,6485,5423,3748,3124,1886,1458,888,628,339,253,122,82,54,40,18,14,4,4,3,3,2,0,0,1,1,0,0,1,0,0,0,0,0,0,0,0,0,0,0,0,0,1,72
false,M,42,38160,1490066,0,0,0,0,2,0,0,0,0,6,9,7,9,10,16,18,13,26,41,74,70,109,148,221,293,536,692,1117,1378,1975,2211,2802,2873,3406,2958,3381,2952,2307,2200,1627,1414,916,787,503,388,217,154,102,68,38,24,15,5,5,5,2,1,2,0,1,1,0,0,0,0,0,0,0,0,0,0,0,0,0,0,0,0,0,0,0,0,25
false,M,43,18799,1508865,0,0,0,0,0,0,0,0,0,2,1,5,8,3,11,13,16,16,26,36,33,58,78,134,174,325,377,633,677,1115,1098,1456,1495,1680,1469,1561,1492,1114,1003,740,627,387,332,176,164,86,63,42,21,14,14,5,6,1,3,0,0,2,0,0,0,0,0,0,0,0,0,0,0,0,0,0,0,0,0,0,0,0,0,0,0,7
false,M,44,10160,1519025,0,0,0,1,0,0,1,0,0,1,2,1,3,5,6,9,8,13,14,29,23,43,55,81,111,177,215,292,384,605,614,875,786,926,777,849,756,583,547,348,312,219,175,95,81,39,39,21,13,9,8,1,0,1,1,2,1,1,0,0,0,0,0,0,0,0,0,0,0,0,0,0,0,0,0,0,0,0,0,0,0,2
false,M,45,5535,1524560,0,1,0,1,0,0,1,0,0,0,1,3,2,2,1,3,11,7,9,9,23,25,38,46,67,107,109,191,224,303,334,451,447,506,442,441,404,298,295,224,173,106,69,42,35,19,22,20,9,4,3,1,1,1,0,0,0,0,1,0,0,0,0,0,0,0,0,0,0,0,0,0,0,0,0,0,0,0,0,0,0,3
false,M,46,3239,1527799,0,0,0,1,1,0,0,0,0,0,1,3,5,2,5,4,3,6,9,10,20,20,21,40,34,67,95,118,164,174,186,254,230,273,239,239,241,187,166,122,97,62,49,30,22,15,6,3,5,3,5,1,0,0,0,0,0,0,0,0,0,0,0,0,0,0,0,0,0,0,0,0,0,0,0,0,0,0,0,0,0,1
false,M,47,2224,1530023,0,0,0,0,0,0,0,0,0,0,1,2,1,2,3,1,6,6,3,5,5,20,14,27,46,49,60,80,102,131,141,194,157,196,175,160,132,124,93,91,75,29,22,25,21,8,9,3,1,2,0,0,1,0,0,0,0,0,0,0,0,0,0,1,0,0,0,0,0,0,0,0,0,0,0,0,0,0,0,0,0,0