Id,NAME,ADDRESS,CITY,STATE,POSTCODE,LAT,LON,PHONE,UTILIZATION
a83dab77-0273-32cd-a600-7fcbe35de8ab,CONCORD MEDICAL CENTRE,CONCORD MEDICAL CENTRE,BRISTOL,SW,BS34 6BQ,51.529421,-2.5548758,01454 616767,103
721d1bb5-85fb-3a3f-8137-a0238eb48d5b,DOWNTON ROAD SURGERY,THE CREST FAMILY PRACTICE,BRISTOL,SW,BS4 1WH,51.428755,-2.5962602,0117 9449700,68
7de70634-01e1-3d70-ada5-d9c1cf5ad1d2,PRESTON ROAD SURGERY,102 PRESTON ROAD,WEYMOUTH,SW,DT3 6BB,50.64294,-2.4304318,,9
339de48a-5ce3-3c92-993b-a4d046998bb3,TAVYSIDE HEALTH CENTRE,ABBY RISE,EXETER,SW,PL19 9FD,50.5458,-4.1459048,01822 613517,35
c70024ea-705e-3d79-ada8-0b8fa075c9e4,MENDIP ADULTS TEAM,ENOS WAY,FROME,SW,BA11 2FH,51.237156,-2.3112808,,6
b7d8f0e1-f16d-3a3d-b0df-a9c3866ff6db,COTSWOLD CARE HOSPICE,BURLEIGH LANE,STROUD,SW,GL5 2PQ,51.711819,-2.1947493,,3
bdeb5bfc-e9bd-3559-97dc-317e4f4b0f26,CULVERHAY SURGERY,THE CULVERHAY SURGERY,GLOUCESTER,SW,GL12 7LS,51.638957,-2.3486778,01453 843893,33
33641218-3539-328d-b3d4-a54ad608edcd,CHELTENHAM LEISURE CENTRE,TOMMY TAYLORS LANE,CHELTENHAM,SW,GL50 4RN,51.910951,-2.0796177,,1
92e72726-5cc0-37af-8268-221df1e8ef58,BRADLEY STOKE SURGERY,BRADLEY STOKE SURGERY,EASTVILLE,SW,BS32 9DS,51.540212,-2.5604431,01454 616262,131
e864ebce-dadf-30a4-9d46-7e66e5a4d2dc,HIGHBRIDGE MEDICAL CENTRE,HIGHBRIDGE MEDICAL CENTRE,WILLITON, TAUNTON,SW,TA9 3YA,51.22734,-2.9792212,01278 783230,94
79739201-bed0-3158-8e2d-257c95a33253,FRIARY HOUSE SURGERY,FRIARY HOUSE SURGERY,PLYMOUTH,SW,PL4 9BH,50.372653,-4.1281936,01752 663138,60
7cad732d-4784-3ba5-a266-f7d9b2dba603,BLACK SWAN,BRIDGE STREET,FROME,SW,BA11 1BB,51.233079,-2.3194745,,6
60eaaf61-a578-3257-9d82-aef71ad8d102,THE MARINE & OAKRIDGE PARTNERSHIP,MARINE SURGERY,BOURNEMOUTH,SW,BH6 3DB,50.722847,-1.8065462,01202 425588,368
eab7fdb0-521a-321b-bf99-f9dc52edc2ad,PRIME ENDOSCOPY (BRISTOL),PRIME ENDOSCOPY (BRISTOL),BARNSTAPLE,SW,BS1 5SZ,51.449597,-2.6017267,0117 9103790,157
f2292bb3-47d3-381e-8bde-d59d1853985d,LYDNEY AMBULANCE STATION,CHURCH ROAD,LYDNEY,SW,GL15 5EA,51.722828,-2.5368432,,3
83dc856d-4316-3a56-aa87-eb2946382efc,GPSI DERMATOLOGY MPHC,MOUNT PLEASANT HEALTH CTR,YATE,SW,EX4 7BW,50.732834,-3.5159265,01392 255722,125
73067b37-c686-3373-8da6-0146e6689826,FROME RENAL DIALYSIS UNIT,FROME COMMUNITY HOSPITAL,FROME,SW,BA11 2FH,51.237156,-2.3112808,,13
a0b9e3d9-7a8c-3ca8-9d83-214dda16b201,WOODBURY SURGERY,THE SURGERY,EXETER,SW,EX5 1NZ,50.674009,-3.4001574,,3
23adc2bd-f382-352f-94b8-b51a5901d700,MOORCROFT QUARRY SOCIAL DISPATCH POINT,MOORCROFT QUARRY,PLYMOUTH,SW,PL9 8AJ,50.365914,-4.0821351,,3
b7f7372e-6ae0-31b7-9c32-4fb9f952e574,ASSERTIVE OUTREACH TEAM,HAHNEMANN HOUSE,BOURNEMOUTH,SW,BH2 5JW,50.717691,-1.8863021,,1
3c9bbff4-7edd-352c-a2cd-1e44dd7d6b8d,BUDLEIGH SALTERTON HOSPITAL,EAST BUDLEIGH ROAD,BUDLEIGH SALTERTON,SW,EX9 6HF,50.631592,-3.3205193,,3
371783e6-4cbf-31d8-9161-b8812141fff0,HINDON SURGERY,THE SURGERY,HINDON,SW,SP3 6DJ,51.095811,-2.1308133,01747 820222,71
98cae11d-ff90-31d0-ac70-f2ec76e8021a,WESTOVER SURGERY,THE WESTOVER SURGERY,REDRUTH,SW,TR11 4QJ,50.148927,-5.0750103,01326 212120,106
218bc319-5e74-3d28-b03e-e7234fb24afd,CROSS PLAIN HEALTH CENTRE,CROSS PLAIN HEALTH CENTRE,DURRINGTON,SW,SP4 8DH,51.197379,-1.7709933,01980 600600,33
f728b878-c3cd-3468-9f6c-6fbb71047f54,NHS KERNOW LIVI - EMIS,PENNTORR HEALTH,BRISTOL,SW,PL11 2TB,50.376056,-4.2250421,01208 812342,52
e8fc0972-1b86-3405-a5e8-42aef03a1012,CHERITON BISHOP & TEIGN VALLEY PRACTICE,THE SURGERY,EXETER,SW,EX6 6JA,50.724896,-3.7421645,,3
453f08ab-ec4f-3aca-a7b1-4eb8edd953d3,NEWMEDICA EXETER,THE MEDICAL EYE CLINIC,BODMIN,SW,EX2 8NL,50.696795,-3.517511,01392 797717,100
5711e707-204f-3c6d-b751-8d962a6de030,CONTINENCE SERVICE CGH,CONTINENCE DEPARTMENT CGH,GLOUCESTER,SW,GL53 7AN,51.89319,-2.0718118,0300 4225305,33
a8292a12-6430-36f6-b143-501e61e2d449,WEST CLUSTER IAGPS,WEYMOUTH COMMUNITY HOSP,CIRENCESTER,SW,DT4 7TB,50.621054,-2.4510543,01305 760022,99
8d1d5016-833a-31b5-b13b-ae75a056293b,WE ARE WITH YOU IN BCP,TRINITY HOUSE,TORPOINT,SW,BH1 1JU,50.722386,-1.8704952,01202 558855,152
a8adf3ce-1e9e-3241-ad96-0896bf4eed0e,HUC - SOMERSET IUC OOH,ASHFORD COURT,LOWES BRIDGE,SW,TA1 2PX,51.014091,-3.0680957,01392 269455,30
01671a59-b03d-30d7-905e-6f44a14f801f,EASTGATE LODGE,PARKSTONE ROAD,POOLE,SW,BH15 2SF,50.720753,-1.9651422,,3
bfc3aa47-4fb3-3ee3-8c89-f0f683ede1ce,WHITFIELD RURAL ACTIVITIES CENTRE,POUNDBURY WHITFIELD,DORCHESTER,SW,DT2 9SL,50.722629,-2.464425,,1
97736af0-bee2-326b-a3a3-b11ee625fe6d,COMM HOSP - HARBOUR WARD,BODMIN HOSPITAL,BODMIN,SW,PL31 2QT,50.468259,-4.7430109,01208 834600,54
0a895133-e27b-309c-b467-8581b82f5658,NORTH & EAST DEVON BREAST SCREENING SERVICE,MATFORD BUSINESS CENTRE,EXETER,SW,EX2 8ED,50.69716,-3.5212326,,3
fe064e27-fc7c-332d-8932-5fa5badc838a,ACUTE GP REFERRAL SERVICE,DERRIFORD HOSPITAL,PENZANCE,SW,PL6 8DH,50.41672,-4.1136845,01752 792308,102
d9d1d61a-adcd-3f3c-8823-06a62b00566d,NIGHTINGALE VALLEY PRACTICE,NIGHTINGALE VALLEY PRACT,BRISLINGTON,SW,BS4 4HU,51.446246,-2.5479382,0117 3304300,175
8fd41390-5062-3b50-8fed-de318ccc8a2d,GOMPELS PHARMACY,1 BANK STREET,CHIPPENHAM,SW,SN12 6LE,51.374218,-2.1383735,01225 702198,45
5d52d862-3a17-3997-8b29-0919084dc6cc,CHURCHDOWN SURGERY,CHURCHDOWN SURGERY,CINDERFORD,SW,GL3 2JH,51.882388,-2.171675,01452 899762,30
f9fb03eb-e1ec-3fd6-ada9-25b7e5d74752,THE DEAN NEUROLOGICAL CENTRE,TEWKESBURY ROAD,BRISTOL,SW,GL2 9EE,51.880048,-2.2393924,01452 420200,338
582c1518-8a87-33df-83e1-3f6cdc9cfceb,QUAY ADVICE CENTRE,HILL STREET,POOLE,SW,BH15 1NR,50.715632,-1.9850752,,6
ef6a5294-f17b-3927-97ca-317620c9fed1,PHARMACY MANUFACTURING UNIT,KEMMINGS CLOSE,PAIGNTON,SW,TQ4 7TW,50.413209,-3.5837873,,1
9f40fa54-96fa-3ff2-832d-dd0917e31bba,HELIOS MEDICAL CENTRE,HELIOS MEDICAL CENTRE,BRISTOL,SW,BS9 1JN,51.475527,-2.6310236,0117 9626060,127
68c884a3-f675-3243-b269-2d2acde6b926,CHELTENHAM ROAD SURGERY,CHELTENHAM ROAD SURGERY,GLOUCESTER,SW,GL2 0LS,51.870388,-2.2231175,01452 522575,49
d479ea67-b18f-35e8-97a8-867f53e032d6,COMMUNITY TEAM PENZANCE,BELLAIR CLINIC,NEWQUAY,SW,TR18 4TA,50.117787,-5.542535,01208 834600,58
58784282-3b35-3416-9dd8-b7202cf5c8a3,CHERITON BISHOP SURGERY,THE SURGERY,BRAUNTON,SW,EX6 6JA,50.724896,-3.7421645,01647 24272,121
f584a9fa-6652-3b08-bb85-a8ced0601ee7,LIGHTHOUSE CHILDRENS CENTRE,LINDEN ROAD,GLOUCESTER,SW,GL1 5JA,51.849549,-2.2489571,,3
a511bf66-e692-39bd-9eba-b52be3c822af,PRESTON GROVE MEDICAL CENTRE  YEOVIL,PRESTON GROVE MEDICAL CTR,TAUNTON,SW,BA20 2BQ,50.94185,-2.6442646,01935 474353,54
f4ff9bae-359b-3017-9015-806750c0763b,ROYAL EYE INFIRMARY,3 ALPHA WAY,PLYMOUTH,SW,PL6 5ZF,50.413512,-4.1238734,,3
3a98f190-1b6e-361e-8dbd-e3fc3b155347,BRIDGE VIEW MEDICAL,THE SOUTHVILLE SURGERY,BRISTOL,SW,BS3 1AS,51.445337,-2.5994835,0117 9669724,218
b6f7e8d3-09b2-31cb-9ec1-e45ba700b1f7,TALBOT MEDICAL CENTRE,TALBOT MEDICAL CENTRE,BOURNEMOUTH,SW,BH10 4BX,50.748888,-1.9089341,01202 636400,31
889115cd-69d3-31ab-8fb3-058c819adf04,THE BARCELLOS FAMILY PRACTICE,TRICKETTS CROSS,FERNDOWN,SW,BH22 8AZ,50.807989,-1.8722461,01202 897989,73
e2b08119-4db8-34f9-9439-291c8f3625d4,PRESTBURY PARK MEDICAL,WILSON HEALTH CENTRE,WESTBURY ON SEVERN,SW,GL52 3EY,51.910614,-2.055936,01242 226336,128
e7c225f0-e965-348d-8083-beb8e3e63375,STOUR SURGERY,THE STOUR SURGERY,CHRISTCHURCH,SW,BH23 1PA,50.73605,-1.7821894,01202 464500,31
77ed1ac2-c2f1-3f93-811b-4a4560461c23,BIDEFORD AMBULANCE STATION,CLOVELLY ROAD INDUSTRIAL ESTATE,BIDEFORD,SW,EX39 3HN,51.01005,-4.2338299,,3
cc915e5b-e028-3370-991f-d62ea9b0095a,BOX SURGERY,LONDON ROAD,CORSHAM,SW,SN13 8NA,51.417651,-2.2501245,01225 742361,88
b6b7ca1f-0838-3a8d-874c-c2191bda4b2c,ENT GPSI LISKEARD HOSPITAL,LISKEARD HOSPITAL,STROUD,SW,PL14 3XD,50.461584,-4.4509954,01579 373500,34
486215e7-06c4-373c-9410-15799f77391b,THE VRON - 91B,91B HUCCLECOTE ROAD,GLOUCESTER,SW,GL3 3TR,51.855222,-2.1862504,,3
6e190ce3-390a-3f57-8c6a-56d28f0658d8,COMMUNITY TEAM SOUTH KERRIER,HELSTON COMMUNITY HOSP,SALTASH,SW,TR13 8DR,50.091947,-5.2649317,01208 834600,55
074e44f0-6e90-3c22-85a9-cf6b6ca87813,DN POOLE BAY,POOLE LOCALITY,WIMBORNE,SW,BH21 1ER,50.802195,-1.9959181,,3
85d9ef3d-f6d4-351e-8dd7-2b02f3a35819,168 MEDICAL GROUP,168 LOCKING ROAD,BRISTOL,SW,BS23 3HQ,51.34576,-2.9581675,01934 624242,65
449090ac-2566-32dc-9a1d-444e63c0651f,PES@SPECSAVERS MELKSHAM BSW CCG,29 BANK STREET,CHIPPENHAM,SW,SN12 6LE,51.374218,-2.1383735,01225 899810,66
6c8e355b-4c8b-3bd8-b890-8d58c517a03d,PARKINSON'S DISEASE SPECIALIST NURSE,SOUTHMEAD HOSPITAL,,SW,BS10 5NB,51.497333,-2.5929485,0117 9505050,81
227e2ab6-06b6-30e5-9d27-4c0af29c8552,MULBERRY CENTRE,BERROW HEALTH CAMPUS,BURNHAM-ON-SEA,SW,TA8 2JU,51.259235,-2.9984435,,6
f5a2d67a-6d92-32a4-98f2-3444c5d4735a,COLLEGE WAY SURGERY,COLLEGE WAY SURGERY,BECKINGTON,SW,TA1 4TY,51.005247,-3.1212982,01823 259333,164
851b2051-01d6-3315-b92b-4686376a25a9,CAMHS OUTREACH,OAKLANDS COURT,BARNSTAPLE,SW,EX16 6TG,50.910753,-3.4660544,01392 384105,136
a2f8532a-a054-3a56-af08-93a72ab303be,KCCG-ENT CLINIC BODMIN,BODMIN HOSPITAL,TRURO,SW,PL31 2QT,50.468259,-4.7430109,01726 627953,67
fff4afa7-5a41-3ece-aa9f-cae1fc3f8dfb,MINOR INJURY UNIT-SIDMOUTH,THE BEACON MEDICAL PRACT,WESTON-SUPER-MARE,SW,EX10 9YA,50.699501,-3.247731,01395 512601,29
92021ee5-45b4-3106-be1f-dc59f6586125,LIFEBOAT QUAY MEDICAL CENTRE,LIFEBOAT QUAY MEDICAL CTR,POOLE,SW,BH15 1AE,50.718734,-1.9849326,0844 4773324,214
e94e9fc0-d3a4-32e7-935f-cbecab27cab7,WESTBANK PRACTICE,THE LIMES SURGERY,EXETER,SW,EX6 8DF,50.679142,-3.4937566,01392 833230,69
15a0dec0-737b-32a8-90be-d6c21461b25b,NEW HALL HOSPITAL,NEW HALL HOSPITAL,PLYMOUTH,SW,SP5 4EY,51.030723,-1.7638289,01722 435143,57
99c1192a-2a31-3e79-a077-d02f0366f944,ROYAL CRESCENT SURGERY,WILSON HEALTH CENTRE,121 SWINDON RD,CHELTENHAM,SW,GL52 3EY,51.910614,-2.055936,01242 580248,39
cf302aa4-f77c-3aa3-a803-8e1aa0287c75,AWP MENTAL HEALTH TEAM EASTWOOD PARK,FALFIELD,WOTTON-UNDER-EDGE,SW,GL12 8DB,51.634463,-2.4673835,,3
2d76e568-c2cc-3661-b9a6-500625926170,PRIMARY CARE PAEDIATRIC SERVICE,C/O LEAP VALLEY SURGERY,DEVIZES,SW,BS37 4NG,51.529077,-2.4241668,01454 313577,93
ba5184f9-0022-3d45-a99f-73cc7130b9d5,CARNON DOWNS SURGERY,THE SURGERY,HELSTON,SW,TR3 6JD,50.22345,-5.0919047,01872 863221,58
a5cc4e20-f638-3b2e-8bcf-a691ef3fc68a,STOCKWOOD MEDICAL CENTRE,STOCKWOOD MEDICAL CENTRE,BRISTOL,SW,BS14 8PT,51.411565,-2.5441444,01275 833103,110
d3c956fe-2e2f-392b-806d-847abc651494,COMMUNITY TEAM TORPOINT,PENNTORR HEALTH,BODMIN,SW,PL11 2TB,50.376056,-4.2250421,01208 834600,30
136ca92b-e5b3-3794-81fc-18d44ba612ad,BRUNEL MEDICAL PRACTICES- KIRKHAM,ST. ALBANS ROAD,TORQUAY,SW,TQ1 3SL,50.479358,-3.5169482,,1
0be6a6ca-2af1-30aa-8de4-64eab4544df9,IVYBRIDGE HEALTH CENTRE,STATION ROAD,IVYBRIDGE,SW,PL21 0AJ,50.391844,-3.9207007,,3
c9e3cac5-0b03-34a5-b7a5-1165248f9227,THE FAMILY PRACTICE,THE FAMILY PRACTICE,BRISTOL,SW,BS6 6DF,51.462707,-2.6033674,0117 9466455,30
0cb1e485-735f-3bf3-9e61-5b50aad33c8a,SAME DAY EMERGENCY CARE,NORTH DEVON HOSPITAL,SHIREHAMPTON,SW,EX31 4JB,51.092201,-4.0511326,01271 322577,50
712a59c6-e3ba-3c98-8ed0-24854008edd8,CANFORD HEALTH CLINIC,CULLIFORD CRESCENT,POOLE,SW,BH17 9DW,50.751527,-1.9666079,,3
a634369c-445c-3a9d-ae52-1ad6d6a6dab6,SALISBURY MEDICAL PRACTICE,FISHERTON HOUSE,SALISBURY,SW,SP2 7FD,51.072278,-1.8091913,01722 333034,60
2ce7d460-120b-3991-a10d-6dce451f0447,WONFORD GREEN SURGERY,WONFORD GREEN SURGERY,PLYMOUTH,SW,EX2 6NF,50.713847,-3.4994208,01392 250135,99
05a58020-780d-34ec-af4b-a0b7564fccf1,SID VALLEY PRACTICE,THE BEACON MEDICAL CENTRE,EXETER,SW,EX10 9YA,50.699501,-3.247731,01395 512601,33
81b60837-d671-3b6c-a9fe-6617a738ce64,SOUTH BRISTOL LOCALITY,WITHYWOOD CENTRE,STAPLETON, BRISTOL,SW,BS13 8QA,51.40731,-2.6221188,0300 1256789,42
e9e13bad-6cfe-3e17-a2ab-c4f81cbc7d7e,BMI HEALTHCARE BATH CLINIC,CLAVERTON DOWN ROAD,PORTISHEAD,SW,BA2 7BR,51.364144,-2.3321931,01225 835555,86
10a2fb55-556c-356d-bd80-e1ab15daff5c,ASHINGTON WAY PHARMACY,ASHINGTON WAY,MELKSHAM,SW,SN5 7XT,51.557473,-1.8266148,,29
2791e9b2-fa33-3dd3-a658-eace052086be,THE WELLSPRING SURGERY,THE WELLSPRING SURGERY,BRISTOL,SW,BS5 9QY,51.455812,-2.5614665,0117 9557711,222
a69194b4-46ed-3725-bdf1-38dfb272ce86,MITCHELDEAN SURGERY,MITCHELDEAN SURGERY,BERKELEY,SW,GL17 0AU,51.865935,-2.4883694,01594 542270,91
183d327f-f53c-389d-a788-d81b6d7d4c29,WESTBURY GROUP PRACTICE,WHITE HORSE HEALTH CENTRE,WESTBURY,SW,BA13 3FQ,51.252707,-2.2034902,01373 828330,91
b3a602a5-9b4f-32b1-80dc-542a8e11c99e,BAMPTON SURGERY,THE SURGERY,,SW,EX16 9NB,50.988758,-3.4873047,01398 331304,29
575305b1-9db4-315a-b018-943d44fb89a3,LOCKING HILL SURGERY,LOCKING HILL SURGERY,STOW-ON-THE-WOLD,SW,GL5 1UY,51.747207,-2.2160927,01453 764222,68
3d1b6fd8-6219-3154-a66a-ff1ad1aa8dc6,WORKING AGE ADULTS - LECKHAMPTON LODGE,LECKHAMPTON LODGE,CIRENCESTER,SW,GL53 9DZ,51.881051,-2.073681,01242 634300,68
e5a58e90-a8a1-3fd8-9948-8c673125fa08,MONMOUTH SURGERY,MONMOUTH SURGERY,BRISTOL,SW,BA1 2AU,51.383226,-2.3677235,01225 334618,66
676afc24-0ff7-3f58-a515-112f289ebb0b,IN-REACH GUYS MARSH,GUYS MARSH,SHAFTESBURY,SW,SP7 0AH,50.984693,-2.2212905,,3
7df15e06-2514-392c-8189-681452a0409b,SIXWAYS CLINIC,SIXWAYS CLINIC,HUCCLECOTE, GLOUCESTER,SW,GL52 6HS,51.889028,-2.053933,01242 223810,75
ea9c4e89-0aac-3cc3-9b52-7de96c481587,MENDIP COUNTRY PRACTICE,MENDIP COUNTRY PRACTICE,YEOVIL,SW,BA3 5NQ,51.241343,-2.4504792,01373 812244,72
d066923d-5778-3753-bb65-c4f09a3d0dec,MOUNT GOULD HOSPITAL,MOUNT GOULD ROAD,PLYMOUTH,SW,PL4 7QD,50.378513,-4.1151078,,6
108741fe-5e33-3366-9634-0e372507edde,MAYFIELD MEDICAL CENTRE,THE MAYFIELD MEDICAL CTR.,TORQUAY,SW,TQ4 5LA,50.433243,-3.5701074,01803 558257,76
0d4e6648-5a73-3f7f-9233-39741447eed5,EXETER ROAD COTTAGES,LANGDON,DAWLISH,SW,EX7 0NS,50.600109,-3.4646447,,3
14be4e9b-4e2f-3cab-bb75-f379be005427,ADDACTION NORTH DEVON,LONGBRIDGE HOUSE,SWINDON,SW,EX39 3AF,51.017119,-4.2116132,0300 3033384,28
ece901f9-8012-3e07-8cfd-e07abbd5327c,ST. LEVAN SURGERY,ST.LEVAN SURGERY,IVYBRIDGE,SW,PL2 1JR,50.383921,-4.1773284,01752 561973,92
b0e16eb7-1e14-3f77-9346-7cf786c80b74,KCCG-CHC MT EDGECUMBE,MOUNT EDGECUMBE HOPSICE,REDRUTH,SW,PL26 6AB,50.328568,-4.7720937,01726 627953,157
418a8b58-693a-3d4e-8cb5-0092e324046c,CHELTENHAM & GLOUCESTER NUFFIELD,HATHERLEY LANE,CHELTENHAM,SW,GL51 6SY,51.891864,-2.1297598,,3
56e5dd79-49e9-350c-bc39-7941d0935e2d,KINGSTEIGNTON MEDICAL PRACTICE,THE SURGERY WHITEWAY ROAD,BARNSTAPLE,SW,TQ12 3HN,50.54898,-3.5973952,01626 357080,59
23f101d9-8828-349f-a8b1-7326f3c0293b,ROMNEY HOUSE SURGERY,ROMNEY HOUSE SURGERY,CIRENCESTER,SW,GL8 8AA,51.637972,-2.1607354,01666 502303,86
00837e3b-d120-3cb2-991f-f9934f1f4a68,EXTENDED ACCESS GLOUCESTER HADWEN,HADWEN MEDICAL PRACTICE,YATE, BRISTOL,SW,GL4 4BL,51.841517,-2.2043084,01452 529933,113
9884e1f7-9223-33d2-a8d0-ffbdb79ccbd3,MAYTREES MEDICAL PRACTICE,EAST TREES HEALTH CENTRE,BRISTOL,SW,BS5 6SA,51.470243,-2.5633714,0117 2444123,218
e595f153-c7c5-34f1-baf7-249183e00456,PLYMOUTH CDC,COLIN CAMPBELL COURT,PLYMOUTH,SW,PL1 1TQ,50.37111,-4.1480242,,1
3f57ebb3-158b-3664-95fc-9442824b8e90,WESTBOURNE MEDICAL CENTRE,WESTBOURNE MEDICAL CENTRE,BOURNEMOUTH,SW,BH4 9HJ,50.723542,-1.9034439,01202 752550,59
fc298c1d-c9f5-3d3d-ae06-f40225989b42,QUAY LANE SURGERY,QUAY LANE SURGERY,REDRUTH,SW,PL12 5LH,50.395352,-4.3057128,01503 230088,165
778b65b7-1282-3e1f-b6c9-522d7f210821,BCH HEALTH VISITORS,EASTGATE HOUSE,SALISBURY,SW,BS5 6XX,51.473094,-2.5671211,0117 3408063,121
09e4adfe-34e1-3e49-806b-52e1ba967c4c,TORRINGTON HEALTH CENTRE,TORRINGTON HEALTH CENTRE,CHULMLEIGH,SW,EX38 8EL,50.951997,-4.140176,01805 622247,116
698260c0-bfc4-3ffd-a626-59915a40e32f,THE ADAM PRACTICE,306 BLANDFORD ROAD,POOLE,SW,BH15 4JQ,50.720875,-2.0105439,01202 679234,501
005a8b66-6130-319d-a3b3-84dc6b2375da,HIGHCLIFFE MEDICAL CENTRE,HIGHCLIFFE MEDICAL CENTRE,HIGHCLIFFE,SW,BH23 5ET,50.741232,-1.7018378,01425 272203,179
a0dc4dd3-da4e-325b-b200-83510e8df5ec,THE HERMITAGE SURGERY,THE HERMITAGE SURGERY,SWINDON,SW,SN1 3EF,51.552004,-1.772421,01793 522492,31
8aa3be3f-c9b8-3d83-b4b9-7fa5853c5beb,PRIORY SURGERY,326 WELLS ROAD,PILL,SW,BS4 2QJ,51.434219,-2.5660064,0117 9493988,35
a9dcee86-b4b5-3a9c-84b3-cf9b0a43ab1c,CART TEAM,POST POINT 21,BOURNEMOUTH,SW,BH7 7DW,50.747482,-1.8205054,01202 704031,64
59b6e09c-502f-3172-a02f-0f54d1e9917c,IMPROVED ACCESS GLOUCESTER INNER CITY,PAVILION FAMILY DOCTORS,EXETER,SW,GL1 5JJ,51.853393,-2.2425901,01452 385555,56
79b3e042-3596-32c2-ad15-450af6fc25de,ST MARGARET'S HOSPICE,ST MARGARET'S HOSPICE,BRISTOL,SW,TA1 5HA,51.016486,-3.1270865,0845 0708910,88
56b36b06-890b-34bf-b58d-ad80bc54793f,GP TACKLING VIOLENCE SERVICE,SAFE TREATMENT FACILITY,SWINDON,SW,BS2 8HW,51.458886,-2.596293,0117 9539430,127
282b55af-97c5-3e9b-abc0-ec67c3ad65cc,RAMSEY HEALTH CARE UK,NEWHALL HOSPITAL,SWINDON,SW,SP5 4EY,51.030723,-1.7638289,01722 435140,56
3e3133f3-f89b-366f-ac2f-e83f1f4fbbb7,CANNINGTON HEALTH CENTRE,CANNINGTON HEALTH CENTRE,YEOVIL,SW,TA5 2HB,51.149764,-3.0646487,01278 652335,296
943c34df-19c6-3394-a69a-d310cab77c6a,ABBEY MANOR MEDICAL PRACTICE,ABBEY MANOR MEDICAL PRACT,IVYBRIDGE,SW,BA21 3TL,50.94992,-2.6644627,01935 404820,133
895464b8-3367-3d98-8f46-db7589eaf51f,HATHAWAY SURGERY,HATHAWAY SURGERY,CHIPPENHAM,SW,SN14 6GT,51.467324,-2.1397639,01249 462775,51
1aac4558-fbfd-3404-b987-4eb52dea9351,DARTMOUTH AMBULANCE STATION,COLLEGE WAY,DARTMOUTH,SW,TQ6 9SL,50.353603,-3.5833912,,3
e98d9a15-82df-3aa3-9518-591be0e0a806,WESTBANK PRACTICE,THE SURGERY,EXETER,SW,EX6 8PZ,50.625663,-3.4478225,,6
0416ba5d-84d5-38a1-9f31-36edddb0b022,BECKINGTON FAMILY PRACTICE,BECKINGTON FAMILY PRAC,SOMERSET,SW,BA11 6SE,51.266491,-2.2815516,01373 830316,106
9338397e-c312-3129-8421-a26f81fef1e2,HILLCREST,31 SLADES FARM ROAD,BOURNEMOUTH,SW,BH10 4EU,50.749533,-1.8948292,,1
17ce6339-3498-38b0-a297-9212e880840f,PRIMARY CARE GYNAECOLOGY SERVICE,PRIMARY CARE GYNAECOLOGY,GLOUCESTER,SW,BS11 9JJ,51.49838,-2.6953877,0117 9824322,62
b2f8d294-6ba5-3e52-85c1-3876a0dd8f84,EVERGREEN SOCIAL DAY CARE SERVICE,50 THE MOUNT,TAUNTON,SW,TA1 2NR,51.014941,-3.0714654,,3
064c8f9e-30d9-3a96-9f70-a30df86ae26e,SUNNYSIDE SURGERY,SUNNYSIDE SURGERY,BRISTOL,SW,BS21 7TA,51.437908,-2.8585514,01275 873588,123
ef9e86ea-b54a-3913-a9ce-f4ad257d27c7,ALPHINGTON PHARMACY,25 IDE LANE,PENHALE,SW,EX2 8UP,50.699471,-3.5349723,01392 434749,50
5c29fcd4-7f2c-3879-a43b-2ed3f1c772c2,PES AT SMITH AND SWEPSON H&W CCG,2 IMPERIAL SQUARE,BARTON ROAD, TEWKESBURY,SW,GL50 1QB,51.897628,-2.076949,01242 243800,41
ac10954a-d680-3be4-a197-67ff9241416b,GILLINGHAM MEDICAL PRACTICE,PEACEMARSH SURGERY,GILLINGHAM,SW,SP8 4FA,51.04774,-2.2827186,,3
6998b339-45f9-3d9a-8b38-a3a720b19436,PES@SPECSAVERS FROME BSW CCG,19 WESTWAY CENTRE,MELKSHAM,SW,BA11 1BS,51.231931,-2.3216149,01373 451180,133
fd031237-5080-3949-9b0d-cb086bb77672,CLAYS PRACTICE,THE CLAYS PRACTICE,LISKEARD,SW,PL26 8JF,50.408534,-4.832585,01726 890370,29
28619c6c-74e7-318d-81b3-c75174ed1dcf,CASTLE PRACTICE,THE LUDGERSHALL HLTH CTRE,ANDOVER,SW,SP11 9RA,51.256046,-1.6175308,01264 790356,59
fe1597fb-905f-3d1a-bfdc-bf2bb9b31933,ST AUSTELL HEALTH GROUP,ST AUSTELL HEALTH GROUP,CORSTON, BATH,SW,PL25 3EF,50.34439,-4.7596194,01726 75555,64
959cb422-11dd-3fbb-a9a9-80d0854866c4,CAMHS EXETER & EAST,EVERGREEN HOUSE,TIVERTON,SW,EX2 4NU,50.718517,-3.5144728,01392 208600,51
26fc787e-2e4c-3d0e-a4ab-f61df34bb3dd,RESPIRATORY COMMUNITY SERVICE,NEW FRIENDS HALL,KINGSWOOD, BRISTOL,SW,BS16 1EQ,51.479731,-2.5667715,0300 1245909,145
8ae7f0b7-8aab-3296-8f99-a37f527a2e82,GREAT WESTERN SURGERY,THE GREAT WESTERN SURGERY,SWINDON,SW,SN1 2QU,51.569609,-1.7679471,01793 421311,169
5d610cfb-367e-3905-b8a3-85415048c133,THE MILTON SURGERY,THE MILTON SURGERY,BRISTOL,SW,BS22 8AG,51.352667,-2.9491928,01934 249554,34
971afe70-ad43-32d1-ae0d-264d0d70411e,EAST CLUSTER IAGPS,RBCH NHSFT,EXETER,SW,BH7 7DW,50.747482,-1.8205054,01202 303626,32
579e83fa-dc24-3025-a89c-3d9789b770f2,THE DORCHESTER RD SURGERY,THE DORCHESTER RD SURGERY,WEYMOUTH,SW,DT4 7LE,50.625193,-2.4575122,01305 766472,33
e4835f30-4acf-3897-88a3-3f1d62f8f2bf,MERE SURGERY,MERE SURGERY,WARMINSTER,SW,BA12 6DT,51.089873,-2.2653561,01747 860001,28
2e69599c-ad41-3841-809b-1a4ba0d364c0,NEWQUAY HEALTH CENTRE,THE HEALTH CENTRE,FREMINGTON, BARNSTAPLE,SW,TR7 1RU,50.412238,-5.0774822,01637 850002,62
0a1e7fe2-9b59-3134-bfb2-c6fb6682921f,MOORDOWN CLINIC,844 WIMBORNE ROAD,BOURNEMOUTH,SW,BH9 2DS,50.752249,-1.8765793,,6
1b5cd21c-4dc6-38ff-9c13-42d74dbcfe7f,PHYSIOTHERAPY,CAREW HOUSE,BODMIN,SW,PL31 2QN,50.471789,-4.7421018,01208 834600,30
d9d15e89-1b80-33a3-a9ae-37a679217943,SUE RYDER,LECKHAMPTON COURT HOSPICE,GLOUCESTER,SW,GL53 0QJ,51.872654,-2.0873061,01242 230199,58
d0b71d18-7643-3939-99ef-038a94d6ac30,ACUTE CARE AT HOME EAST,ST BARNABAS HOSPITAL,GLOUCESTER,SW,PL12 4BU,50.407375,-4.2146868,01208 834600,68
c8f7c27f-b501-3cf4-9ba1-d4ccc48c62db,ST ALBANS MEDICAL CENTRE,ST.ALBANS MEDICAL CENTRE,CHARMINSTER,SW,BH8 9EW,50.741727,-1.8607624,01202 517333,63
5120d156-cb09-388a-826d-632c36d325cd,THE ALNEY PRACTICE,HIGHNAM SURGERY,LYDNEY,SW,GL2 8DH,51.884218,-2.2991565,01452 529699,218
5a2ebd5d-e25d-3705-8c78-f8d9ed500546,FRANKLYN COMMUNITY HOSPITAL,FRANKLYN DRIVE,EXETER,SW,EX2 9HS,50.712419,-3.549418,,3
f946d48a-4047-35ee-921a-49c3988a21c8,EIS EAST NIP,SEASTONE HOUSE,BOURNEMOUTH,SW,BH4 8EP,50.716798,-1.9032736,,3
7cc64797-7516-3af3-95c7-33bf3ddc77c2,CHIDDENBROOK SURGERY,CHIDDENBROOK SURGERY,PLYMOUTH,SW,EX17 3JJ,50.791276,-3.6746968,01363 772227,137
27f1c825-35df-3267-aba1-ee40b51bce26,CAMHS SOUTH & WEST,LESCAZE OFFICE,EXETER,SW,TQ9 6JD,50.446151,-3.7103268,01803 763500,53
e64faf50-8dad-3277-b62d-83131a1bef4f,JAMES FISHER MEDICAL CENTRE,4 TOLPUDDLE GARDENS,BOURNEMOUTH,SW,BH9 3LQ,50.760837,-1.861202,,3
d86f5c23-e320-3b84-b6d7-ddab159c6b08,RIVERVIEW,VICTORY ROAD,DARTMOUTH,SW,TQ6 9JR,50.352234,-3.5947177,,3
98ef1dea-8665-3151-9d74-c6af4aa0549a,CUMBERLAND CENTRE,DAMEREL CLOSE,PLYMOUTH,SW,PL1 4JZ,50.369816,-4.1688071,,7
1d11b54b-e5a7-3c14-9f11-61d96e21aaa0,HEATHERVIEW MEDICAL CTR.,HEATHERVIEW MEDICAL CTR.,POOLE,SW,BH12 4AY,50.739773,-1.9130332,01202 743678,37
73d01f29-c3f3-3d27-a5be-3a768c943132,TORRINGTON HOSPITAL,CALF STREET,TORRINGTON,SW,EX38 7BJ,50.954834,-4.1369744,,3
7e44e9aa-4c98-38cd-8108-abad87d4a8f1,SALTASH HEALTH CENTRE,SALTASH HEALTH CENTRE,TRURO,SW,PL12 6DL,50.40973,-4.2208911,01752 842281,110
9bf9cd98-b0e3-359b-a4b4-fc0cd48b14e5,HEART OF BATH,45 UPPER OLDFIELD PARK,BATH,SW,BA2 3HT,51.376364,-2.3739326,01225 613100,33
d4861ca9-c0c8-3e14-92bc-ea3149b76d7c,WOODA SURGERY,THE WOODA SURGERY,TORRINGTON,SW,EX39 4AU,51.017748,-4.2006927,01237 471071,66
bcc49dd2-5981-34ca-bc6a-c30cfb5adeba,OLD BRIDGE SURGERY,OLD BRIDGE SURGERY,PENZANCE,SW,PL13 1HA,50.35684,-4.4553095,01503 266960,57
41ff1dff-20b8-309d-9ff5-46e965478d51,PRIMARY CARE STOP SMOKING,PUBLIC HEALTH BUS TEAM,BRISTOL,SW,BS1 6XL,51.447759,-2.6180206,0117 9222920,148
1bea17ba-0c5d-3e5c-a469-c19e439f7d32,ROWLANDS PHARMACY,136 PUREWELL,DORSET,SW,BH23 1EU,50.736063,-1.7615145,01202 484840,33
759e5f21-767b-348e-8f2f-273bb82df3a4,GLOUCESTER ICT HUB,QUAYSIDE HOUSE,GLOUCESTER,SW,GL1 2HY,51.866195,-2.2515906,,3
d3cedccd-972a-39dd-9b35-90e41a6fd313,GRANGE ROAD SURGERY,GRANGE ROAD SURGERY,BRISTOL,SW,BS13 8LD,51.412944,-2.6194489,0117 9644343,217
16e3dd32-7014-3bdd-b9cc-b6ade047f7f8,BEDMINSTER FAMILY PRACTICE,BEDMINSTER FAMILY PRACT,BRISTOL,SW,BS3 4AT,51.444222,-2.5942314,0117 9663149,195
780038e7-cafd-375f-9901-10c6289d75e6,MIDDLEWAY SURGERY,MIDDLEWAY SURGERY,ST AUSTELL,SW,PL24 2JL,50.356446,-4.7132876,01726 812019,63
01b013c7-9b7a-3471-87c7-3dd1120e46ac,KINSON ROAD MEDICAL CENTRE,KINSON ROAD MEDICAL CTR,BOURNEMOUTH,SW,BH10 5EY,50.767434,-1.9014254,01202 574604,95
2623bc18-50df-3523-8c1a-52f142a952b2,HAWTHORN MEDICAL CENTRE,HAWTHORN MEDICAL CENTRE,SWINDON,SW,SN2 1UU,51.576581,-1.7791096,01793 536541,45
7e60b7e5-6184-359a-a9dd-b824b32a0875,ILFRACOMBE AMBULANCE STATION,MARLBOROUGH ROAD,ILFRACOMBE,SW,EX34 8JL,51.205007,-4.1225249,,3
545bba2d-2023-3f7a-8df0-9dba2c6dfed6,SUE RYDER CARE,LECKHAMPTON COURT,CHELTENHAM,SW,GL53 0QJ,51.872654,-2.0873061,,3
f9fcbb2e-61bd-32be-b671-7b08071709e2,GPSI-DERMATOLOGY CLINIC,C/O THE IVYBRIDGE H/C,EXETER,SW,PL21 0AJ,50.391844,-3.9207007,01752 690777,65
359ac358-bc50-3153-a2be-78838075224f,THE BIRCHWOOD PRACTICE,THE BIRCHWOOD PRACTICE,POOLE,SW,BH17 7XW,50.740218,-1.9984599,01202 697639,68
6d29ad34-3336-341e-96f0-df3404e3d8f3,HEART FAILURE SERVICE,SANGER HOUSE,OSPREY ROAD, SOWTON,SW,GL3 4FE,51.848819,-2.1752634,01452 389494,32
aefefe3f-c4d3-3d31-bf28-4ff9b807bf8c,OLD FARM SURGERY,THE OLD FARM SURGERY,KINGSBRIDGE,SW,TQ3 3TB,50.438688,-3.5850884,01803 556403,300
8a5b442a-4a15-3859-8b27-ba1825e22bec,ST KILDA'S RESIDENTIAL HOME,15 DREW STREET,GLOUCESTER,SW,TQ5 9JU,50.388415,-3.5161539,01803 853158,87
c0adeda7-93c2-3663-ae6b-c2aeea79a962,FAIRFIELD PARK HEALTH CENTRE,FAIRFIELD PARK HEALTH CTR,BRISTOL,SW,BA1 6EA,51.39498,-2.3525965,01225 331616,215
e03c4db9-31b2-32bd-9c80-d5540c602d72,CANFORD HEATH CLINIC,NEIGHBOURHOOD CENTRE,POOLE,SW,BH17 9DW,50.751527,-1.9666079,,1
c9e5718f-029c-3e6c-8b83-92c852c03573,PORLOCK MEDICAL CENTRE,PORLOCK MEDICAL CENTRE,BRIDGWATER,SW,TA24 8PJ,51.209934,-3.5964838,01643 862575,69
da22ee6d-7819-3626-b6b7-82aad02eed76,BUDSHEAD MEDICAL PRACTICE,BUDSHEAD MEDICAL PRACTICE,PLYMOUTH,SW,PL5 4DU,50.417443,-4.1502889,01752 206002,46
3fa220a6-490c-3b73-b370-42f5aaadd250,CHRISTCHURCH BUSINESS CENTRE,GRANGE ROAD,CHRISTCHURCH,SW,BH23 4JD,50.7397,-1.7378152,,16
fa951781-c4b1-3895-8858-6f7cc08bb206,NORTHLANDS SURGERY,NORTHLANDS SURGERY,CALNE,SW,SN11 0HH,51.441656,-2.0058502,01249 812141,107
ddd11cac-86b5-3e35-9733-9f98c306941c,PARK LANE PRACTICE,PARK LANE PRACTICE,SWINDON,SW,SN1 5HG,51.558872,-1.7959424,01793 523176,98
adf51fc2-b060-38e9-8edb-c0cbe2d0bc70,MINOR INJURIES UNIT,CUMBERLAND CENTRE,PLYMOUTH,SW,PL1 4JZ,50.369816,-4.1688071,01752 434390,146
0d25bbcf-90cd-373a-8dca-6dd0bef04c45,ST MARTINS SURGERY,ST.MARTINS SURGERY,BRISTOL,SW,BS4 2QR,51.43134,-2.5644748,0117 9775641,149
3d8c7691-9b60-3adb-9dd5-605c9bd9646e,COMMUNTIY SERVICES (YEOVIL),RECKLEFORD CHILDREN'S CENTRE,YEOVIL,SW,BA21 4ET,50.944246,-2.6253667,,9
09dae364-36e0-39a3-8c56-6759c4c1466f,HARPTREE SURGERY,HARPTREE SURGERY,BRISTOL,SW,BS40 6HF,51.310325,-2.6321829,01761 221406,32
0c779a34-f5e3-356f-ad98-1db95f590032,PILNING SURGERY,PILNING SURGERY,STOKE GIFFORD,SW,BS35 4JF,51.56403,-2.6412506,01454 632393,92
055019b7-288e-3645-afcc-30c711d8a385,COMBE DOWN SURGERY,COMBE DOWN HOUSE,WESTON SUPER MARE,SW,BA2 5EG,51.361012,-2.3455851,01225 832226,31
1dd1fac7-f43a-36fa-a07a-0845139facaf,L85060 (VINE SURGERY),VINE SURGERY,NORTH PETHERTON,SW,BA16 0ET,51.126187,-2.7378528,01458 841122,39
16b61a50-d6f1-3f2a-8068-e5a30ded44ce,HMP GUYS MARSH,HMP GUYS MARSH,SALISBURY,SW,SP7 0AH,50.984693,-2.2212905,01747 856400,165
8f92f626-8bc7-3175-a9c4-21290081b3b6,THE LINK CHILDRENS CENTRE,UNDERHILL ROAD,GLOUCESTER,SW,GL4 6BE,51.837612,-2.2159742,,12
4e922468-704e-3d1e-90f7-a7b4e0c74162,TINKERS LANE SURGERY,TINKERS LANE SURGERY,SWINDON,SW,SN4 7AT,51.543532,-1.900512,01793 852131,73
ae34243d-a964-3e08-a9d6-d6c040dc29bf,MOREDON MEDICAL CENTRE,MOREDON MEDICAL CENTRE,SWINDON,SW,SN2 2JG,51.582178,-1.8068499,01793 342000,144
f9fda1ef-26c1-31ed-bccf-e58258a63ec0,PARKHILL MEDICAL PRACTICE,PARKHILL MEDICAL PRACTICE,BIDEFORD,SW,TQ1 2AR,50.460249,-3.5229443,01803 212489,29
c0ebf701-ed23-34fd-904f-b3a80358e5fe,NORTH & WEST BRISTOL LOCALITY,WITHYWOOD CENTRE,MONTPELIER,SW,BS13 8QA,51.40731,-2.6221188,0300 1256789,95
ec54b696-3dc9-3321-9d6c-23e0fd1457b6,BOURNEMOUTH LIBRARY,22 THE TRIANGLE,BOURNEMOUTH,SW,BH2 5RQ,50.720737,-1.8845382,,1
33364ffd-4452-38df-8ca8-8cd1803191d8,BURTON & BRANSGORE MEDICAL CENTRE,123 SALISBURY ROAD,CHRISTCHURCH,SW,BH23 7JN,50.75285,-1.7648598,01202 474311,155
1c201fe2-bac4-3ccc-9357-8a8f0b9547b0,SEA MILLS SURGERY,SEA MILLS SURGERY,BRISTOL,SW,BS9 2HL,51.484587,-2.6499282,0117 9681182,196
c9c874bc-d840-3876-8f0b-5f9bff05e60a,ADDACTION TORRIDGE & WEST DEVON,C/O UNIT 6,TIVERTON,SW,EX31 1DR,51.079791,-4.0623765,01271 859044,85
59a57182-03bf-3880-8fa9-87b478c4516f,PHOENIX SURGERY,PHOENIX SURGERY,SWINDON,SW,SN5 8SX,51.553528,-1.8218125,01793 600440,35
e53a90f7-c4bc-3df5-8964-8190a1bc0333,HARTWOOD HEALTHCARE,HARTWOOD HEALTHCARE,BRISTOL,SW,BS13 0JP,51.407626,-2.6013335,0117 3015226,54
e97554f3-bad2-3c6b-9054-5a97ff87497c,CORFE CASTLE SURGERY,TOM'S MEAD,CORFE CASTLE,SW,BH20 5HH,50.635888,-2.0594219,01929 480441,51
9e6b8e77-a5e4-3183-ac3a-c38db6e593ba,HOME TREATMENT TEAM,RIVERVIEW,PLYMOUTH,SW,PL4 7QD,50.378513,-4.1151078,01752 314033,59
9aa705e4-adf9-35aa-962e-6f947614f242,PENWITH PCN HUB,MARAZION SURGERY,TRURO,SW,TR17 0HW,50.126873,-5.4639276,07970 829855,29
d0415b28-7498-3293-9c39-10b3a82dcb27,CHILD DEVELOPMENT CENTRE,PINHOE ROAD,EXETER,SW,EX4 8AD,50.731606,-3.4939656,,2
fd686990-8912-3fb9-9d71-2645b6f11ac9,TOWNSEND HOUSE MEDICAL CENTRE,TOWNSEND HOUSE,CLAREMONT GROVE,SW,EX12 2RY,50.708487,-3.0732858,01297 20616,109
e9d072ec-07b0-3d07-8dce-2c3ec26ab1f4,LOVEMEAD GROUP PRACTICE,ROUNDSTONE SURGERY,TROWBRIDGE,SW,BA14 7EH,51.318645,-2.202706,01225 759850,434
9421a870-acab-3cf0-bbe7-cb83048cbc54,PETROC GROUP PRACTICE,THE MEDICAL CENTRE,EAST LOOE,SW,PL28 8ER,50.537922,-4.9444426,01637 880359,135
7c267c0e-3900-39c8-ade2-3b910fb9dac9,PRIMARY CARE LIAISON SERVICE,AWP  SANDALWOOD COURT,BATH,SW,SN3 4WF,51.588072,-1.747761,01793 835787,196
286a63bc-8b14-3977-a853-9b0db475ef0e,RALEIGH SURGERY,RALEIGH SURGERY,PLYMOUTH,SW,EX8 5NH,50.640412,-3.3939823,01395 222499,168
33fae30a-7c92-3c7b-85be-5efe964c2e8f,POUNDBURY DOCTORS SURGERY,POUNDBURY DOCTORS SURGERY,DORCHESTER,SW,DT1 2FD,50.713475,-2.457465,01305 251128,33
f1880098-19c0-3fa6-837e-4371470677da,CSP AT SPA,SPA MEDICAL CENTRE,GLOUCESTER,SW,SN12 6UN,51.366859,-2.1260266,01225 709311,105
6d4046bb-690b-3b94-a4d2-29dbcf6ba47b,ADELAIDE STREET SURGERY,20 ADELAIDE STREET,PEVERELL,SW,PL1 3JF,50.370507,-4.1558302,01752 667623,109
c2a6b7e3-9c63-38aa-bcaa-f3bf404db246,ROYAL BOURNEMOUTH HOSPITAL (PERIPHERAL CLINIC),CASTLE LANE EAST,BOURNEMOUTH,SW,BH7 7DW,50.747482,-1.8205054,,3
a03307ef-f8ff-32e8-942b-333b839316d6,WINTON HEALTH CENTRE,WINTON HEALTH CENTRE,BOURNEMOUTH,SW,BH9 1BP,50.739605,-1.8763574,01202 519311,68
dd4414a5-8310-3403-8027-656f8ecdb8f6,ALMONDSBURY SURGERY,ALMONDSBURY SURGERY,BRISTOL,SW,BS32 4DS,51.553546,-2.5735158,01454 613161,151
54d08d20-9336-3810-bd3d-8780ba3a4ef0,CUMBERLAND UTC,CUMBERLAND CENTRE,PLYMOUTH,SW,PL1 4JZ,50.369816,-4.1688071,,9
d9cbc252-6c7d-3afb-8cae-be8c8ad71ea9,DAWN CLINIC,RHEUMATOLOGY DEPT,PLYMOUTH,SW,SN3 6BB,51.538161,-1.7276925,01793 604323,56
fe36bb35-4dad-356a-a2f4-62d273f3301d,ADOLESCENT INPATIENT UNIT,PEBBLE LODGE,BOURNEMOUTH,SW,BH4 8EP,50.716798,-1.9032736,,3
b724df21-7a24-3e5b-9200-8763ea68e6bc,WHITE HOUSE DAY CENTRE,STOW ROAD,MORETON-IN-MARSH,SW,GL56 0DW,51.987182,-1.7042442,,3
7983d034-c87a-3635-9fb6-ae307f1526a0,PENALVERNE SURGERY,PENALVERNE SURGERY,FALMOUTH,SW,TR18 2RE,50.119238,-5.5409911,01736 363361,37
adf10ad3-3213-3622-8974-15dd26dad9fc,PHARMADERMA LTD OKEHAMPTON,31-32 FORE STREET,PLYMOUTH,SW,EX20 1HB,50.739062,-4.0024376,01837 52153,73
d5c981cb-8f8a-3d52-be03-5a9fa5d0232e,CHARLES CROSS POLICE STATION,HAMPTON STREET,PLYMOUTH,SW,PL4 8HG,50.372756,-4.1363271,,3
9ca7fd71-effb-3a3e-ad35-f653b018c922,BCH URGENT CARE CENTRE,S BRISTOL COMM HOSPITAL,EXETER,SW,BS14 0DE,51.413518,-2.584803,0117 3429692,29
80a70e80-7312-300b-93b7-dee1462bbabb,MEDICAL RECORDS,9 ARTILLERY ROAD,YEOVIL,SW,BA22 8RP,50.949275,-2.6796855,,3
6f9d6b49-efea-39b1-a4c7-f9a20f9a3a53,TAUNTON DEANE CMHT FOR OLDER PEOPLE,2 MARCO POLO HOUSE,TAUNTON,SW,TA2 6BJ,51.026078,-3.1246384,,1
11c06aec-49b0-347c-bd70-5d284474c076,FROME RENAL OUTPOST,FROME COMMUNITY HOSPITAL,FROME,SW,BA11 2FH,51.237156,-2.3112808,,6
48977fa6-1dae-3f36-85ab-1fb4c8e9802b,MARINE & OAKRIDGE PARTNERSHIP,29 BELLE VUE ROAD,BOURNEMOUTH,SW,BH6 3DB,50.722847,-1.8065462,,3
1c90f72a-27e2-3852-8631-df16f8fbbaf5,CHEDDAR MEDICAL CENTRE,CHEDDAR MEDICAL CTR.,HIGHBRIDGE,SW,BS27 3NZ,51.274673,-2.7755388,01934 742061,60
13bbad03-d8f5-356e-b98c-d68708d427a1,NORTH & SOUTH GLOUCESTER PCN HUB,CHURCHDOWN SURGERY,STROUD,SW,GL3 2JH,51.882388,-2.171675,07917 923717,29
51e1e872-a6a0-3141-87d4-73936ac2e2dd,NEWMEDICA BRISTOL,LITFIELD HOUSE,SWINDON,SW,BS8 3LS,51.457757,-2.6230925,0117 3350160,445
35a4f805-ad22-37c4-bef7-00481aea9dfd,COMMUNITY TEAM CAMBORNE,CAMBORNE HEALTH OFFICE,GLOUCESTER,SW,TR14 7DL,50.213388,-5.3036568,01208 834600,66
167c5086-c870-3686-9722-1c094e882ad0,PRESCRIBER 113,KINGSWOOD HUB,BRISTOL,SW,BS15 4DA,51.4626,-2.4999413,,16
e642ff64-91b1-3ac6-9eef-1043dc15a0d8,ASHINGTON HOUSE SURGERY,ASHINGTON HOUSE SURGERY,WESTLEA,SWINDON,SW,SN5 7XY,51.557473,-1.8266148,01793 614840,41
817b8116-2e7b-3ca3-933d-89151127a9c0,ST ANN STREET SURGERY,82 ST.ANN STREET,SALISBURY,SW,SP1 2PT,51.066336,-1.7891362,01722 342000,53
ba8fbb5c-94c4-3949-82f8-d09fd2682d27,SOUTH HAMS HOSPITAL,PLYMOUTH ROAD,GLOUCESTER,SW,TQ7 1AT,50.288709,-3.7788257,01548 852349,41
9afaa18f-9a47-3716-b77a-261d32b1c401,FOXHAYES PRACTICE,THE FOXHAYES PRACTICE,MARLBOROUGH STREET,SW,EX4 2BH,50.726118,-3.5492607,01392 208789,236
e3ec2425-9343-39df-8af1-80c832b3b2ad,MORRAB SURGERY,MORRAB SURGERY,PENZANCE,SW,TR18 4EL,50.116924,-5.5389873,01736 363866,68
393d7af9-1712-3d57-9061-04f4efacea4c,PACT,CIVIC CENTRE ANNEXE,DEVIZES,SW,BH15 2RU,50.722731,-1.9626899,01202 633875,62
5087cb93-48a1-329e-989b-a337b26f6bbc,BEVERSBROOK MEDICAL CENTRE,BEVERSBROOK MEDICAL CTR,CALNE,SW,SN11 9UT,51.446304,-2.0134195,01249 821831,64
f8bc017f-a924-3b9a-b059-bc710d8aff84,NEWMEDICA PLYMOUTH,FORDER HOUSE,EXETER,SW,PL6 5WR,50.411651,-4.1194127,01752 421622,65
df159267-fa0e-3bc7-8a93-5c5769f78b13,ABBEY VIEW MEDICAL CENTRE,SALISBURY ROAD,SHAFTESBURY,SW,SP7 8DH,51.002839,-2.1912489,,3
dad911a4-4690-3e61-9701-074002f37f4c,LIVI - WESTROP SYSTMONE HUB,FLOOR 12  CAPITAL TOWER,EXETER,SW,SE1 8RT,51.503542,-0.11044757,020 38703029,164
79a97155-bb0b-3b9e-81fa-3ca18905de76,ONCOLOGY  TAVISTOCK,TAVISTOCK HOSPITAL,TAVISTOCK,SW,PL19 8LD,50.547178,-4.1535757,,3
11639cff-51fb-3b68-99cb-eb74701d17fc,BURTON MEDICAL CENTRE,123 SALISBURY ROAD,CHRISTCHURCH,SW,BH23 7JN,50.75285,-1.7648598,,6
d6368469-e872-309a-beb7-4a402b75fd95,DIABETES CENTRE,ROYAL UNITED HOSPITAL,SWINDON,SW,BA1 3NG,51.392764,-2.3905661,01225 824173,48
5b595ac5-ff1b-34a9-9949-f01683af9452,NARROWCLIFF SURGERY,NARROWCLIFF SURGERY,TRURO,SW,TR7 2QF,50.417623,-5.07082,01637 854433,32
bf02b3c0-65ba-36f2-91d6-19865b826fa1,OAKSIDE SURGERY,HONICKNOWLE GREEN MED CTR,PAIGNTON,SW,PL5 3PY,50.411267,-4.1593271,01752 766000,237
618102ec-510d-3c0c-9cf6-59711f8ebca5,ST JAMES MEDICAL CENTRE,ST JAMES MEDICAL CENTRE,YEOVIL,SW,TA1 1JP,51.018121,-3.101806,01823 285400,40
93c80fe1-6019-307e-b94a-26ce6d4bc84c,SOUTHMEAD & HENBURY FAMILY PRACTICE,SOUTHMEAD HEALTH CENTRE,BATH,SW,BS10 6DF,51.50477,-2.6016178,0117 9507150,181
0d816039-ec19-39d0-b65a-25491ef1d5b6,WESTBURY ON TRYM PRIMARY CARE CENTRE,WESTBURY ON TRYM PCC,BRISTOL,SW,BS9 3AA,51.493033,-2.6177543,0117 9623406,181
cb205984-0b32-3835-aa3b-6ed74c76bbc7,DAY LEWIS PHARMACY,206 SALTASH ROAD,EXETER,SW,PL2 2BD,50.389341,-4.1799684,01752 562597,87
2f7fea84-0763-3a14-823a-09a407213e34,RIDGEWAY VIEW FAMILY PRACTICE,WROUGHTON HEALTH CENTRE,SWINDON,SW,SN4 9LW,51.524184,-1.7915714,01793 812221,32
bf30acaa-2e6d-3b41-8caa-00f910e44088,ENT CLINIC  CUMBERLAND,CUMBERLAND CENTRE,PLYMOUTH,SW,PL1 4JZ,50.369816,-4.1688071,,12
5e2e7bbe-7411-3c48-8f91-035d78bacdae,SHELLEY MANOR HOLDENHURST MEDICAL CENTRE,SHELLEY MANOR MED CTR,BOURNEMOUTH,SW,BH5 1LX,50.723834,-1.8344508,01202 309421,33
aeca6466-46d2-3150-8330-e0e3f3413207,CREWKERNE HOSPITAL,MIDDLE PATH,CREWKERNE,SW,TA18 8BG,50.88012,-2.7979232,,3
3fb7ca38-e9d8-31d9-8495-dba86956c77b,AVENUE SURGERY,THE AVENUE SURGERY,WARMINSTER,SW,BA12 9AA,51.206368,-2.1785218,01985 224600,183
f8ff1f6f-f8d5-3148-bfbe-acc29c181b1c,HANHAM HEALTH (SGDAS),HANHAM SURGERY,BODMIN,SW,BS15 3HY,51.443576,-2.51205,01179 582518,36
d81d3e6b-073b-3c20-a1e5-ba91cef3aee7,COMMUNITY LEARNING DISABILITIES TEAM,WESTBOURNE UNIT,PLYMOUTH,SW,PL2 2PQ,50.390641,-4.1618788,01752 434033,50
fe42e79c-1354-3390-838f-56092c7f4dd5,MARKET LAVINGTON SURGERY,MARKET LAVINGTON SURGERY,DEVIZES,SW,SN10 4AQ,51.289137,-1.9758018,01380 812500,127
6da1459e-658d-3cbc-a737-95ffe3ddeaa2,SOUTHBROOM SURGERY,THE SOUTHBROOM SURGERY,DEVIZES,SW,SN10 1LQ,51.352324,-1.9890804,01380 719959,41
3a6ebda6-cab2-33d8-b9e5-b07f689b1855,SUSSED,1442A WIMBORNE ROAD,BOURNEMOUTH,SW,BH10 7AR,50.767572,-1.8953419,,3
cd0da644-acff-3160-bfbd-c6e55ec6a241,GP UCS (GLOUCESTERSHIRE) OOH,THE TRI-SERVICE CENTRE,ST MARYS,SW,GL2 2BA,51.813788,-2.2749722,01452 726468,67
e6a557fa-8332-3dfc-b8da-b70cffee09b8,PATHFIELDS SCHOOL,ABBEY ROAD,BARNSTAPLE,SW,EX31 1JU,51.086024,-4.063839,,3
4de8e750-dc74-3755-bf05-7768de511446,BOURNEMOUTH DN NPF,BOURNEMOUTH LOCALITY,WIMBORNE,SW,BH21 1ER,50.802195,-1.9959181,,3
b0b450e9-547e-314d-9644-780638fa2134,ELDENE SURGERY,ELDENE SURGERY,SWINDON,SW,SN3 3TQ,51.556121,-1.7374658,01793 522710,34
59b64739-901d-32f5-9d08-aa3d17982b48,UNIVERSITY MEDICAL CENTRE,UNIVERSITY MEDICAL CENTRE,STOKE BISHOP,SW,BA2 7AY,51.380441,-2.3306731,01225 789100,54
59b9f3bd-2b3c-30ad-a2e4-d6b9cf3c9f5d,YETMINSTER MEDICAL CENTRE,THE SURGERY,SHERBORNE,SW,DT9 6LG,50.893982,-2.5775301,01935 872530,72
5a8c6b1e-3af1-370a-a2ab-99d2597d9c50,WORKING AGE ADULTS - PARK HOUSE,PARK HOUSE DAY HOSPITAL,STROUD,SW,GL5 2JG,51.739518,-2.2067294,01453 563150,49
1c1d9a96-cb1e-38b7-be41-1db678530cf5,OKEHAMPTON MEDICAL CENTRE,EAST STREET,OKEHAMPTON,SW,EX20 1AY,50.738804,-3.9975936,,3
8d126856-db61-3c07-99ae-0b8f08dfe1ec,NURSE PRESCRIBER WOODA SURGERY,CLARENCE WHARF,BIDEFORD,SW,EX39 4AU,51.017748,-4.2006927,,3
3a015b0e-0f7d-3f66-b010-d6360117c825,PORCH SURGERY,THE PORCH SURGERY,CORSHAM,SW,SN13 9DL,51.432435,-2.1920759,01249 712232,71
05235c31-ef05-3471-9e66-e1d51d505c62,PODIATRY,THE HADLEIGH PRACTICE,WIMBORNE,SW,BH21 3LN,50.763714,-2.0229603,,6
274d2da0-9310-3972-a82e-5b042c1145c7,BURNHAM AMBULANCE STATION,LOVE LANE,BURNHAM-ON-SEA,SW,TA8 1EU,51.23815,-2.9929159,,3
a2adcd7b-e1f7-32f8-83e6-79075058bd30,SPRINGMEAD SURGERY  CHARD,SPRINGMEAD SURGERY,WINCANTON,SW,TA20 2EW,50.86958,-2.967952,01460 64457,87
0c9bc345-41f5-3b23-b317-ba18c3d3c48c,SHIREHAMPTON GROUP PRACTICE,SHIREHAMPTON HEALTH CTR,BRISTOL,SW,BS11 9SB,51.489137,-2.676768,0117 9162226,55
6beb0a83-8ad5-310b-809a-fc48a8b023d0,BETTRIDGE SCHOOL,WARDEN HILL ROAD,CHELTENHAM,SW,GL51 3AT,51.887721,-2.0997438,,3
b15f2fe1-73d7-3139-ad79-087c410197d4,ST.JAMES'S SURGERY,ST.JAMES'S SURGERY,BRISTOL,SW,BA1 2SR,51.38946,-2.3668537,01225 422911,115
25dda7ff-9497-37e5-8057-fc9ae8589f5b,STONEHOUSE HEALTH CLINIC,STONEHOUSE HEALTH CLINIC,GLOUCESTER,SW,GL10 2NG,51.746885,-2.2828506,01453 823144,45
da7b2a6c-afd2-3586-b5f8-a622f5e38fa7,IRNHAM LODGE SURGERY,IRNHAM LODGE SURGERY,CASTLE CARY,SW,TA24 5RG,51.203013,-3.4778355,01643 703289,72
a501480f-d0f4-3a23-bdc5-64453d35f686,NEUROLOGY COMMUNITY SERVICE,NEW FRIENDS HALL,KINGSWOOD,SW,BS16 1EQ,51.479731,-2.5667715,0117 9617182,32
70eb10c2-ed48-3ee6-acf9-13bc7de00ec5,COMMUNITY OPHTHALMOLOGY SERVICE,THE ADAM PRACTICE,DEVIZES,SW,BH16 5PW,50.73901,-2.028971,01202 622339,291
f7b5bcc5-585b-3d5f-bd2f-505e50f5489d,WITHYCOMBE LODGE SURGERY,WITHYCOMBE LODGE SURGERY,EXMOUTH,SW,TQ3 2SG,50.440301,-3.567637,01803 525525,33
eb43d508-0a3d-350a-9ced-cad34fb0a9e9,CHARLOTTE KEEL MEDICAL PRACTICE,CHARLOTTE KEEL HEALTH CTR,BRISTOL,SW,BS5 0UA,51.465599,-2.5717211,0117 9027145,47
2467f478-5856-36b4-8c21-c0441bfc3233,DEAN CROSS SURGERY,DEAN CROSS SURGERY,AXMINSTER,SW,PL9 9DL,50.358939,-4.0953552,01752 404743,134
dbcdd135-b8ef-385a-9c02-728547f21b2e,COMBE COASTAL PRACTICE,COMBE COASTAL PRACTICE,OTTERY ST.MARY,SW,EX34 8EG,51.203741,-4.1268329,01271 863119,40
3bbfc0a5-53d0-3eab-a411-732ecbf33456,LANGTON HOUSE REHAB UNIT,WHARF ROAD,BRISTOL,SW,SN4 9LF,51.527248,-1.8008693,01793 845312,281
92c15527-4bc8-3252-8807-5a098ef8679b,YEALM MEDICAL CENTRE,YEALM MEDICAL CENTRE,PLYMOUTH,SW,PL8 2EA,50.348501,-3.9975261,01752 880567,30
f62bc0eb-a6c6-32f0-9f53-f8aae4d2ebe1,GLOUCESTER HEALTH ACCESS CENTRE,QUAYSIDE HOUSE,NEWQUAY,SW,GL1 2TZ,51.866195,-2.2515906,01452 336290,34
3f479d4f-f84b-3783-af1c-275358bddcd3,MAYFLOWER MEDICAL GROUP,STIRLING ROAD MEDICAL CTR,DAWLISH,SW,PL5 1PL,50.404913,-4.1889161,01752 982200,46
ce213a8b-e5bf-3c68-9d2f-0ce2d912c9fe,CORNWALL BCSC,ROYAL CORNWALL HOSPITAL,TRURO,SW,TR1 3LJ,50.266686,-5.0914501,01872 250000,56
cfee9c93-5130-382c-9af1-1c3e5a08dc7d,CAM & ULEY FAMILY PRACTICE,THE CAM SURGERY FAIRMEAD,CHELTENHAM,SW,GL11 5NE,51.699708,-2.3643958,01453 860459,48
61fc7705-1886-33ad-a9ae-a874184a0c50,COMMUNITY PRESCRIBERS,GREAT WESTERN HOSPITAL,REDRUTH,SW,SN3 6BB,51.538161,-1.7276925,01793 604020,31
ed0cf576-d055-3cdf-800f-01466592b54a,DENMARK ROAD MEDICAL CENTRE,DENMARK ROAD MEDICAL CTR,BOURNEMOUTH,SW,BH9 1PB,50.746924,-1.8761397,01202 521111,86
0511ea63-edc6-3a0b-85a9-cc4ed1db7406,BCH DERMATOLOGY SERVICE,WILLIAM BUDD HEALTH CTR,WESTON SUPER MARE,SW,BS4 1WH,51.428755,-2.5962602,0117 9449782,36
7c19474a-f83a-3cd6-877b-33ae247e233c,TWNS PCN,1ST FLOOR DEVEREUX CENTRE,,SW,GL20 5GJ,51.99272,-2.1542275,01684 293278,28
b14d2f57-8588-384c-84a9-9efb41451d8d,BARN SURGERY (PODIATRY),BARN SURGERY,CHRISTCHURCH,SW,BH23 3AF,50.736437,-1.7594579,,3
581647cc-24d1-3f9d-b911-d6c42129c813,WALFORD MILL MEDICAL CENTRE,WALFORD MILL MEDICAL CTRE,WIMBORNE,SW,BH21 1NL,50.805288,-1.9892053,01202 886999,222
207a5fff-1bd3-3070-83ba-266998b3e39c,THE LENNARD SURGERY,THE LENNARD SURGERY,BRISTOL,SW,BS13 7JD,51.425872,-2.6130939,0117 9642211,300
4ec7f5cd-9557-37ff-87e3-4c402e99de49,PHARMACY MANUFACTURING UNIT (PMU),UNIT 7  TORBAY BUSINESS PARK,PAIGNTON,SW,TQ4 7HP,50.412309,-3.5877967,,3
702b695b-e03a-35a2-bbbe-0aa54c7e0279,LIVI - WYVERN HEALTH P'SHIP SYSTMONE HUB,FLOOR 12  CAPITAL TOWER,CHELTENHAM,SW,SE1 8RT,51.503542,-0.11044757,020 38703029,91
2620731d-b689-3a05-94cb-07be42aa552b,THORNBURY CLDT,THORNBURY OFFICE PARK,BRISTOL,SW,BS35 2BS,51.604813,-2.523898,01454 862450,38
3bac5089-a28e-3b45-80de-07d490c635c1,TURNING POINT TROWBRIDGE,THE HALVE,CHIPPENHAM,SW,BA14 8SA,51.322995,-2.2038015,0845 6036993,210
164c079c-f175-347a-9df0-a7f0e6f67ae4,CHARD DAY SERVICES,BAPTIST CHURCH HALL,CHARD,SW,TA20 2AH,50.872047,-2.9654734,,9
e596a6f8-4451-3c60-af06-3c7649081ebe,EAST TREES HEALTH CENTRE,100A FISHPONDS ROAD,BRISTOL,SW,BS5 6SA,51.470243,-2.5633714,0117 2444123,80
d4a84e7d-010a-3d09-905f-b8fb4f0d3c60,MITCHELDEAN SURGERY,BROOK STREET,MITCHELDEAN,SW,GL17 0AU,51.865935,-2.4883694,,6
8222d358-c196-3241-af1b-61b488b68bc3,NEETSIDE SURGERY,NEETSIDE SURGERY,GREAT WESTERN HPL,SW,EX23 8LA,50.829351,-4.5461231,01288 270580,31
f6f84b50-7bfb-3065-a750-8bed8dce393e,WEST MOORS VILLAGE SURGERY,WEST MOORS GROUP PRACTICE,FERNDOWN,SW,BH22 0HX,50.82619,-1.8896883,01202 865800,211
49a0408b-9ead-32a2-a201-62d0942e2bc7,TOTHILL SURGERY,TOTHILL SURGERY,TEIGNMOUTH,SW,PL4 8PH,50.374237,-4.1291084,01752 315594,77
21cd0ab4-318a-312f-979b-4cc9613e6680,THE MERRYWOOD PRACTICE,THE MERRYWOOD PRACTICE,BRISTOL,SW,BS4 1WH,51.428755,-2.5962602,0117 9449750,95
7c65457f-0608-3872-9107-69f175674424,NURSE PRESCRIBER TORRINGTON HC,NEW ROAD,TORRINGTON,SW,EX38 8EL,50.951997,-4.140176,,3
c782c5d4-ce5c-30c6-b21b-b4978d267329,GROSVENOR PLACE SURGERY,GROSVENOR PLACE SURGERY,BRISTOL,SW,BA1 6BA,51.394752,-2.3445315,01225 484748,63
219219ae-40b5-3c09-bdab-3a5cdb9a676e,SEVERNBANK SURGERY,SEVERNBANK SURGERY,GLOUCESTER,SW,GL15 5PF,51.72545,-2.5257263,01594 845715,31
9ce388da-9bd8-3538-8b61-e16af04537cd,PURTON SURGERY,PURTON SURGERY,SWINDON,SW,SN5 4BD,51.585501,-1.8780348,01793 770207,44
2cd67634-a553-3425-a9b1-7a0ac2ad4f82,PINHOE SURGERY,THE PINHOE SURGERY,PLYMOUTH,SW,EX1 3SY,50.737537,-3.4696228,01392 469666,148
6b0dcce4-394c-3e08-b082-78f53264fac7,CRANBORNE SURGERY,PENNYS LANE,WIMBORNE,SW,BH21 5QE,50.919771,-1.9191863,,5
3c476aac-3de1-3202-95bf-ea09a9c55695,WOODSPRING LOCALITY,2ND FLOOR  CASTLEWOOD,STAPLETON,SW,BS21 6FW,51.438683,-2.8409847,0300 1256789,127
f2b5e080-af10-3486-b5b7-d7db69be31bb,CHELSTON HALL SURGERY,CHELSTON HALL SURGERY,PLYMOUTH,SW,TQ2 6HW,50.463302,-3.547136,01803 605359,51
f191433d-b1d1-3fe6-9114-8a46e7026ba9,SMALLBROOK SURGERY,SMALLBROOK SURGERY,WARMINSTER,SW,BA12 8QS,51.20684,-2.181043,01985 846700,286
3e5640d3-54e4-31b9-8550-1bd4a5550f0f,CORFE CASTLE SURGERY,TOMS MEAD,WAREHAM,SW,BH20 5HH,50.635888,-2.0594219,,3
65187f41-fb5e-3479-82d6-c541b2b2ac25,GENESISCARE,300 PARK AVENUE,BRISTOL,SW,BS32 4SY,51.542597,-2.5710853,,86
ee509c42-0a51-3f1e-9a56-1230b360688e,LONGLEVENS SURGERY,LONGLEVENS SURGERY,NAILSWORTH,SW,GL2 0AJ,51.875884,-2.2120178,01452 522695,164
cf2c7d5e-f005-349e-894f-f27001c16ef8,WESTON HOSPICECARE,JACKSON-BARSTOW HOUSE,CHELTENHAM,SW,BS23 4YQ,51.322751,-2.9839789,01934 423900,44
3010a6e4-97dd-337a-a6dd-efa1ac0a79df,UPTON HEALTH CENTRE,BLANDFORD ROAD NORTH,POOLE,SW,BH16 5PW,50.73901,-2.028971,,7
50bdf0e5-ce91-322e-ba7f-438c4c8dc004,PROSPECT LYMPHOEDEMA AQP,MOORMEAD ROAD,BRADFORD ON AVON,SW,SN4 9BY,51.526421,-1.7852764,01793 813355,114
04a98455-9b66-3c5a-9c81-ed1bdfcd664d,LITTLEDOWN SURGERY,LITTLEDOWN SURGERY,BOURNEMOUTH,SW,BH7 7BU,50.741647,-1.8334386,01202 309500,69
a2d873f9-d9f9-352f-8a12-e9f6854d1ac9,HILLCREST SURGERY,HILLCREST SURGERY,WESTON SUPER MARE,SW,BA2 8JQ,51.311982,-2.4316873,01761 434469,67
4df41136-de41-3c0f-87d9-f3a374561ab4,NATIONAL STAR CENTRE,COLLEGE OF FURTHER,GLOUCESTER,SW,GL53 9QU,51.850161,-2.0842863,01242 527631,178
4676fabc-1a6b-3bd4-a5d8-20b4ba272102,THE WELLBRIDGE PRACTICE,THE WELLBRIDGE PRACTICE,WOOL WAREHAM,SW,BH20 6DR,50.679048,-2.225354,01929 462376,100
ca4ac628-bfdd-3a43-b3e7-bec28fac4397,WHIPTON SURGERY,THE WHIPTON SURGERY,PLYMOUTH,SW,EX4 8EG,50.73303,-3.4881018,01392 462770,104
4d8dfd02-dc5d-32f1-9da6-0ae5e6d70ab8,MEADOWLEASE,1A MEADOWLEAZE,GLOUCESTER,SW,GL2 0PN,51.870842,-2.2109919,,3
63f8c046-583a-3920-bc78-b75cea93b6e2,DORSET IUC PARTNERSHIP,SW AMBULANCE SERVICE NHS,POOLE,SW,BH24 2RR,50.817952,-1.8560364,0300 3690460,115
d1df34a5-9d2f-356d-8c47-7f52fb6dc722,PEVERELL PARK SURGERY,THE STABLES,HATHERLEIGH,SW,PL2 3PX,50.393192,-4.1469963,01752 766644,94
579052b1-478a-31d4-9546-7af9439296cf,THE BLANDFORD GROUP PRACTICE,BLANDFORD GROUP PRACTICE,BLANDFORD,SW,DT11 7BH,50.859001,-2.1652841,01258 452501,38
c7c332f6-b428-30a5-8e5f-ccc66214cacb,ILMINSTER AMBULANCE STATION,BUTTS ROAD,ILMINSTER,SW,TA19 0AX,50.928231,-2.9097053,,3
3693e133-3ecf-354d-9225-4cab5908a29c,LILLIPUT SURGERY,LINDISFARNE,POOLE,SW,BH14 8EE,50.711604,-1.9540308,01202 710013,250
0453bd7c-8b25-3e7c-b707-e76d9db998d2,EMGPHA,THE BROOMS,WESTON-SUPER-MARE,SW,BS16 7FH,51.503335,-2.4843086,0117 9061817,105
8ca6b111-0f8e-3bc6-abb8-1d5f8232f2e8,SHAFTESBURY MIU,WESTMINSTER MEMORIAL HOSPITAL,SHAFTESBURY,SW,SP7 8BD,51.004721,-2.2001501,,3
b001a090-c4d3-374d-b527-fa894dee3246,BATH & WEST SHOWGROUND - COVID VACCINATION CENTRE,THE BATH & WEST SHOWGROUND,SHEPTON MALLET,SW,BA4 6QN,51.156154,-2.5276922,,3
0a09a1a9-67ef-3e11-85d7-edda40b06214,STANDISH HOSPITAL SITE,STANDISH,STONEHOUSE,SW,GL10 3HA,51.757486,-2.2671685,,4
6ede24c7-4547-37cc-9700-df07165532b3,WEST HOE SURGERY,WEST HOE SURGERY,HAMPTON AVENUE, TORQUAY,SW,PL1 3BS,50.364623,-4.1491093,01752 660105,333
a0347641-7ac9-3ee4-8e7a-45db9e750225,THE RICE CENTRE,ROYAL UNITED HOSPITAL,CLEVEDON,SW,BA1 3NG,51.392764,-2.3905661,01225 476420,166
3fb79e0a-cc2e-3d34-89a6-5661d2886ab9,WYNDHAM HOUSE SURGERY,WYNDHAM HOUSE SURGERY,PAIGNTON,SW,EX5 4HZ,50.817531,-3.4831491,01392 860034,34
af1ba3d6-385d-3c86-871a-6a9b07a185c4,WESTBANK HEALTHY LIVING CENTRE,FARM HOUSE RISE,EXETER,SW,EX6 8AT,50.68241,-3.4991403,,3
3a3d3d94-24af-3d59-9c73-9b5aa801ff48,PRICES MILL SURGERY,PRICES MILL SURGERY,CIRENCESTER,SW,GL6 0DQ,51.693792,-2.224967,01453 832424,34
a101b5c9-ea44-331c-b2b5-f51abb9b9257,DUKE OF GLOUCESTER MEDICAL CENTRE,29 REGIMENT RLC,CIRENCESTER,SW,GL7 5RD,51.693507,-1.9244175,,6
236b2997-9813-3906-b6db-373fa39056ba,PARK HOUSE DAY CENTRE,PARK ROAD,STROUD,SW,GL5 2JG,51.739518,-2.2067294,,6
ec980ffc-8c39-32b6-96bb-b7eb1a35f79a,CHILDRENS EATING DISORDERS SERVICE,BROWNHILL CENTRE,SALISBURY,SW,GL51 9EZ,51.907065,-2.0828959,01242 634242,38
af59bd41-4514-3576-8da2-6e9f6f05d624,BISHOPSTON MEDICAL PRACTICE,43 NEVIL ROAD,BRISTOL,SW,BS7 9EG,51.478991,-2.5874259,0117 9440700,43
1ea08836-b5e5-3db6-b532-c1edfc500908,STOKE GIFFORD MEDICAL CENTRE,STOKE GIFFORD MEDICAL CTR,WESTON-SUPER-MARE,SW,BS34 8UE,51.517772,-2.5464617,0117 9799430,183
92f0c3b4-1772-3515-a00f-282d16242a29,HMP BRISTOL,HMP BRISTOL,PLYMOUTH,SW,BS7 8PS,51.48062,-2.5906581,0117 3723100,165
0a376014-fff3-37c2-a40e-424156a661b7,INDEPENDENT HEALTH GROUP,PATIENT REFERRAL CENTRE,YEOVIL,SW,SN1 4GB,51.55042,-1.7963984,01793 528704,43
fcc85ae3-aaba-3a50-95f5-74acd30ab9bf,TEWKESBURY AMBULANCE STATION,OLDBURY ROAD,TEWKESBURY,SW,GL20 5LJ,51.996541,-2.1540076,,3
cfe30742-852c-3f7a-b679-71d1f0b9dbb0,STENNACK SURGERY,THE STENNACK SURGERY,BRISTOL,SW,TR26 1RU,50.210834,-5.4844914,01736 793333,70
a074bc88-d801-3916-8812-58a144c00b1f,CDC POOLE @ DORSET HEALTH VILLAGE,2ND FLOOR,POOLE,SW,BH15 1SZ,50.718661,-1.9802581,,3
4a1bf42b-5c4d-3c69-b9d3-e4055b9b1e82,PES AT RAXWORTHY VISIONCARE,51 BARGATES,HIGHCLIFFE,SW,BH23 1QE,50.737341,-1.780327,01202 484888,48
85495c9d-79df-3fd1-a224-baf63450125f,NEWMEDICA GLOUCESTERSHIRE (BRIGHOUSE),19D BRIGHOUSE COURT,BRISTOL,SW,GL4 3RT,51.865358,-2.2004954,01452 223334,34
c570005e-ed45-32eb-bb95-1d98868f1c16,PEMBROKE ROAD SURGERY,PEMBROKE ROAD SURGERY,BRISTOL,SW,BS8 3EU,51.464336,-2.6185182,0117 9733790,83
6453c076-1f0d-373e-8311-952b816a85b1,RIDGE GREEN MEDICAL PRACTICE,RIDGE GREEN MEDICAL CTR.,SWINDON,SW,SN5 5PX,51.567611,-1.8362427,01793 874894,38
37d3f3f2-cc78-31d9-a4a0-dbc83db77b06,LYDNEY PRACTICE,LYDNEY PRACTICE,CIRENCESTER,SW,GL15 5NQ,51.727904,-2.5298667,01594 842167,104
28a5fd1b-d2ef-313b-8542-62c2769368d0,BRUNEL DENTAL CENTRE,BRUNEL INDUSTRIAL ESTATE,NEWTON ABBOT,SW,TQ12 4XX,50.527302,-3.5956893,,3
16916c83-0848-3f15-a98a-41175fbb557c,PARTNERS IN HEALTH  PAVILION FAMILY DRS,PAVILION FAMILY DOCTORS,121 SWINDON RD,CHELTENHAM,SW,GL1 5JJ,51.853393,-2.2425901,01452 385555,32
6a8d70eb-a1fa-3def-98f8-917bc097948d,ALVERTON PRACTICE,ST CLARE MEDICAL CENTRE,HELSTON,SW,TR18 3DX,50.124352,-5.5473442,01736 363741,40
3fc512ce-b846-3813-bfb4-2c2274de930a,ATKINSON SCH,ATKINSON CLOSE,,SW,EX4 8NA,50.736072,-3.4970696,01392 457999,32
015fa18b-f5ec-3625-97cd-4d47800803bd,QUANTOCK MEDICAL CENTRE,QUANTOCK M/C BANNESON RD,SOMERSET,SW,TA5 1NW,51.149211,-3.1542082,01278 732696,92
d3a6ff7b-5d3a-36b0-a104-ba7efe467b07,STOMA PRESCRIBING SERVICE (NBT),STOMADEPTGATE26LEVEL3,GLOUCESTER,SW,BS10 5NB,51.497333,-2.5929485,0117 4140250,157
98463720-5874-3605-b7e1-f21ca9a7acad,CYPS - MARSBURG HOUSE,WOODLANDS,CINDERFORD,SW,GL5 2JG,51.739518,-2.2067294,01453 563200,39
95f4cc37-ad85-3ceb-9994-1b4af42168bb,JAMES FISHER MEDICAL CENTRE,JAMES FISHER MEDICAL CTR,BOURNEMOUTH,SW,BH9 3LQ,50.760837,-1.861202,01202 522622,101
9881d913-7d62-3e23-af44-14f8972fb66b,BIDEFORD MEDICAL CENTRE,BIDEFORD MEDICAL CENTRE,NEWTON ABBOT,SW,EX39 3AF,51.017119,-4.2116132,01237 476363,76
8e42558f-7e19-3c75-aa0f-fd3114076b4f,PINHOE SURGERY,PINN LANE,EXETER,SW,EX1 3SY,50.737537,-3.4696228,,3
269b8049-a8f8-3935-81d1-635527ee491f,QUEENS AVENUE SURGERY,QUEENS AVENUE SURGERY,DORCHESTER,SW,DT1 2EW,50.707347,-2.4446596,01305 262886,35
31f84c7a-738e-3d55-baf1-2342159a7986,CRICKLADE SURGERY,CRICKLADE SURGERY,CRICKLADE,SW,SN6 6AE,51.640692,-1.8563556,01793 750645,37
67e4cbcf-0851-3a00-b0a4-37c6db513e27,SAFE HAVE (SUNNYSIDE),PO BOX 247 CASTLEWOOD,WESTON-SUPER-MARE,SW,BS21 6FW,51.438683,-2.8409847,01275 873588,90
068740cf-745b-3dc8-b8ec-b534c6515ecc,LATER LIFE TEAM,AVON HOUSE,,SW,GL20 8SJ,51.998681,-2.132181,01684 861150,160
e4fb2da3-8d6d-3b0d-9057-3807d603f4c5,THE PRINCE OF WALES SURGERY,PRINCE OF WALES RD SURG.,ST JOHN WAY, DORCHESTER,SW,DT1 2FD,50.713475,-2.457465,01305 250989,113
e889150a-f059-3534-8bdf-3ed98ef64014,EXWICK HEALTH CENTRE,NEW VALLEY ROAD,EXETER,SW,EX4 2AD,50.728942,-3.5478803,,9
22ec070c-76eb-3f83-beb2-a871b186e670,THE OLD SCHOOL SURGERY,THE OLD SCHOOL SURGERY,BRISTOL,SW,BS16 2JD,51.481905,-2.5287088,0117 9653102,69
39f43148-d38d-3f44-ae51-cb747bed6471,THE FROME ENTERPRISE RESOURCE CENTRE,MANOR ROAD,FROME,SW,BA11 4BS,51.222888,-2.3271364,,9
43ac92b4-9602-3e7e-9ed2-688ad0f37b6c,SHORE PHARMACY,PARKSTONE HEALTH CENTRE,DORSET,SW,BH14 0DJ,50.728442,-1.9423682,01202 731764,80
dedc9394-e2e6-37f6-8010-24db7d484705,MOD WEST MOORS,WEST MOORS,WIMBORNE,SW,BH21 6QS,50.837432,-1.8827316,,3
2e5ae0d1-cc70-3264-a908-ff8b939caec8,COMMUNITY TEAM CALLINGTON,COMMUNITY CLINIC,BODMIN,SW,PL17 7JJ,50.503335,-4.3181201,01208 834600,31
3c169cf5-2d4f-3319-9e9c-f7803eb5fe08,CROWN MEDICAL CENTRE,CROWN MEDICAL CENTRE,SOMERSET,SW,TA2 8QY,51.029059,-3.0812597,01823 282151,56
8362b698-cb5e-321e-b2e4-7759b3543116,NORTHVILLE FAMILY PRACTICE,NORTHVILLE FAMILY PRACT.,BRISTOL,SW,BS7 0LS,51.500809,-2.5701448,0117 9692164,47
4b222824-0e0a-319d-a199-83f38e54888a,GAYWOOD HOUSE SURGERY,GAYWOOD HOUSE SURGERY,WESTON-SUPER-MARE,SW,BS3 3AZ,51.439873,-2.6059726,0117 9661412,196
a51e95ae-3ef6-322b-a07b-f6fd8463017f,COMPASS HOUSE MEDICAL CENTRES,COMPASS HOUSE MEDICAL CTR,SEATON,SW,TQ5 9TF,50.395859,-3.5121845,01803 855897,102
4cf4908f-edad-3cc3-8cdf-4d744df09419,PAIGNTON LIBRARY ROOMS AND OFFICES,GREAT WESTERN ROAD,PAIGNTON,SW,TQ4 5AG,50.433757,-3.5653369,,3
046f543d-8e37-3f6e-b57a-e9f888d1adc3,PARKINSON'S DISEASE SERVICE,NEW FRIENDS HALL,CLEVEDON,SW,BS16 1EQ,51.479731,-2.5667715,0117 9617182,50
8afd0b00-4f29-3f4e-b4a8-e3d1deed3996,MOORDOWN MEDICAL CENTRE,MOORDOWN MEDICAL CENTRE,BOURNEMOUTH,SW,BH9 2XF,50.756212,-1.8744708,01202 974700,140
6a482f00-f948-3bcd-9dc0-ac1e93eaf47c,DURDELLS AVENUE SURGERY,1 DURDELLS AVENUE,BOURNEMOUTH,SW,BH11 9EH,50.767459,-1.9111245,01202 573947,84
eccbf478-4ccd-346c-8ebb-4ddddcf39df7,NHS YEOVIL HEALTH CENTRE,NHS YEOVIL HEALTH CENTRE,CLEVEDON,SW,BA20 1LS,50.941507,-2.6296568,01935 709269,81
9e650004-56cc-3b69-a5c0-d6ba8673de80,TOPSHAM SURGERY,THE TOPSHAM SURGERY,BARNSTAPLE,SW,EX3 0EN,50.683834,-3.4620977,01392 874646,57
4a5630c5-8878-3d6b-9cae-9adf43da47ff,GREENWAY COMMUNITY PRACTICE,GREENWAY COMMUNITY PRACT,MIDSOMER NORTON,SW,BS10 6AF,51.499595,-2.6112738,0117 9598939,31
89620c77-a97f-394c-8eaf-24fe0b967d1a,THE LAWN MEDICAL CENTRE,THE LAWN MEDICAL CENTRE,SWINDON,SW,SN3 1JL,51.547729,-1.7614101,01793 536515,122
66be5704-9309-3c3d-b50f-269a4075525f,ENT GPWSI CUMBERLAND CENTRE,CUMBERLAND CENTRE,TAVISTOCK,SW,PL1 4JZ,50.369816,-4.1688071,01752 434624,48
8e6edda7-24eb-324d-bcf2-49d6a89c3540,WELLS HEALTH CENTRE,PRIORY HEALTH PARK,TAUNTON,SW,BA5 1XJ,51.203994,-2.6552165,01749 672137,65
37f78bf6-3752-3ecc-83a6-7ecd01b8fca6,KENNET AND AVON MEDICAL PARTNERSHIP,GEORGE LANE,MARLBOROUGH,SW,SN8 4BY,51.417993,-1.7291686,01672 512187,106
ea5aeb88-8a67-3d05-a88f-c56fc0f8df8c,SHELLEY MANOR MEDICAL CENTRE,BEECHWOOD AVENUE,BOURNEMOUTH,SW,BH5 1LX,50.723834,-1.8344508,,3
acd2fd11-a3bf-3b4f-aa30-c6f834c0ef1f,QUEDGELEY MEDICAL CENTRE,QUEDGELEY MEDICAL CENTRE,CHELTENHAM,SW,GL2 4NF,51.829938,-2.2739388,01452 728882,277
2bdde8e5-a044-31be-801e-62a5ce7bedb5,BRUNEL MEDICAL PRACTICE,BRUNEL MEDICAL PRACTICE,BRADWORTHY,SW,TQ1 3SL,50.479358,-3.5169482,01803 312233,132
92f5fd64-bd6c-3ca9-8206-3f13e4b2a872,BARTON HEALTH CENTRE,THE BARTON HEALTH CENTRE,NEWTON ABBOT,SW,TQ2 8JG,50.487157,-3.5428543,01803 323761,32
d606776f-eb36-3258-b3c5-527cbf955872,EATING DISORDERS,BROWNHILL CENTRE,PLYMOUTH,SW,GL51 9EZ,51.907065,-2.0828959,01242 634242,45
f029ef16-0233-386e-bdf5-27104a71ff8d,PENWITH DISTRICT NURSES,CAREW HOUSE,BODMIN,SW,PL31 2QN,50.471789,-4.7421018,01208 834600,32
293d6847-f71a-3583-8667-ee278d146b44,WYKE REGIS & LANEHOUSE MEDICAL PRACTICE,WYKE REGIS MEDICAL PRACT,WEYMOUTH,SW,DT4 9BE,50.594618,-2.4750311,01305 782226,163
eb003103-fa73-3f14-a297-8248b084a841,HOYLAND HOUSE,HOYLAND HOUSE  GYDE ROAD,GLOUCESTERSHIRE,SW,GL6 6RD,51.790968,-2.1941915,01452 812545,61
5553f4b9-2b80-3e74-b046-a00046ea71d5,TOWNSEND CHILDREN'S CENTRE,JEWELL ROAD,BOURNEMOUTH,SW,BH8 0LT,50.751856,-1.8289514,,3
548909cf-e658-370d-9f4b-6f0b6c7ddf88,PRESCRIBER 243,ALMA ROAD,BRISTOL,SW,BS15 4DA,51.4626,-2.4999413,,33
f7bca50c-b126-3fcd-974e-455a4f6c6bc7,GREENFIELDS DAY CENTRE,WEST BOW HOUSE,BRIDGWATER,SW,TA6 3RT,51.127041,-3.00978,,7
35235ff4-b06d-3199-8c18-a1ec065a1f2a,FROME MEDICAL CENTRE,FROME MEDICAL CENTRE,MARTOCK,SW,BA11 2FH,51.237156,-2.3112808,01373 301300,63
df04a5ba-238e-3c9d-b9fb-bba5d6b407a6,VINNEY GREEN SCH,EMERSONS GREEN LANE,POOLE,SW,BS16 7AA,51.487434,-2.4830887,0117 9702286,45
acb63ce2-91ab-33f9-971f-b28759643feb,HORFIELD HC,HORFIELD HEALTH CENTRE,BRISTOL,SW,BS7 9RR,51.489998,-2.5762753,0117 9695391,89
0907e2e4-abec-3775-819a-56af3c86ff1b,SECURE SERVICE SCHEME,DEVON HEALTH LTD UNIT 10,,SW,EX2 8PF,50.69743,-3.5260274,01392 823152,38
86805251-9d4b-3c1c-bd96-f91e11520285,CORNERSTONE PRACTICE,CORNERSTONE PRACTICE,SWINDON,SW,SN4 0PB,51.516622,-1.7295935,01793 740033,94
6ece8e82-ce14-35da-990a-e35b17aa85bc,POOLE ROAD MEDICAL CENTRE,POOLE ROAD MEDICAL CENTRE,BOURNEMOUTH,SW,BH2 5QR,50.720439,-1.8926134,01202 761120,416
729b1f50-a4e4-37d8-8c40-f0dab90737a2,DIABETES COMMUNITY SERVICE,ELDENE HEALTH CENTRE,SALISBURY,SW,SN3 3RZ,51.554453,-1.7352686,01793 463840,53
a21dbae5-f112-3c5a-ae2c-8ee67b9b0d6d,HAMWORTHY COMMUNITY CLINIC,306 BLANDFORD ROAD,POOLE,SW,BH15 4JQ,50.720875,-2.0105439,,13
ae1c5fe5-9c70-305d-af24-270625f29156,LYDNEY HOSPITAL SITE,GROVE ROAD,LYDNEY,SW,GL15 5JE,51.727324,-2.536882,,1
bbaf1aae-be63-34fb-bb25-71b90c7ceb38,WELLS CITY PRACTICE,WELLS CITY PRACTICE,LANGPORT,SW,BA5 1XJ,51.203994,-2.6552165,01749 836650,40
885a4e68-abff-3a86-a827-4e3820ba1851,IMPERIAL SURGERY,IMPERIAL SURGERY,EXMOUTH,SW,EX8 1DQ,50.619819,-3.4162036,01395 280362,33
b2107b8e-8923-3d7a-9382-389c0c8325aa,CLEVEDON MEDICAL CENTRE,CLEVEDON MEDICAL CENTRE,CLEVEDON,SW,BS21 6DG,51.437228,-2.84572,01275 335666,58
275b32fe-9801-355c-8149-5abf172f6fd5,HMP CHANNINGS WOOD,HMP CHANNINGS WOOD,YELVERTON,SW,TQ12 6DW,50.510492,-3.6518204,01803 814600,169
cf4b893c-66a1-3a00-96a3-b3137e09c110,NEWENT HEALTH CENTRE,NEWENT ROAD,GLOUCESTER,SW,GL2 8DN,51.879246,-2.306082,,4
2799e59f-b881-3511-ad86-c975b0679293,OAKLANDS SURGERY,OAKLANDS SURGERY,TAUNTON,SW,BA21 5RL,50.954243,-2.6174143,01935 473068,153
7f52640a-8429-38f7-81b1-dcd99c20e620,CHRISTCHURCH WEST CHILDRENS CENTRE,27 HIGH STREET,CHRISTCHURCH,SW,BH23 1AJ,50.734621,-1.7778033,,3
a7416112-2d93-3cb0-abf6-edac7291af12,WEST CHELTENHAM MEDICAL,HESTERS WAY RESOURCE CTR,HENBURY,SW,GL51 7SU,51.902001,-2.1169697,01242 507111,354
bd0b69cc-c368-3577-be08-617abefbf43a,TETBURY HOSPITAL,MALMESBURY ROAD,TETBURY,SW,GL8 8XB,51.63522,-2.1546715,,6
eb76c9a7-f68d-3150-860e-072ade81af31,PAULTON HOSPITAL WARDS,SALISBURY ROAD,,SW,BS39 7SB,51.298683,-2.4932811,01761 412315,113
4caa04ea-4af1-3e70-b03c-0c9130c72dec,COTHAM PHARMACY,3-5 COTHAM HILL,BRISTOL,SW,BS6 6LD,51.464288,-2.6088728,0117 9736580,113
a41ce286-937a-3171-a82e-5fc432756e9d,HAMDON MEDICAL CENTRE  STOKE-SUB-HAMDON,HAMDON MEDICAL CENTRE,BRIDGWATER,SW,TA14 6QE,50.951505,-2.7529631,01935 822236,34
d3537434-bec3-3948-b994-ad6070455023,KINGS PARK HOSPITAL,GLOUCESTER ROAD,BOURNEMOUTH,SW,BH7 6JF,50.731593,-1.8333608,,3
3ff65c73-ab0b-3f71-bf37-6038b38d6fef,BOURNEMOUTH LEARNING CENTRE,ENSBURY AVENUE,BOURNEMOUTH,SW,BH10 4HG,50.750023,-1.8903489,,1
520c0b61-99ee-36d1-b05e-1703f435a0fb,AMMONITE HEALTH PARTNERSHIP,BRIDPORT MEDICAL CENTRE,BRIDPORT,SW,DT6 5BN,50.734226,-2.767979,01308 412896,29
87ada56a-51bd-395f-ad72-0680851e3828,FROME VALLEY MEDICAL CENTRE,FROME VALLEY MEDICAL CTR.,BRISTOL,SW,BS36 2DE,51.533206,-2.4947318,01454 772153,198
c7632d92-5747-3b35-b4cd-5a8c2d270c74,ASHLEY INTERMEDIATE CARE CTR,279 LONDON ROAD,GLOUCESTER,SW,GL52 6YL,51.883772,-2.0448464,01242 541368,165
c7b82822-c5e6-31c0-9dc9-d1d12819f838,BOVEY TRACEY & CHUDLEIGH PRACTICE,RIVERSIDE SURGERY,STATION ROAD, HEMYOCK,SW,TQ13 9QP,50.592121,-3.6737215,01626 832666,33
0a5dbcd5-099e-3d80-92f2-9d9148730dee,HOLSWORTHY LINK CENTRE,2 WELL PARK,HOLSWORTHY,SW,EX22 6DH,50.812297,-4.3530499,,21
d62ca3d1-2f2f-3067-848b-ee283e23004d,BUCKLAND SURGERY,BUCKLAND SURGERY,PLYMOUTH,SW,TQ12 4HG,50.530056,-3.5876974,01626 332813,156
59fa8031-eeb5-37d7-9ecb-357e980fcd6a,WEST COKER SURGERY,WEST COKER SURGERY,LEVEN ROAD, BUDE,SW,BA22 9AH,50.919425,-2.6864773,01935 862212,28
c4667a25-991c-32f2-9dad-624ca94ee9af,BLACKBERRY HILL HOSPITAL - BCSS INPATIENT UNIT,MANOR ROAD,BRISTOL,SW,BS16 2EW,51.483145,-2.5388327,,175
c8f368c6-6250-3bc0-95c2-fb95d8155f3a,GWH LYMPHOEDEMA AQP,TISSUE VIABILITY OFFICE,SWINDON,SW,BA14 8PH,51.325277,-2.2101262,01225 711351,61
1fe9f76f-986e-3847-ad20-9643b2b4d2d4,CAMHS DEVON OUTREACH SVC,OAKLANDS COURT,TIVERTON,SW,EX16 6TG,50.910753,-3.4660544,,4
ce527d09-3624-3840-aacb-7fffd7c1f700,HOTWELLS SURGERY,HOTWELLS SURGERY,BATH,SW,BS8 4QW,51.450208,-2.6189747,0117 9294334,118
df2c5ff0-2d6d-3c63-97d8-1f9c89092e42,SCOTT HOSPITAL,BEACON PARK ROAD,PLYMOUTH,SW,PL2 2PQ,50.390641,-4.1618788,,9
df55e760-3d95-33f5-88b2-be95e7d0a28d,ROWLANDS PHARMACY,3 TOLPUDDLE GARDENS,POOLE,SW,BH9 3RE,50.760486,-1.8609904,01202 527232,33
318f2724-9981-307a-b191-9c7950956baf,PODIATRY,NSCP,GLOUCESTER,SW,BS21 6FW,51.438683,-2.8409847,01275 885192,68
c3e3fc4e-2f11-3ac6-8c9e-d69667bb3ba8,WEST BOURNEMOUTH MENTAL HEALTH TEAM,HAHNEMANN HOUSE,BOURNEMOUTH,SW,BH2 5JW,50.717691,-1.8863021,,6
f88bf97b-fde2-3d64-b030-74dfd5a67f48,BUDLEIGH SALTERTON MEDICAL PRACTICE,BUDLEIGH HEALTH CENTRE,ASHBURTON,SW,EX9 6LS,50.630026,-3.3277289,01395 441212,119
2c9ff9a1-c645-3812-af9e-6d097aeaba41,DELANCEY HOSPITAL,CHARLTON LANE,CHELTENHAM,SW,GL53 9DT,51.878415,-2.0762479,,3
78d3434c-712e-3bf1-a751-8a48e9592eb0,WARWICK HOUSE MEDICAL PRACTICE,HOLWAY GREEN,BRIDGWATER,SW,TA1 2QA,51.006777,-3.0781188,01823 282147,130
3cebc400-f643-3aae-baf1-5501fc0da9dd,THE PULTENEY PRACTICE,PULTENEY STREET SURGERY,BATH,SW,BA2 4BY,51.385341,-2.3525512,01225 464187,36
683d9285-9d93-3867-96ca-2e96db42c6ee,CARDREW HEALTH CENTRE,CARDREW WAY,BOURNEMOUTH,SW,TR15 1SS,50.243997,-5.2209037,01209 340997,100
48f4e110-9298-3521-be98-4fd615d1e517,TREADS,28A MARKET PLACE,BLANDFORD FORUM,SW,DT11 7EB,50.855701,-2.1649315,,3
cd57c0de-bec7-3f50-8f7a-119e52fd4d90,CHELTENHAM WEST COMMUNITY FIRE STATION,TEWKESBURY ROAD,CHELTENHAM,SW,GL51 9TZ,51.920558,-2.1169599,,3
72516802-3184-3314-8a8f-f05e82ad10b2,DAY LEWIS PHARMACY,21 TRELOWARREN STREET,LAUNCESTON,SW,TR14 8AD,50.214312,-5.2983652,01209 714577,61
138be624-7d61-3194-894a-36c76eb03e20,CRICKETFIELD SURGERY,THE CRICKETFIELD SURGERY,BIDEFORD,SW,TQ12 2AS,50.531822,-3.6077086,01626 208020,65
f7279673-6e9c-3ab3-8333-2d11d6324411,SEXUAL HEALTH TEAM,DORSET HOUSE,BOURNEMOUTH,SW,BH1 3NL,50.722521,-1.8623067,,3
d617597c-a24a-391e-ae43-e34d81877c5a,ST GABRIELS,25 RINGWOOD ROAD,VERWOOD,SW,BH31 7AA,50.881841,-1.878086,,3
92a54158-8f57-3d88-8957-056712624e61,CRESCENT PROVIDENCE SURGERY,CRESCENT PROVIDENCE SURG.,BOURNEMOUTH,SW,BH1 4HA,50.727068,-1.8451361,01202 395195,55
c72ef439-9372-3cfa-b85d-a32c61d7bddd,KCCG-LITTLE HARBOUR,LITTLE HARBOUR,LISKEARD,SW,PL26 6AZ,50.31857,-4.7748976,01726 627953,153
c9f0c61e-2408-3e43-9fbf-911822cd8465,MINCHINHAMPTON SURGERY,THE SURGERY,CHELTENHAM,SW,GL6 9JF,51.705941,-2.187879,01453 883793,150
b2682e48-f01a-3061-a2ae-3f9d05745769,MINEHEAD MEDICAL CENTRE,2 IRNHAM ROAD,BRIDGWATER,SW,TA24 5DL,51.204448,-3.4767649,01643 703441,32
e75f6887-f666-3683-b178-625881ad9a48,PLYM BRIDGE HOUSE,4 WILLIAM PRANCE ROAD,MOUNT GOULD ROAD,SW,PL6 5ZD,50.412484,-4.1240245,01752 434543,108
93aaf880-0ca3-3edd-84e5-736b13efaf02,ENT GPWSI TAVISTOCK HOSPITAL,TAVISTOCK HOSPITAL,PLYMOUTH,SW,PL19 8RG,50.547679,-4.1546714,01822 612233,136
a322ede2-b77e-378c-9e5c-a95643e16dd9,HMP THE VERNE,HMP THE VERNE,EXETER,SW,DT5 1EQ,50.561525,-2.4358873,01305 825026,69
d862635c-3c1a-3e08-8774-54ee2a1292ae,SIX ACRES RESOURCE CENTRE,ROMAN ROAD,TAUNTON,SW,TA1 2BD,51.019007,-3.0830503,,3
828077da-cdea-3827-9656-8f64db10704a,THE PANTON PRACTICE,THE PANTON PRACTICE,BOURNEMOUTH,SW,BH1 3EG,50.720939,-1.8625946,01202 411700,348
691cdcf1-4076-3ff1-9137-2696739ae9ff,COMMUNITY SERVICES (WELLINGTON MEDICAL CENTRE),WELLINGTON MEDICAL CENTRE,WELLINGTON,SW,TA21 8BD,50.975622,-3.2330971,,3
90a195e7-3597-3d63-89d1-fd45b00b2c65,ADULT ADHD ASSESSMENT SERVICE,WESTBOURNE UNIT,PLYMOUTH,SW,PL2 2PQ,50.390641,-4.1618788,01752 434034,33
a951e7ea-d737-3422-ae1b-eb6a466a2c22,THE WEDMORE PRACTICE,ST JOHNS LANE HEALTH CTR,BRISTOL,SW,BS3 5AS,51.436248,-2.5884885,0117 9536667,156
25d4f187-93ae-38ea-8af0-f7a7cce03d6b,BIRCHWOOD MEDICAL PRACTICE,BIRCHWOOD MED PRACTICE,BATH,SW,BS4 4HU,51.446246,-2.5479382,0117 3304223,51
7b26e5b4-2b0a-3007-b545-29daa5d853af,WYKE REGIS HEALTH CENTRE,PORTLAND ROAD,WEYMOUTH,SW,DT4 9BE,50.594618,-2.4750311,,3
ea40cedf-a50a-305d-9a8d-2748c22e4d9b,CHARLTON PHARMACY,39 LYEFIELD ROAD WEST,GLOUCESTER,SW,GL53 8EZ,51.884308,-2.054552,01242 522207,34
82983052-13f9-3393-af5f-0ea17a00fc78,SOMER VALLEY MEDICAL GROUP,ST.CHAD'S SURGERY,MIDSOMER NORTON,SW,BA3 2UH,51.287835,-2.4768461,01761 413334,29
d8d47833-3752-390e-91c2-df06c907e3a0,ARMADA SURGERY,ARMADA SURG  28 OXFORD PL,EXETER,SW,PL1 5AJ,50.374757,-4.1448838,01752 428398,124
0267e4ec-70b2-3bb4-974c-5f2223ad1688,INNER CITY & EAST BRISTOL LOCALITY,WITHYWOOD CENTRE,WESTON SUPER MARE,SW,BS13 8QA,51.40731,-2.6221188,0300 1256789,74
dd5883c8-a63c-32bc-bbbe-e517a80f8168,WIMBORNE COMMUNITY HOSPITAL,VICTORIA ROAD,WIMBORNE,SW,BH21 1ER,50.802195,-1.9959181,,3
fb7f3dd9-7def-30b9-8b74-750cb8a57815,CORNER PLACE SURGERY,CORNER PLACE SURGERY,YELVERTON,SW,TQ4 5AH,50.433303,-3.5670257,01803 557458,54
b2042fc3-d79e-325b-8130-ae2291488da7,ABBEY MEADS MEDICAL PRACT,ABBEY MEADS VILLAGE CTR,SWINDON,SW,SN25 4YZ,51.597763,-1.7928233,01793 706030,142
82c911e7-da4b-399c-8156-14cc72dd2444,COMMUNITY TEAM BODMIN,BODMIN HEATH OFFICE,CAMBORNE,SW,PL31 2LB,50.47284,-4.7226133,01208 834600,128
55e5428f-e8c5-3cab-a439-947943e01a8d,BURNHAM MEDICAL CENTRE,BURNHAM MEDICAL CENTRE,YEOVIL,SW,TA8 1EU,51.23815,-2.9929159,01278 795445,53
36f03b58-e7e0-3537-a2d0-205477da6afa,FOREST HEALTH CARE,CINDERFORD MEDICAL CENTRE,WOTTON-UNDER-EDGE,SW,GL14 2NX,51.819761,-2.5087323,01594 820820,81
e5257a7d-2930-3669-9106-23855f86075d,FROME AMBULANCE STATION,2 GEORGES GROUND,FROME,SW,BA11 4RP,51.219626,-2.3264689,,3
18c222e1-fd98-3c37-adeb-80f72b591988,OPTIMA LOW VISION SERVICES,DARTSIDE,TOTNES,SW,TQ9 5LQ,50.433996,-3.681036,,3
5f0c45bc-eff4-34d4-8b50-9b22dd89de1a,GP CARE COMMUNITY UROLOGY SERVICE - GLOS,HADWEN MEDICAL,TREWALDER,SW,GL4 4BL,51.841517,-2.2043084,0333 3322100,143
8ec6876f-1544-33d6-b176-e0ab5d3f1130,WORCESTER HOUSE DAY CENTRE,PITTVILLE CIRCUS ROAD,CHELTENHAM,SW,GL52 2QA,51.902466,-2.0601699,,3
2f69e584-bf2e-3824-8b28-e0a973f5262c,LEATSIDE SURGERY,LEATSIDE SURGERY,EXETER,SW,TQ9 5JA,50.434945,-3.6837733,01803 862671,63
176bf8c3-e96f-3610-9187-f7ece554fa0b,VIA GLOUCESTERSHIRE,IMPERIAL CHAMBERS,CHELTENHAM,SW,GL1 2HT,51.865266,-2.2488842,01452 223014,39
e1f1390f-f6a7-313f-acde-660a13d37e9f,PENN HILL SURGERY  YEOVIL,PENN HILL SURGERY,BURNHAM-ON-SEA,SW,BA20 1SB,50.939539,-2.6326902,01935 470800,31
c98731c8-cecc-3bf2-adcd-39097a798460,CHELTENHAM CHILDRENS CENTRE,HARP HILL,CHELTENHAM,SW,GL52 6PZ,51.900016,-2.0524638,,3
de20a7f8-b3f1-34c0-979b-e13cdd761fca,DUNSTER & PORLOCK SURGERIES,DUNSTER AND PORLOCK SURGE,YEOVIL,SW,TA24 6SN,51.18162,-3.4469046,01643 821244,62
cfd93fdd-5aaf-3ac4-873f-cbd883b50109,COMPASS HEALTH,COMPASS HEALTH,OKUS,SW,BS2 8JP,51.462646,-2.590685,0117 9892450,28
a4061267-d7ae-3d25-bf12-1b4ca22736d7,IMPROVED ACCESS BERKLEY VALE,ORCHARD MEDICAL CENTRE,BODMIN,SW,GL11 5NE,51.699708,-2.3643958,01453 540066,68
c18e9f6d-eb6f-3968-8dc5-239cbea8406f,PES@BROCK&HOULFORD BSW CCG,UNIT 12  WESTWAY FARM,NORTH SOMERSET,SW,BS39 5XP,51.330002,-2.6042499,01275 332882,62
20d8d94b-cb43-3ee2-82c4-a17fa0c930ae,WOODLEA HOUSE SURGERY,2A BRADPOLE ROAD,BOURNEMOUTH,SW,BH8 9NX,50.750211,-1.842551,01202 300903,105
202bfcfd-3706-3d56-9532-a2c7f69484de,CONISTON MEDICAL PRACTICE,CONISTON MEDICAL PRACTICE,PATCHWAY,SW,BS34 5TF,51.538568,-2.5840403,0117 9692508,86
ded48e0b-019f-357b-b5ff-b14bdf065d65,DERMATOLOGY MARINE & OAKRIDGE PARTNERSHIP,29 BELLE VUE ROAD,BOURNEMOUTH,SW,BH6 3DB,50.722847,-1.8065462,,3
392a7127-baf0-3dd7-a013-979d89545b07,MVMG - MONKS PARK,MONKS PARK SURGERY,BRENTRY, BRISTOL,SW,BS7 0UE,51.497582,-2.5828247,0117 9693106,139
2b6a8b80-c564-330a-a835-111ba08772f3,MILLBROOK SURGERY  CASTLE CARY,MILLBROOK SURGERY,GLASTONBURY,SW,BA7 7EE,51.087618,-2.5171598,01963 350210,31
750c0f33-25b1-31e4-8436-c3feaba005b2,CLEEVELANDS MEDICAL CENTRE,CLEEVELANDS MEDICAL CTR,GLOUCESTER,SW,GL52 7YU,51.954266,-2.0705128,01242 244868,31
41d1e4ae-b3fd-3594-8556-9006024202b0,GLOUCESTER SOUTH FIRE AND RESCUE STATION,GLOUCESTER S. FIRE & RESCUE STATION,GLOUCESTER,SW,GL2 5EL,51.834933,-2.2679027,,3
ba6b6f90-86eb-3d22-9e69-da496a135ee5,THREE SHIRES MEDICAL PRACTICE,WICK SURGERY,BRISTOL,SW,BS30 5QQ,51.452314,-2.4223464,0117 9372214,121
cdb813c2-9643-336b-8ddc-625146d1f413,WIDBROOK MEDICAL PRACTICE,WIDBROOK MEDICAL PRACTICE,TROWBRIDGE,SW,BA14 9EN,51.317245,-2.2212959,01225 757120,103
db294308-cc0c-394d-b8e6-79ecc97b92ea,GLENSIDE,THE OLD ORCHARD SURGERY,YEOVIL,SW,SP2 8JU,51.059089,-1.8051931,01722 744775,53
ad5dcf96-84ac-37fd-8980-965e14f1dbad,TEIGNMOUTH HOSPITAL,MILL LANE,TEIGNMOUTH,SW,TQ14 9BQ,50.548369,-3.5111589,,3
78dc44c3-050c-3b35-95af-55c2d655239b,ELM SURGERY,ELM SURGERY,PLYMOUTH,SW,PL6 8UF,50.408578,-4.0959261,01752 776772,29
e9a73f2c-27dd-3df4-923e-1db6a6ef09ec,BRIDPORT MEDICAL CENTRE,THE BRIDPORT MEDICAL CTR,BRIDPORT,SW,DT6 5BN,50.734226,-2.767979,01308 421896,93
3558b9c1-d8e0-3fc4-931d-5332fd6c7c2f,INDEPENDENT/SUPPLEMENTARY,GREAT WESTERN HOSPITAL,SWINDON,SW,SN3 6BB,51.538161,-1.7276925,01793 604020,63
c05d1fdd-d5d8-3ce2-87ca-7025055635b4,PRESCRIBER 027,CASTLEWOOD,CLEVEDON,SW,BS21 6FW,51.438683,-2.8409847,,10
ffd300e8-b283-30b3-b578-86c945d0be14,SHEPTON MALLET AMBULANCE STATION,BOARD CROSS,SHEPTON MALLET,SW,BA4 5DX,51.189839,-2.5509004,,3
40637478-db75-336d-8fad-35e97a93f157,RUSH HILL SURGERY,RUSH HILL SURGERY,,SW,BA2 2QH,51.365239,-2.3937216,01225 446087,117
7f10c1fc-839c-3c3e-8fde-8eadfb2e9dfb,HEART FAILURE COMMUNITY SERVICE,NEW FRIENDS HALL,BRISTOL,SW,BS16 1EQ,51.479731,-2.5667715,0117 9617153,67
eef5de8d-cdf9-3e52-80b9-e455db6b1f91,BRUTON SURGERY,THE BRUTON SURGERY,SHERBORNE,SW,BA10 0EG,51.112132,-2.4516067,01749 812310,66
88513919-8307-305c-aec8-baaf884252b5,THE HADLEIGH PRACTICE,THE HADLEIGH PRACTICE,BROADSTONE,SW,BH18 8EE,50.761018,-1.9935253,01202 692268,326
ecb27e3f-d78f-388b-ad21-87c8c25752d7,DARTMOUTH MEDICAL PRACTICE,DARTMOUTH H & W CENTRE,CULLOMPTON,SW,TQ6 0JL,50.346724,-3.6010407,01803 832212,274
ec858f11-8d6c-3694-8342-c6d4e2cbe281,BRADFORD-ON-AVON AND MELKSHAM HEALTH,THE HEALTH CENTRE,BRADFORD-ON-AVON,SW,BA15 1DQ,51.34519,-2.253003,01225 866611,78
10afd717-41ed-363d-996c-fd78e781fc72,BARTON SURGERY,THE BARTON SURGERY,NEWTON ABBOT,SW,EX7 9QH,50.579825,-3.4735351,01626 888877,181
8d896fee-f1d0-35f5-a5e6-f3e6e6d203e7,THE LANEHOUSE SURGERY,THE LANEHOUSE SURGERY,WEYMOUTH,SW,DT4 0HB,50.607173,-2.483778,01305 785681,163
d6698c69-4791-35d9-9e74-b5ec3d7600c9,ST. MICHAEL'S SURGERY,ST.MICHAEL'S SURGERY,BATH,SW,BA2 1ER,51.381854,-2.3994682,01225 428277,126
53fd7227-7308-3b92-8da1-ab2c44f5606a,DAWLISH AMBULANCE STATION,OAK HILL,DAWLISH,SW,EX7 9QZ,50.578635,-3.4794019,,3
f7739619-fc9b-370f-aa5e-6c0dccf4372f,GIFFORDS PRIMARY CARE CTR,GIFFORDS PRIMARY CARE CTR,MELKSHAM,SW,SN12 7EA,51.367131,-2.1315433,01225 896630,40
a3a4b032-246e-3f81-8e7e-c35edecf72f1,BOOTS,64-65 HIGH STREET,CHELTENHAM,SW,TA1 3PT,51.013769,-3.1036986,01823 276061,89
c6a926c8-d7b2-34ea-8abf-eb14e8219758,KINGS ASH HOUSE,KINGS ASH ROAD,PAIGNTON,SW,TQ3 3XZ,50.440152,-3.5905029,,3
7085d6c0-84f2-37ce-ba5b-d667847582a8,CHIDDENBROOK SURGERY,THRESHERS,CREDITON,SW,EX17 3JJ,50.791276,-3.6746968,,6
2b9e4377-6d76-343c-8d25-5fca9f84b4c9,COMMUNITY TEAM NEWQUAY,NEWQUAY COMMUNITY HOSP,LAUNCESTON,SW,TR7 1RQ,50.411047,-5.0742235,01208 834600,79
a322de76-ae2b-3137-afe4-76853276fece,CASTLE PLACE PRACTICE,CASTLE PLACE PRACTICE,NEWTON ABBOT,SW,EX16 6NP,50.909477,-3.4929547,01884 252333,66
ea720233-5fcb-30ca-98f0-5665562e3ec6,THE NEWMAN PRACTICE (DR NEWMANS SURGERY),THE SURGERY,POOLE,SW,BH15 2PG,50.719578,-1.976348,01202 338979,92
dc121e4f-db32-3958-a2b2-cd66d03da36c,LEYBOURNE SURGERY,1 LEYBOURNE AVENUE,BOURNEMOUTH,SW,BH10 6ES,50.758437,-1.8872102,01202 527003,214
299ccb28-5be3-37c1-a313-ae7ce3e4e6ed,FORDINGTON SURGERY,THE SURGERY  91 HIGH ST,DORCHESTER,SW,DT1 1LD,50.713023,-2.4274478,01305 250515,162
05703ac6-0e5a-3ead-a667-46307908f17d,HADWEN HEALTH,THE HADWEN MEDICAL PRACT.,121 SWINDON RD,CHELTENHAM,SW,GL4 4BL,51.841517,-2.2043084,01452 529933,192
6380c634-2fe3-3fab-bb07-e6e476a8aa48,DERMATOLOGY GPSI DEVONPORT HC,DEVONPORT HEALTH CENTRE,CHELTENHAM,SW,PL1 4JZ,50.369816,-4.1688071,01752 561500,40
42bd48ca-7f96-30c5-8022-96c7bbb2114a,BROADWATERS,MEDICINES MANAGEMENT TEAM,DORCHESTER,SW,DT1 1TS,50.714632,-2.4443886,01202 443700,60
5f7ff981-ee9e-38c9-a450-b3d77787c53f,VINE SURGERY PARTNERSHIP,VINE SURGERY,CHARD,SW,BA16 0ET,51.126187,-2.7378528,01458 841122,59
b294e4e7-8beb-3164-94eb-291f4eef3a0c,MERCHISTON SURGERY,MERCHISTON SURGERY,SWINDON,SW,SN3 4BF,51.587499,-1.748991,01793 823307,119
a082aa6b-69c4-3e63-97f6-f686b72072f7,GODOLPHIN HEALTH,PRAZE-AN-BEEBLE SURGERY,SALTASH,SW,TR14 0LB,50.174177,-5.3101523,01209 831386,118
1cc6e01f-24c7-3fd6-91fd-393826bb9f22,CANFORD HEATH GROUP PRACT,CANFORD HEATH GROUP PRACT,POOLE,SW,BH17 8UE,50.741391,-1.9648152,01202 772540,144
76675ab0-c33a-3c7d-898c-ccb69e49c170,VILLAGE SURGERY,THE VILLAGE SURGERY,POOLE,SW,BH12 5BF,50.741198,-1.8963075,01202 525252,37
8c326450-5c3f-3a57-984c-49e1f121e11b,PENRYN SURGERY,THE PENRYN SURGERY,BROOKLYN,SW,TR10 8HX,50.167504,-5.1033598,01326 372502,186
6156946b-47bf-32f8-9190-75eb98e9ac87,FALLODON WAY MEDICAL CENTRE,FALLODON WAY MEDICAL CTR,BATH,SW,BS9 4HT,51.483068,-2.6095406,0117 9620652,148
f00a6a3f-1339-3e5e-be40-68dad62cd6c0,MAY LANE SURGERY,MAY LANE SURGERY,DURSLEY,SW,GL11 4JN,51.680012,-2.3573964,01453 540555,114
bdf2f493-8511-3f4b-9945-139655be2f49,SEVENTREES CLINIC,BARING STREET,PLYMOUTH,SW,PL4 8NF,50.375369,-4.1311563,,3
780574a7-7a48-3863-b4f8-81384a410f26,MILBORNE PORT SURGERY,GAINSBOROUGH,SOMERSET,SW,DT9 5FH,50.967502,-2.4719621,01963 250334,69
e8824b53-2d12-3ad7-ba8c-a7f718c355e0,SWANAGE MEDICAL PRACTICE,SWANAGE MEDICAL PRACTICE,SWANAGE,SW,BH19 1HB,50.609961,-1.9600227,01929 422231,71
55216def-5eb6-3c2f-a601-698cdc7dc6c3,PRIORY ROAD MEDICAL CENTRE,PRIORY ROAD MED CENTRE,SWINDON,SW,SN3 2EZ,51.552763,-1.7477974,01793 688744,173
16100d41-bac0-3262-bbf3-aefb985b570b,MINOR INJURY UNIT-OKEHAMPTON,OKEHAMPTON M CENTRE,SIDMOUTH,SW,EX20 1AY,50.738804,-3.9975936,01837 52233,35
41968b90-0861-369d-9917-87d09ab92c44,HERBERT AVENUE,THE SURGERY,PARKSTONE, POOLE,SW,BH12 4HY,50.744709,-1.9408743,01202 743333,30
ac20210d-7dbe-3aa0-aadb-6e8a3d228946,THE MALAGO SURGERY,THE MALAGO SURGERY,BEDMINSTER,SW,BS3 4JE,51.439796,-2.599857,0117 9663587,158
002bbbb9-8f60-3f96-b864-8c8bcabc4107,BEECHES GREEN SURGERY,STROUD HEALTH CENTRE,CHELTENHAM,SW,GL5 4BH,51.747307,-2.2202358,01453 763980,36
5c8c4548-b20c-3de4-84c9-20b83ff88d5a,MAY LANE SURGERY,27 MAY LANE,DURSLEY,SW,GL11 4JN,51.680012,-2.3573964,,3
b857f34f-b392-3e4a-81da-381f6a8bc40a,SAINTBRIDGE SURGERY,SAINTBRIDGE SURGERY,CIRENCESTER,SW,GL4 4SH,51.848947,-2.2222419,01452 500252,226
c892ccff-3991-335f-a231-d184025e8d25,KINGSWOOD SURGERY,KINGSWOOD SURGERY,SWINDON,SW,SN3 2RJ,51.556265,-1.7543266,01793 534699,31
f63a43bd-8354-3b2d-885a-3e51e8703e2b,NORTH CORNWALL COAST PCN HUB,WADEBRIDGE & CE PRACTICE,SALISBURY,SW,PL27 7BS,50.514824,-4.8357722,01208 812222,47
e5ddbe1e-6282-3207-ad02-9a806af11aaf,THE SYCAMORES,MOUNT PLEASANT ROAD,EXETER,SW,EX4 7AE,50.732336,-3.5148051,,3
607e2c91-5388-3a94-a3c2-5192a649c705,SPARCELLS PHARMACY,MIDWINTER CLOSE,SWINDON,SW,SN5 5AN,51.577482,-1.834822,01793 877760,46
ec45cdc3-0780-35df-bcc2-9c67af821831,CASTLEWOOD,CASTLEWOOD,CLEVEDON,SW,BS21 6FW,51.438683,-2.8409847,,3
7de3daea-7c38-3581-bedd-9456f9c85e83,CHRISTCHURCH MEDICAL PRACTICE,CHRISTCHURCH MEDICAL PRAC,CHRISTCHURCH,SW,BH23 3AF,50.736437,-1.7594579,01202 481901,306
57e49510-3537-3667-a740-e340391c06d5,MEADOW HOUSE,17-18 HOWELL ROAD,EXETER,SW,EX4 4LG,50.729234,-3.5360726,,3
dfae65a9-6fab-3dc7-8cb1-0203c8cb65a9,EXETER HEADACHE CLINIC,ST THOMAS HEALTH CENTRE,GLOUCESTER,SW,EX4 1HJ,50.714481,-3.5451799,01392 676679,115
85da990c-c42e-3434-8a62-6212645b6350,PRIMARY CARE PAEDIATRICS,LAWRENCE HILL HEALTH CTR,CLEVEDON,SW,BS2 0AN,51.457547,-2.5726855,0117 9543060,35
cb13304a-a5cd-3f49-9988-f5597116f031,PROVIDENCE COMMUNITY ADDICTION SERVICE,12 WALPOLE ROAD,SWINDON,SW,BH1 4HA,50.727068,-1.8451361,01202 395195,124
32831029-e764-372b-ace0-201307ca06df,WOODBURY SURGERY,WOODBURY SURGERY,EXETER,SW,EX5 1NZ,50.674009,-3.4001574,01395 232509,85
c6277fab-1291-37b1-9c8c-67ed52b8998a,PARK MEDICAL PRACTICE,THE PARK MEDICAL PRACTICE,BRIDGWATER,SW,BA4 5RT,51.186046,-2.5467344,01749 334383,46
f88ed947-5d0d-3950-a917-ecc35f141fe5,TAUNTON PSYCHIATRIC LIAISON TEAM,C/O OLD TRANSPORT OFFICE,TAUNTON,SW,TA1 5DA,51.01197,-3.1197783,,3
43574500-8109-3aff-a1da-dbdc5c78edf8,HILL BARTON SURGERY,HILL BARTON SURGERY,BARNSTAPLE,SW,EX1 3EN,50.723363,-3.4816892,01392 444242,62
ddbf7ee0-e4f7-38f2-a9b8-152636908d6e,THE HARVEY PRACTICE (PODIATRY),THE HARVEY PRACTICE,BROADSTONE,SW,BH18 8EE,50.761018,-1.9935253,,6
0413e90c-5021-3053-873f-eef8fb098170,FARMHOUSE SURGERY,CHRISTCHURCH MED CENTRE,CHRISTCHURCH,SW,BH23 3AF,50.736437,-1.7594579,01202 488487,135
204fa82d-3c2f-3eae-b80c-992fba87217a,HMP EXETER,30 NEW NORTH ROAD,BRISTOL,SW,EX4 4EX,50.728034,-3.5322218,01392 415650,91
78b5895d-d3ad-3cdf-a965-84c89f679b98,MID DEVON MEDICAL PRACTICE,WITHERIDGE MEDICAL CENTRE,2 DEN CRESCENT,SW,EX16 8EZ,50.915229,-3.7064007,01884 860205,50
b86da6c3-5fe6-372c-a12d-ac0b26bf360e,MOUNT PLEASANT HEALTH CENTRE,MOUNT PLEASANT HEALTH CTR,CREDITON,SW,EX4 7BW,50.732834,-3.5159265,01392 255722,66
08ed7229-42bb-3958-af9d-464f06bfa00e,THREE SPIRES MEDICAL PRACTICE,TRURO HEALTH PARK,PAR,SW,TR1 2JA,50.260102,-5.0564193,01872 272272,29
3d6c9ae9-bee3-399e-9030-5d2f3ba03c1b,THE HARVEY PRACTICE,THE HARVEY PRACTICE,BROADSTONE,SW,BH18 8EE,50.761018,-1.9935253,01202 697307,103
5fb3b7d8-343f-32a6-a49c-194d4ee1f39f,AXMINSTER MEDICAL PRACTICE,THE AXMINSTER MED PRACT,PLYMOUTH,SW,EX13 5AG,50.780899,-2.999226,01297 32126,119
9789d71d-a1a0-3e6b-bf2a-f876a109e498,GLASTONBURY SURGERY,THE GLASTONBURY SURGERY,TAUNTON,SW,BA6 9LP,51.148462,-2.7218526,01458 833666,32
2df6eee0-dd32-3ea8-b606-7806a2f079e1,SFT LYMPHOEDEMA AQP,VASCULAR & DIABETES UNIT,SWINDON,SW,SP2 8BJ,51.043955,-1.7898225,01722 336262,30
ca2a8b1b-17cc-3d8c-b09e-c66aa417224f,SUMMERVALE SURGERY,ILMINSTER MEDICAL CENTRE,SHEPTON MALLET,SW,TA19 9FE,50.925014,-2.9198014,01460 52354,35
3293fe36-bea8-378f-a280-3ffef097df90,CLINTON ROAD SURGERY,19 CLINTON ROAD,PADSTOW,SW,TR15 2LL,50.230855,-5.2247576,01209 216507,80
6d89aef1-6b75-3233-af90-d31861ba8aa8,COASTAL PCN HUB,MOUNT HAWKE SURGERY,LAUNCESTON,SW,TR4 8UE,50.280727,-5.2098789,01872 553881,121
1ae66099-e44b-3909-9357-7a5d3824e704,CREDITON AMBULANCE STATION,KIDDICOTT,CREDITON,SW,EX17 2AY,50.791469,-3.6637644,,3
57ad8305-7a2d-3edc-96ec-c6367621e6d8,PORTISHEAD MEDICAL GROUP,PORTISHEAD MEDICAL GROUP,BRISTOL,SW,BS20 6AQ,51.482834,-2.7673146,01275 841630,41
ec06349c-1fbc-353d-9f16-dacbe598fe48,PRESCRIBER 267,KINGSWOOD HUB,BRISTOL,SW,BS15 4DA,51.4626,-2.4999413,,22
3993511b-1e21-3335-be76-62e185ba8f88,WOUND CARE SERVICE,WILLIAM BUDD HEALTH CTR,WITHYWOOD,SW,BS4 1WH,51.428755,-2.5962602,0117 9449733,31
df763b73-d365-304f-a672-03f4cfb1677f,DILKE MEMORIAL HOSPITAL,SPEECH HOUSE ROAD,CINDERFORD,SW,GL14 3HX,51.811207,-2.5198775,,3
5d2c98e8-18ce-303c-8ae4-924b9e8e5d39,THE STOKE ROAD SURGERY,THE SURGERY 4 STOKE ROAD,GLOUCESTER,SW,GL52 8RP,51.946679,-2.068173,01242 672007,46
08d9cba5-dbe2-39f7-be98-ca7d1aadfd6e,HIGHCLIFF MEDICAL CENTRE,HEILA HOUSE,CHRISTCHURCH,SW,BH23 5ET,50.741232,-1.7018378,,6
a5ec038a-a4f8-3bfe-9ea4-6bef99cae2ea,BLAKENEY SURGERY,BLAKENEY SURGERY,CINDERFORD,SW,GL15 4ED,51.759251,-2.4765244,01594 510225,85
98a4d5bd-6f45-3fc7-916e-17ee5586620a,JUBILEE FIELD SURGERY,JUBILEE FIELD SURGERY,CHIPPENHAM,SW,SN14 7EJ,51.4841,-2.1918611,01249 782204,113
5c185a7a-b3dc-3208-b926-5591b021eaea,WESSEX DAY CENTRE,HANNAH MORE COTTAGE,CHEDDAR,SW,BS27 3HE,51.278205,-2.77848,,1
cd05345a-beb4-31de-bb8f-d038dfc9f6e3,MINOR INJURY UNIT-EXMOUTH,CLAREMONT MEDICAL PRACT,OKEHAMPTON,SW,EX8 2JF,50.621149,-3.4014988,01395 282001,96
f0da0892-c470-3773-ac11-c8625d38cc9b,HOPE HOUSE SURGERY,HOPE HOUSE CENTRE,BATH,SW,BA3 3EP,51.293062,-2.4464822,01761 432121,86
f4fb87f5-3160-33e1-a3b9-e7c3a256e1a8,ST KILDA ROOMS,15 DREW STREET,BRIXHAM,SW,TQ5 9JU,50.388415,-3.5161539,,3
6aeb213a-2178-3dc9-94db-bd5a44de432d,CANNEL VIEW SURGERY,3 COURTENAY PLACE,TEIGNMOUTH,SW,TQ14 8AY,50.546135,-3.4940231,,6
8959b36a-54a4-3d58-8169-baf25bd641d9,OAKWELL,LYDDICLEAVE,BARNSTAPLE,SW,EX31 2JZ,51.071245,-4.0943569,,3
f75b0585-44d9-3914-8ac2-4be46b73d965,EAGLE HOUSE SURGERY,EAGLE HOUSE SURGERY,BLANDFORD FORUM,SW,DT11 7DQ,50.857543,-2.1656625,01258 453171,124
496b1970-eff2-383f-b09e-b70981d513a8,BATHEASTON MEDICAL CENTRE,BATHEASTON MEDICAL CENTRE,BATH,SW,BA1 7NP,51.406042,-2.3173726,01225 858686,144
76f3c109-6e02-3112-ba9b-58b083f768fa,HARRIS MEMORIAL SURGERY,HARRIS MEMORIAL SURGERY,CAMELFORD,SW,TR16 4RX,50.246646,-5.2670975,01209 842449,111
cc392b48-3937-327a-8ae5-17d2afc0e23d,MANNAMEAD SURGERY,THE MANNAMEAD SURGERY,KINGSBRIDGE,SW,PL3 5HE,50.389298,-4.1298394,01752 223652,37
2f9080c2-00eb-30c7-8335-24731f30d1a3,LAUN & TVN PCN HUB,LAUNCESTON MEDICAL CENTRE,HELSTON,SW,PL15 9HH,50.627705,-4.3599804,01566 772131,65
b0332d79-bdae-3440-b056-30c80c5622d7,ST JAMES' CLINIC,QUEDGELEY,GLOUCESTER,SW,GL2 4WD,51.827018,-2.2808569,,3
0f958321-bbcf-330b-a337-aff47478abf2,THE ARMADA FAMILY PRACTICE,THE ARMADA FAMILY PRACT,WHITCHURCH,SW,BS14 0SU,51.413689,-2.5720365,01275 547011,111
89c1bda5-b1fb-3ba0-8432-f63a805c207f,ACUTE MEDICAL UNIT (RBH),UNIVERSITY HOSP DORSET,STROUD,SW,BH7 7DW,50.747482,-1.8205054,01202 303626,111
f1b37c21-88a4-3018-affa-7f074bf0ed97,BRACKEN HOUSE (PSYCHOLOGICAL THERAPIES),CHRISTCHURCH ROAD,BOURNEMOUTH,SW,BH1 3JP,50.721813,-1.8642212,,9
65c46d17-94c8-3d4a-b746-2a8a13815edd,EMERSONS GREEN MEDICAL CENTRE,ST LUKES CLOSE,BATH,SW,BS16 7AL,51.492728,-2.4769942,0117 9576000,43
5a2879f1-3ac5-32c6-98e8-29b8d4b71b33,CHANNINGS WOOD (HEALTH),DENBURY,NEWTON ABBOT,SW,TQ12 6DW,50.510492,-3.6518204,,3
05cfe5e8-0f49-37c1-82a9-b2132adcc4ab,MENDIP VALE MEDICAL PRACTICE,LANGFORD SURGERY,BRISTOL,SW,BS40 5EL,51.341574,-2.7848224,01934 839820,28
c90b472b-3903-3128-873f-d37e63cee443,VRANCH HOUSE,PINHOE ROAD,EXETER,SW,EX4 8AD,50.731606,-3.4939656,,1
f3ec5783-e2a2-369d-b8cf-982340603e92,WONFORD GREEN SURGERY,BURNTHOUSE LANE,EXETER,SW,EX2 6NF,50.713847,-3.4994208,,3
d7c449d2-2489-3769-8f37-8ac3578eb649,PORTLAND HOSPITAL,CASTLE ROAD,PORTLAND,SW,DT5 1AX,50.56587,-2.4448227,,3
a5bac332-9512-3eb5-b714-1996417f68ea,SALTASH ROAD SURGERY,218 SALTASH ROAD,PLYMOUTH,SW,PL2 2BB,50.390577,-4.1807286,,86
f9ee2b4c-7119-31bd-97cf-3b50937341e3,WALK IN CENTRE (WIC),NEW SWINDON NHS HLTH CTR,GLOUCESTER,SW,SN1 2NG,51.563006,-1.7849457,07722 362180,29
96bdc1a8-1558-3fec-bba8-d963b59d1aad,RICHMOND HOUSE SURGERY,RICHMOND HOUSE SURGERY,PLYMOUTH,SW,TQ14 8AF,50.545487,-3.4968537,01626 773339,109
d66ac3a7-1d58-360a-9604-0c09e3483b3f,TROWBRIDGE HEALTH CENTRE,TROWBRIDGE HEALTH CENTRE,TROWBRIDGE,SW,BA14 8LW,51.32537,-2.2082179,01225 435757,93
07970cd4-ad21-3093-94cd-b0ce6069144e,FAIRFORD HOSPITAL,THE CROFT,FAIRFORD,SW,GL7 4BB,51.707871,-1.7786741,,67
c5d44048-2c85-3615-84fa-5ceed4bcf7e1,GLOUCESTER CLUB HOUSE,17 ST. MARYS SQUARE,GLOUCESTER,SW,GL1 2QT,51.868187,-2.2491618,,1
81b2401f-391c-320e-be3d-b0beda94e311,TIVERTON HOSPITAL,TIVERTON & DISTRICT HOSPITAL,TIVERTON,SW,EX16 6NT,50.909477,-3.4929547,,1
4f0f7468-72b7-3659-8638-b551835d713d,CMHT-A BRIDPORT,HUGHES UNIT,BRIDPORT,SW,DT6 5DR,50.741605,-2.769928,,3
23c94a6b-a4ae-3198-b0b5-e26b57f0f1cb,CMHS CUMBERLAND,1ST FLR CUMBERLAND CENTRE,BATH,SW,PL1 4JZ,50.369816,-4.1688071,01752 435589,179
d3b6e302-cb7a-30cd-9622-da9aff20f48f,TAW HILL MEDICAL PRACTICE,TAW HILL MEDICAL PRACTICE,SWINDON,SW,SN25 1UH,51.594425,-1.8246987,01793 709500,114
c803b7d0-51c6-31fb-a35b-240808d943fc,POOLE AMBULANCE STATION,THE CONCEPT CENTRE,POOLE,SW,BH12 4QA,50.740786,-1.9575454,,3
a0baae0d-ea5c-35f9-898a-1ae72a01047c,MENDIP OLDER PERSONS TEAM,ENOS WAY,FROME,SW,BA11 2FH,51.237156,-2.3112808,,12
85588d1d-a732-3298-abfd-7e0706e20355,NORTH SEDGEMOOR CLINICAL HUB,BERROW MEDICAL CENTRE,STROUD,SW,TA8 2JU,51.259235,-2.9984435,01278 795445,61
78680a63-42f1-31c4-af2a-99a89362b9db,PRESCRIBER 232,KINGSWOOD HUB,BRISTOL,SW,BS15 4DA,51.4626,-2.4999413,,17
0cf6180a-e9a0-3685-95c2-785118a9ac69,HCRG CARE GROUP CHILDREN'S HEALTH,1ST FLOOR  TECHNOLOGY HSE,BRISTOL,SW,SP4 6AT,51.127827,-1.7861987,0300 2470090,263
b71101ea-d9a7-3c8d-b760-3f37fc7a7832,WE ARE WITH YOU - NORTH SOMERSET,WE ARE WITH YOU,TORQUAY,SW,BS23 1PE,51.35059,-2.9743081,01934 427940,32
d256454d-d109-3c1e-af6d-de7c7acafb01,WE ARE WITH YOU CORNWALL CENTRAL,WESTERN HOUSE,BRISTOL,SW,TR1 2EJ,50.261537,-5.0514734,01872 263001,190
c96909e3-4605-3be1-b03b-270d97974c4a,TEWKESBURY PCN,TWNS PCN @ MYTHE MED PRAC,BRISTOL,SW,GL20 5GJ,51.99272,-2.1542275,01684 293278,32
6b09284c-51d8-3139-b837-552e1f0fc02f,WINFIELD HOSPITAL,RAMSEY HEALTHCARE,GLOUCESTER,SW,GL2 9WH,51.880564,-2.242228,,3
fe0234ae-ef44-3814-9486-e2daa9f1457b,PENNY'S HILL PRACTICE,PENNY'S HILL PRACTICE,FERNDOWN,SW,BH22 9HB,50.801788,-1.8944994,01202 897200,36
d152923f-e387-3482-ae86-bd5d969e979f,ST LUKES HOSPICE,STAMFORD LANE,TREWALDER,SW,PL9 9XA,50.355822,-4.1204675,01752 401172,288
4ce4a69f-14f1-38f9-b71e-72429c0f4ee4,ARENA,43 RODNEY ROAD,CHELTENHAM,SW,GL50 1HX,51.898871,-2.0748729,,3
a1947674-aac4-3905-9709-22271cc58873,HUCCLECOTE SURGERY,THE SURGERY,GLOUCESTER,SW,GL3 3HB,51.857161,-2.1936636,01452 617295,82
40eea153-95a9-3b14-aaa5-d459f310d928,RUH URGENT CARE CENTRE,COMBE PARK,CHELTENHAM,SW,BA1 3NG,51.392764,-2.3905661,01225 428331,93
cb160dcc-a5f5-3fd6-8e0a-e47358fe04ab,THE QUARTER JACK SURGERY,QUARTERJACK SURGERY,WIMBORNE,SW,BH21 1AP,50.79813,-1.9827366,01202 848262,52
9741f46f-0aa3-3c63-9d01-3cde5f6e41ec,HONITON SURGERY,HONITON SURGERY,FALMOUTH,SW,EX14 2NY,50.794578,-3.1880434,01404 548544,29
0d408b7d-1585-3090-a3ca-085d9020176b,WELLINGTON MEDICAL CENTRE,MANTLE STREET,CHEDDAR,SW,TA21 8BD,50.975622,-3.2330971,01823 663551,48
698fee30-a143-36a7-beaa-91f06848bafa,CHAT,THE PURBECK HOUSE,WAREHAM,SW,BH20 4PF,50.682699,-2.1231621,,3
451d7853-15a2-3674-8d9d-c93db9271ffb,TAWSTOCK MEDICAL CENTRE  CHARD,TAWSTOCK MEDICAL CENTRE,BRIDGWATER,SW,TA20 2DZ,50.867905,-2.9650041,01460 67763,110
04df0400-6573-32a8-9da8-60c56f2fca0d,BROADMEAD WALK-IN CENTRE,BOOTS THE CHEMISTS,PLYMOUTH,SW,BS1 3EA,51.457392,-2.5894801,0117 9549828,37
9a5ac381-5470-3123-8e63-4ff6f682696c,ERNSETTLE SURGERY,ERNESETTLE GREEN,PLYMOUTH,SW,PL5 2ST,50.420509,-4.1769368,,26
f548a8ab-612f-3e38-9a9b-8d5522800de0,CHIPPING SURGERY,THE CHIPPING SURGERY,KINGSWAY,SW,GL12 7BD,51.636065,-2.3538429,01453 842214,32
2427bd2c-2559-39ae-bec5-478c34e306ad,CHANNEL VIEW MEDICAL GROUP,CHANNEL VIEW SURGERY,TORQUAY,SW,TQ14 8AY,50.546135,-3.4940231,01626 774656,156
19239749-8e9a-3d20-bb67-2c91dbe97a4c,WELLS ROAD SURGERY,233 WELLS ROAD,BRISTOL,SW,BS4 2DF,51.438637,-2.5727223,0117 9770018,259
5a979e82-2c64-3f10-952f-62b567bfdfad,HOLSWORTHY AMBULANCE STATION,WELL PARK,HOLSWORTHY,SW,EX22 6DH,50.812297,-4.3530499,,16
