time,Check Vaccine Status,Terminal,Wait Until Exposure
1579651200000-1579737599999,0,0.0001,0.9999
1579737600000-1579823999999,0,0.0001,0.9999
1579824000000-1579910399999,3e-9,0.0001,0.999899997
1579910400000-1579996799999,0,0.0001,0.9999
1579996800000-1580083199999,9e-9,0.0001,0.999899991
1580083200000-1580169599999,0,0.0001,0.9999
1580169600000-1580255999999,0,0.0001,0.9999
1580256000000-1580342399999,3e-9,0.0001,0.999899997
1580342400000-1580428799999,0,0.0001,0.9999
1580428800000-1580515199999,6e-9,0.0001,0.999899994
1580515200000-1580601599999,0,0.0001,0.9999
1580601600000-1580687999999,0,0.0001,0.9999
1580688000000-1580774399999,9e-9,0.0001,0.999899991
1580774400000-1580860799999,0,0.0001,0.9999
1580860800000-1580947199999,0,0.0001,0.9999
1580947200000-1581033599999,3e-9,0.0001,0.999899997
1581033600000-1581119999999,0,0.0001,0.9999
1581120000000-1581206399999,0,0.0001,0.9999
1581206400000-1581292799999,0,0.0001,0.9999
1581292800000-1581379199999,0,0.0001,0.9999
1581379200000-1581465599999,3e-9,0.0001,0.999899997
1581465600000-1581551999999,0,0.0001,0.9999
1581552000000-1581638399999,3e-9,0.0001,0.999899997
1581638400000-1581724799999,0,0.0001,0.9999
1581724800000-1581811199999,0,0.0001,0.9999
1581811200000-1581897599999,0,0.0001,0.9999
1581897600000-1581983999999,0,0.0001,0.9999
1581984000000-1582070399999,0,0.0001,0.9999
1582070400000-1582156799999,0,0.0001,0.9999
1582156800000-1582243199999,0,0.0001,0.9999
1582243200000-1582329599999,6e-9,0.0001,0.999899994
1582329600000-1582415999999,0,0.0001,0.9999
1582416000000-1582502399999,0,0.0001,0.9999
1582502400000-1582588799999,0,0.0001,0.9999
1582588800000-1582675199999,0,0.0001,0.9999
1582675200000-1582761599999,0,0.0001,0.9999
1582761600000-1582847999999,3e-9,0.0001,0.999899997
1582848000000-1582934399999,0,0.0001,0.9999
1582934400000-1583020799999,2.4e-8,0.0001,0.999899976
1583020800000-1583107199999,2.1000000000000003e-8,0.0001,0.999899979
1583107200000-1583193599999,6.900000000000001e-8,0.0001,0.999899931
1583193600000-1583279999999,5.7e-8,0.0001,0.999899943
1583280000000-1583366399999,1.0000000000000001e-7,0.0001,0.9998999
1583366400000-1583452799999,2.33e-7,0.0001,0.999899767
1583452800000-1583539199999,1.6e-7,0.0001,0.99989984
1583539200000-1583625599999,5.02e-7,0.0001,0.999899498
1583625600000-1583711999999,3.5e-7,0.0001,0.99989965
1583712000000-1583798399999,2.27e-7,0.0001,0.999899773
1583798400000-1583884799999,5.679999999999999e-7,0.0001,0.999899432
1583884800000-1583971199999,0.000001103,0.0001,0.999898897
1583971200000-1584057599999,0.000001326,0.0001,0.999898674
1584057600000-1584143999999,0.000001912,0.0001,0.999898088
1584144000000-1584230399999,0.0000022930000000000003,0.0001,0.999897707
1584230400000-1584316799999,7.07e-7,0.0001,0.999899293
1584316800000-1584403199999,0.000004432,0.0001,0.999895568
1584403200000-1584489599999,0.000005538,0.0001,0.999894462
1584489600000-1584575999999,0.000008027,0.0001,0.999891973
1584576000000-1584662399999,0.000013577,0.0001,0.999886423
1584662400000-1584748799999,0.000019234999999999998,0.0001,0.999880765
1584748800000-1584835199999,0.000018112,0.0001,0.999881888
1584835200000-1584921599999,0.000026806,0.0001,0.999873194
1584921600000-1585007999999,0.000033951,0.0001,0.999866049
1585008000000-1585094399999,0.000032081,0.0001,0.999867919
1585094400000-1585180799999,0.000036500999999999995,0.0001,0.999863499
1585180800000-1585267199999,0.000053945,0.0001,0.999846055
1585267200000-1585353599999,0.000056465,0.0001,0.999843535
1585353600000-1585439999999,0.000059305,0.0001,0.999840695
1585440000000-1585526399999,0.000057096,0.0001,0.999842904
1585526400000-1585612799999,0.000066691,0.0001,0.999833309
1585612800000-1585699199999,0.000079498,0.0001,0.999820502
1585699200000-1585785599999,0.00009754,0.0001,0.99980246
1585785600000-1585871999999,0.00009734699999999999,0.0001,0.999802653
1585872000000-1585958399999,0.000097603,0.0001,0.999802397
1585958400000-1586044799999,0.000097842,0.0001,0.999802158
1586044800000-1586131199999,0.00009031600000000001,0.0001,0.999809684
1586131200000-1586217599999,0.000094833,0.0001,0.999805167
1586217600000-1586303999999,0.000092987,0.0001,0.999807013
1586304000000-1586390399999,0.000094365,0.0001,0.999805635
1586390400000-1586476799999,0.00010858499999999999,0.0001,0.999791415
1586476800000-1586563199999,0.000103936,0.0001,0.999796064
1586563200000-1586649599999,0.000087863,0.0001,0.999812137
1586649600000-1586735999999,0.000082344,0.0001,0.999817656
1586736000000-1586822399999,0.000081386,0.0001,0.999818614
1586822400000-1586908799999,0.000087063,0.0001,0.999812937
1586908800000-1586995199999,0.00007676099999999999,0.0001,0.999823239
1586995200000-1587081599999,0.00009064,0.0001,0.99980936
1587081600000-1587167999999,0.00009989600000000001,0.0001,0.999800104
1587168000000-1587254399999,0.00008431100000000001,0.0001,0.999815689
1587254400000-1587340799999,0.00007873699999999999,0.0001,0.999821263
1587340800000-1587427199999,0.00009009,0.0001,0.99980991
1587427200000-1587513599999,0.000078326,0.0001,0.999821674
1587513600000-1587599999999,0.000087344,0.0001,0.999812656
1587600000000-1587686399999,0.000101546,0.0001,0.999798454
1587686400000-1587772799999,0.000097664,0.0001,0.999802336
1587772800000-1587859199999,0.000091782,0.0001,0.999808218
1587859200000-1587945599999,0.000080024,0.0001,0.999819976
1587945600000-1588031999999,0.000071646,0.0001,0.999828354
1588032000000-1588118399999,0.000074244,0.0001,0.999825756
1588118400000-1588204799999,0.000079936,0.0001,0.999820064
1588204800000-1588291199999,0.000088232,0.0001,0.999811768
1588291200000-1588377599999,0.00010545799999999999,0.0001,0.999794542
1588377600000-1588463999999,0.000082622,0.0001,0.999817378
1588464000000-1588550399999,0.000073477,0.0001,0.999826523
1588550400000-1588636799999,0.000072712,0.0001,0.999827288
1588636800000-1588723199999,0.000074102,0.0001,0.999825898
1588723200000-1588809599999,0.000074226,0.0001,0.999825774
1588809600000-1588895999999,0.000082866,0.0001,0.999817134
1588896000000-1588982399999,0.000081057,0.0001,0.999818943
1588982400000-1589068799999,0.00007606,0.0001,0.99982394
1589068800000-1589155199999,0.000056812,0.0001,0.999843188
1589155200000-1589241599999,0.000058302,0.0001,0.999841698
1589241600000-1589327999999,0.000069265,0.0001,0.999830735
1589328000000-1589414399999,0.000061731,0.0001,0.999838269
1589414400000-1589500799999,0.000081017,0.0001,0.999818983
1589500800000-1589587199999,0.000074721,0.0001,0.999825279
1589587200000-1589673599999,0.000072915,0.0001,0.999827085
1589673600000-1589759999999,0.000055552,0.0001,0.999844448
1589760000000-1589846399999,0.00006764,0.0001,0.99983236
1589846400000-1589932799999,0.00006338,0.0001,0.99983662
1589932800000-1590019199999,0.000068655,0.0001,0.999831345
1590019200000-1590105599999,0.000077851,0.0001,0.999822149
1590105600000-1590191999999,0.00007144700000000001,0.0001,0.999828553
1590192000000-1590278399999,0.000063743,0.0001,0.999836257
1590278400000-1590364799999,0.000060655,0.0001,0.999839345
1590364800000-1590451199999,0.000056380000000000006,0.0001,0.99984362
1590451200000-1590537599999,0.000059404,0.0001,0.999840596
1590537600000-1590623999999,0.000056045,0.0001,0.999843955
1590624000000-1590710399999,0.000067431,0.0001,0.999832569
1590710400000-1590796799999,0.000073951,0.0001,0.999826049
1590796800000-1590883199999,0.00007139499999999999,0.0001,0.999828605
1590883200000-1590969599999,0.00005735,0.0001,0.99984265
1590969600000-1591055999999,0.00005261,0.0001,0.99984739
1591056000000-1591142399999,0.00006495999999999999,0.0001,0.99983504
1591142400000-1591228799999,0.00005999,0.0001,0.99984001
1591228800000-1591315199999,0.000065432,0.0001,0.999834568
1591315200000-1591401599999,0.000076746,0.0001,0.999823254
1591401600000-1591487999999,0.000063873,0.0001,0.999836127
1591488000000-1591574399999,0.000054162999999999996,0.0001,0.999845837
1591574400000-1591660799999,0.00005322,0.0001,0.99984678
1591660800000-1591747199999,0.000055537,0.0001,0.999844463
1591747200000-1591833599999,0.000063779,0.0001,0.999836221
1591833600000-1591919999999,0.00006998699999999999,0.0001,0.999830013
1591920000000-1592006399999,0.000075008,0.0001,0.999824992
1592006400000-1592092799999,0.000076169,0.0001,0.999823831
1592092800000-1592179199999,0.000057223,0.0001,0.999842777
1592179200000-1592265599999,0.0000599,0.0001,0.9998401
1592265600000-1592351999999,0.000071501,0.0001,0.999828499
1592352000000-1592438399999,0.000081788,0.0001,0.999818212
1592438400000-1592524799999,0.000086214,0.0001,0.999813786
1592524800000-1592611199999,0.00009529800000000001,0.0001,0.999804702
1592611200000-1592697599999,0.000097522,0.0001,0.999802478
1592697600000-1592783999999,0.00007598099999999999,0.0001,0.999824019
1592784000000-1592870399999,0.000097111,0.0001,0.999802889
1592870400000-1592956799999,0.000111999,0.0001,0.999788001
1592956800000-1593043199999,0.000108392,0.0001,0.999791608
1593043200000-1593129599999,0.00012183,0.0001,0.99977817
1593129600000-1593215999999,0.000138969,0.0001,0.999761031
1593216000000-1593302399999,0.000124863,0.0001,0.999775137
1593302400000-1593388799999,0.000123062,0.0001,0.999776938
1593388800000-1593475199999,0.000124769,0.0001,0.999775231
1593475200000-1593561599999,0.00014024100000000001,0.0001,0.999759759
1593561600000-1593647999999,0.000156555,0.0001,0.999743445
1593648000000-1593734399999,0.00017110400000000002,0.0001,0.999728896
1593734400000-1593820799999,0.000155138,0.0001,0.999744862
1593820800000-1593907199999,0.000138044,0.0001,0.999761956
1593907200000-1593993599999,0.000153313,0.0001,0.999746687
1593993600000-1594079999999,0.00013022900000000002,0.0001,0.999769771
1594080000000-1594166399999,0.000183264,0.0001,0.999716736
1594166400000-1594252799999,0.00018162700000000001,0.0001,0.999718373
1594252800000-1594339199999,0.00018884700000000002,0.0001,0.999711153
1594339200000-1594425599999,0.00020560900000000002,0.0001,0.999694391
1594425600000-1594511999999,0.000181319,0.0001,0.999718681
1594512000000-1594598399999,0.000176506,0.0001,0.999723494
1594598400000-1594684799999,0.000178035,0.0001,0.999721965
1594684800000-1594771199999,0.000205591,0.0001,0.999694409
1594771200000-1594857599999,0.000205708,0.0001,0.999694292
1594857600000-1594943999999,0.000229201,0.0001,0.999670799
1594944000000-1595030399999,0.000218234,0.0001,0.999681766
1595030400000-1595116799999,0.000188929,0.0001,0.999711071
1595116800000-1595203199999,0.000182645,0.0001,0.999717355
1595203200000-1595289599999,0.000187633,0.0001,0.999712367
1595289600000-1595375999999,0.000194745,0.0001,0.999705255
1595376000000-1595462399999,0.000213228,0.0001,0.999686772
1595462400000-1595548799999,0.000206781,0.0001,0.999693219
1595548800000-1595635199999,0.000221506,0.0001,0.999678494
1595635200000-1595721599999,0.000196231,0.0001,0.999703769
1595721600000-1595807999999,0.000165606,0.0001,0.999734394
1595808000000-1595894399999,0.000171548,0.0001,0.999728452
1595894400000-1595980799999,0.00020063900000000001,0.0001,0.999699361
1595980800000-1596067199999,0.000217137,0.0001,0.999682863
1596067200000-1596153599999,0.000203823,0.0001,0.999696177
1596153600000-1596239999999,0.000207587,0.0001,0.999692413
1596240000000-1596326399999,0.00016978999999999999,0.0001,0.99973021
1596326400000-1596412799999,0.000137667,0.0001,0.999762333
1596412800000-1596499199999,0.000137464,0.0001,0.999762536
1596499200000-1596585599999,0.00017756399999999998,0.0001,0.999722436
1596585600000-1596671999999,0.000164549,0.0001,0.999735451
1596672000000-1596758399999,0.00017930099999999998,0.0001,0.999720699
1596758400000-1596844799999,0.00017916200000000002,0.0001,0.999720838
1596844800000-1596931199999,0.00016354599999999998,0.0001,0.999736454
1596931200000-1597017599999,0.000138274,0.0001,0.999761726
1597017600000-1597103999999,0.00014382400000000002,0.0001,0.999756176
1597104000000-1597190399999,0.00014502299999999998,0.0001,0.999754977
1597190400000-1597276799999,0.000169304,0.0001,0.999730696
1597276800000-1597363199999,0.00015503200000000002,0.0001,0.999744968
1597363200000-1597449599999,0.000197388,0.0001,0.999702612
1597449600000-1597535999999,0.000141845,0.0001,0.999758155
1597536000000-1597622399999,0.000118464,0.0001,0.999781536
1597622400000-1597708799999,0.00011073,0.0001,0.99978927
1597708800000-1597795199999,0.00013605,0.0001,0.99976395
1597795200000-1597881599999,0.00014296,0.0001,0.99975704
1597881600000-1597967999999,0.000133053,0.0001,0.999766947
1597968000000-1598054399999,0.00014756100000000002,0.0001,0.999752439
1598054400000-1598140799999,0.000130102,0.0001,0.999769898
1598140800000-1598227199999,0.000103464,0.0001,0.999796536
1598227200000-1598313599999,0.000110217,0.0001,0.999789783
1598313600000-1598399999999,0.000121914,0.0001,0.999778086
1598400000000-1598486399999,0.00013647,0.0001,0.99976353
1598486400000-1598572799999,0.000137138,0.0001,0.999762862
1598572800000-1598659199999,0.000141485,0.0001,0.999758515
1598659200000-1598745599999,0.000129165,0.0001,0.999770835
1598745600000-1598831999999,0.000103939,0.0001,0.999796061
1598832000000-1598918399999,0.000106833,0.0001,0.999793167
1598918400000-1599004799999,0.000126422,0.0001,0.999773578
1599004800000-1599091199999,0.00012392,0.0001,0.99977608
1599091200000-1599177599999,0.000133688,0.0001,0.999766312
1599177600000-1599263999999,0.00015221,0.0001,0.99974779
1599264000000-1599350399999,0.000130386,0.0001,0.999769614
1599350400000-1599436799999,0.000094313,0.0001,0.999805687
1599436800000-1599523199999,0.000071338,0.0001,0.999828662
1599523200000-1599609599999,0.000082253,0.0001,0.999817747
1599609600000-1599695999999,0.000102866,0.0001,0.999797134
1599696000000-1599782399999,0.00010893,0.0001,0.99979107
1599782400000-1599868799999,0.000144316,0.0001,0.999755684
1599868800000-1599955199999,0.00012417100000000001,0.0001,0.999775829
1599955200000-1600041599999,0.000103842,0.0001,0.999796158
1600041600000-1600127999999,0.000103996,0.0001,0.999796004
1600128000000-1600214399999,0.00011931000000000001,0.0001,0.99978069
1600214400000-1600300799999,0.000117914,0.0001,0.999782086
1600300800000-1600387199999,0.00013634299999999998,0.0001,0.999763657
1600387200000-1600473599999,0.000148887,0.0001,0.999751113
1600473600000-1600559999999,0.000127497,0.0001,0.999772503
1600560000000-1600646399999,0.00011615300000000001,0.0001,0.999783847
1600646400000-1600732799999,0.00015673,0.0001,0.99974327
1600732800000-1600819199999,0.00012043999999999999,0.0001,0.99977956
1600819200000-1600905599999,0.000118032,0.0001,0.999781968
1600905600000-1600991999999,0.000142304,0.0001,0.999757696
1600992000000-1601078399999,0.000145905,0.0001,0.999754095
1601078400000-1601164799999,0.000134963,0.0001,0.999765037
1601164800000-1601251199999,0.000113377,0.0001,0.999786623
1601251200000-1601337599999,0.000100585,0.0001,0.999799415
1601337600000-1601423999999,0.000130929,0.0001,0.999769071
1601424000000-1601510399999,0.00011916200000000001,0.0001,0.999780838
1601510400000-1601596799999,0.000137914,0.0001,0.999762086
1601596800000-1601683199999,0.000166011,0.0001,0.999733989
1601683200000-1601769599999,0.00014675700000000002,0.0001,0.999753243
1601769600000-1601855999999,0.000107969,0.0001,0.999792031
1601856000000-1601942399999,0.00011896,0.0001,0.99978104
1601942400000-1602028799999,0.00013682400000000002,0.0001,0.999763176
1602028800000-1602115199999,0.00015424700000000002,0.0001,0.999745753
1602115200000-1602201599999,0.000177035,0.0001,0.999722965
1602201600000-1602287999999,0.000170343,0.0001,0.999729657
1602288000000-1602374399999,0.00016602,0.0001,0.99973398
1602374400000-1602460799999,0.000138914,0.0001,0.999761086
1602460800000-1602547199999,0.00012620399999999999,0.0001,0.999773796
1602547200000-1602633599999,0.000157796,0.0001,0.999742204
1602633600000-1602719999999,0.000180597,0.0001,0.999719403
1602720000000-1602806399999,0.000196011,0.0001,0.999703989
1602806400000-1602892799999,0.00020890199999999999,0.0001,0.999691098
1602892800000-1602979199999,0.000171476,0.0001,0.999728524
1602979200000-1603065599999,0.000149144,0.0001,0.999750856
1603065600000-1603151999999,0.00020458099999999998,0.0001,0.999695419
1603152000000-1603238399999,0.000187177,0.0001,0.999712823
1603238400000-1603324799999,0.00019124000000000002,0.0001,0.99970876
1603324800000-1603411199999,0.000230542,0.0001,0.999669458
1603411200000-1603497599999,0.00024753,0.0001,0.99965247
1603497600000-1603583999999,0.000250049,0.0001,0.999649951
1603584000000-1603670399999,0.000187926,0.0001,0.999712074
1603670400000-1603756799999,0.00020335200000000001,0.0001,0.999696648
1603756800000-1603843199999,0.000232137,0.0001,0.999667863
1603843200000-1603929599999,0.000239956,0.0001,0.999660044
1603929600000-1604015999999,0.00027498,0.0001,0.99962502
1604016000000-1604102399999,0.000299889,0.0001,0.999600111
1604102400000-1604188799999,0.000271158,0.0001,0.999628842
1604188800000-1604275199999,0.000316916,0.0001,0.999583084
1604275200000-1604361599999,0.000257433,0.0001,0.999642567
1604361600000-1604447999999,0.000384281,0.0001,0.999515719
1604448000000-1604534399999,0.00031583100000000003,0.0001,0.999584169
1604534400000-1604620799999,0.000390834,0.0001,0.999509166
1604620800000-1604707199999,0.000386804,0.0001,0.999513196
1604707200000-1604793599999,0.000385224,0.0001,0.999514776
1604793600000-1604879999999,0.00034794299999999997,0.0001,0.999552057
1604880000000-1604966399999,0.000363846,0.0001,0.999536154
1604966400000-1605052799999,0.00042448000000000003,0.0001,0.99947552
1605052800000-1605139199999,0.00044335,0.0001,0.99945665
1605139200000-1605225599999,0.00049773,0.0001,0.99940227
1605225600000-1605311999999,0.000545005,0.0001,0.999354995
1605312000000-1605398399999,0.000507325,0.0001,0.999392675
1605398400000-1605484799999,0.000411948,0.0001,0.999488052
1605484800000-1605571199999,0.000491307,0.0001,0.999408693
1605571200000-1605657599999,0.000495337,0.0001,0.999404663
1605657600000-1605743999999,0.000523413,0.0001,0.999376587
1605744000000-1605830399999,0.000578575,0.0001,0.999321425
1605830400000-1605916799999,0.000599189,0.0001,0.999300811
1605916800000-1606003199999,0.000542098,0.0001,0.999357902
1606003200000-1606089599999,0.000443945,0.0001,0.999456055
1606089600000-1606175999999,0.000525944,0.0001,0.999374056
1606176000000-1606262399999,0.00053034,0.0001,0.99936966
1606262400000-1606348799999,0.0005540829999999999,0.0001,0.999345917
1606348800000-1606435199999,0.00033995499999999997,0.0001,0.999560045
1606435200000-1606521599999,0.0006281910000000001,0.0001,0.999271809
1606521600000-1606607999999,0.000470271,0.0001,0.999429729
1606608000000-1606694399999,0.000423948,0.0001,0.999476052
1606694400000-1606780799999,0.00048435000000000004,0.0001,0.99941565
1606780800000-1606867199999,0.000568995,0.0001,0.999331005
1606867200000-1606953599999,0.000612968,0.0001,0.999287032
1606953600000-1607039999999,0.000674983,0.0001,0.999225017
1607040000000-1607126399999,0.000702846,0.0001,0.999197154
1607126400000-1607212799999,0.000651992,0.0001,0.999248008
1607212800000-1607299199999,0.000547588,0.0001,0.999352412
1607299200000-1607385599999,0.0005873339999999999,0.0001,0.999312666
1607385600000-1607471999999,0.000678097,0.0001,0.999221903
1607472000000-1607558399999,0.0006726470000000001,0.0001,0.999227353
1607558400000-1607644799999,0.000699173,0.0001,0.999200827
1607644800000-1607731199999,0.0007253390000000001,0.0001,0.999174661
1607731200000-1607817599999,0.0006579919999999999,0.0001,0.999242008
1607817600000-1607903999999,0.000567884,0.0001,0.999332116
1607904000000-1607990399999,0.000587047,0.0001,0.999312953
1607990400000-1608076799999,0.0006313909999999999,0.0001,0.999268609
1608076800000-1608163199999,0.0007451420000000001,0.0001,0.999154858
1608163200000-1608249599999,0.000724768,0.0001,0.999175232
1608249600000-1608335999999,0.000760816,0.0001,0.999139184
1608336000000-1608422399999,0.000580364,0.0001,0.999319636
1608422400000-1608508799999,0.0005680170000000001,0.0001,0.999331983
1608508800000-1608595199999,0.000600306,0.0001,0.999299694
1608595200000-1608681599999,0.000598506,0.0001,0.999301494
1608681600000-1608767999999,0.0006937229999999999,0.0001,0.999206277
1608768000000-1608854399999,0.0005865660000000001,0.0001,0.999313434
1608854400000-1608940799999,0.00029570800000000005,0.0001,0.999604292
1608940800000-1609027199999,0.000684031,0.0001,0.999215969
1609027200000-1609113599999,0.000470827,0.0001,0.999429173
1609113600000-1609199999999,0.000526135,0.0001,0.999373865
1609200000000-1609286399999,0.000605457,0.0001,0.999294543
1609286400000-1609372799999,0.00070604,0.0001,0.99919396
1609372800000-1609459199999,0.000711777,0.0001,0.999188223
1609459200000-1609545599999,0.000464999,0.0001,0.999435001
1609545600000-1609631999999,0.000907733,0.0001,0.998992267
1609632000000-1609718399999,0.000630971,0.0001,0.999269029
1609718400000-1609804799999,0.000555902,0.0001,0.999344098
1609804800000-1609891199999,0.000710091,0.0001,0.999189909
1609891200000-1609977599999,0.000772311,0.0001,0.999127689
1609977600000-1610063999999,0.000840891,0.0001,0.999059109
1610064000000-1610150399999,0.000892008,0.0001,0.999007992
1610150400000-1610236799999,0.000788414,0.0001,0.999111586
1610236800000-1610323199999,0.0006447530000000001,0.0001,0.999255247
1610323200000-1610409599999,0.0006485270000000001,0.0001,0.999251473
1610409600000-1610495999999,0.0006856950000000001,0.0001,0.999214305
1610496000000-1610582399999,0.000695768,0.0001,0.999204232
1610582400000-1610668799999,0.000712278,0.0001,0.999187722
1610668800000-1610755199999,0.0007334679999999999,0.0001,0.999166532
1610755200000-1610841599999,0.0006098379999999999,0.0001,0.999290162
1610841600000-1610927999999,0.0005375520000000001,0.0001,0.999362448
1610928000000-1611014399999,0.000433827,0.0001,0.999466173
1611014400000-1611100799999,0.00053237,0.0001,0.99936763
1611100800000-1611187199999,0.000553654,0.0001,0.999346346
1611187200000-1611273599999,0.000585663,0.0001,0.999314337
1611273600000-1611359999999,0.0005763099999999999,0.0001,0.99932369
1611360000000-1611446399999,0.000515884,0.0001,0.999384116
1611446400000-1611532799999,0.00039636500000000003,0.0001,0.999503635
1611532800000-1611619199999,0.00045823500000000003,0.0001,0.999441765
1611619200000-1611705599999,0.000445996,0.0001,0.999454004
1611705600000-1611791999999,0.000465135,0.0001,0.999434865
1611792000000-1611878399999,0.000509978,0.0001,0.999390022
1611878400000-1611964799999,0.000503359,0.0001,0.999396641
1611964800000-1612051199999,0.00043038600000000005,0.0001,0.999469614
1612051200000-1612137599999,0.000338825,0.0001,0.999561175
1612137600000-1612223999999,0.000407776,0.0001,0.999492224
1612224000000-1612310399999,0.000348345,0.0001,0.999551655
1612310400000-1612396799999,0.000367644,0.0001,0.999532356
1612396800000-1612483199999,0.000374637,0.0001,0.9995253630000001
1612483200000-1612569599999,0.000406106,0.0001,0.999493894
1612569600000-1612655999999,0.000314729,0.0001,0.999585271
1612656000000-1612742399999,0.000271134,0.0001,0.999628866
1612742400000-1612828799999,0.00027322399999999997,0.0001,0.999626776
1612828800000-1612915199999,0.000287807,0.0001,0.999612193
1612915200000-1613001599999,0.000287762,0.0001,0.999612238
1613001600000-1613087999999,0.000319526,0.0001,0.999580474
1613088000000-1613174399999,0.000301115,0.0001,0.999598885
1613174400000-1613260799999,0.00026349900000000005,0.0001,0.999636501
1613260800000-1613347199999,0.000196781,0.0001,0.999703219
1613347200000-1613433599999,0.00016398400000000002,0.0001,0.999736016
1613433600000-1613519999999,0.00018881399999999998,0.0001,0.999711186
1613520000000-1613606399999,0.000211899,0.0001,0.999688101
1613606400000-1613692799999,0.00021121,0.0001,0.99968879
1613692800000-1613779199999,0.000239521,0.0001,0.999660479
1613779200000-1613865599999,0.000216602,0.0001,0.999683398
1613865600000-1613951999999,0.000172663,0.0001,0.999727337
1613952000000-1614038399999,0.00016966300000000002,0.0001,0.999730337
1614038400000-1614124799999,0.00021833699999999998,0.0001,0.999681663
1614124800000-1614211199999,0.000225826,0.0001,0.999674174
1614211200000-1614297599999,0.000234149,0.0001,0.999665851
1614297600000-1614383999999,0.00023368100000000001,0.0001,0.999666319
1614384000000-1614470399999,0.000195243,0.0001,0.999704757
1614470400000-1614556799999,0.000155352,0.0001,0.999744648
1614556800000-1614643199999,0.000175521,0.0001,0.999724479
1614643200000-1614729599999,0.0001725,0.0001,0.9997275
1614729600000-1614815999999,0.00020299199999999998,0.0001,0.999697008
1614816000000-1614902399999,0.000205618,0.0001,0.999694382
1614902400000-1614988799999,0.00020066,0.0001,0.99969934
1614988800000-1615075199999,0.000175993,0.0001,0.999724007
1615075200000-1615161599999,0.000124087,0.0001,0.999775913
1615161600000-1615247999999,0.0001357,0.0001,0.9997643
1615248000000-1615334399999,0.000174219,0.0001,0.999725781
1615334400000-1615420799999,0.00017490799999999999,0.0001,0.999725092
1615420800000-1615507199999,0.000188733,0.0001,0.999711267
1615507200000-1615593599999,0.000185838,0.0001,0.999714162
1615593600000-1615679999999,0.000160213,0.0001,0.999739787
1615680000000-1615766399999,0.000115643,0.0001,0.999784357
1615766400000-1615852799999,0.000170817,0.0001,0.999729183
1615852800000-1615939199999,0.000163165,0.0001,0.999736835
1615939200000-1616025599999,0.00017909200000000003,0.0001,0.999720908
1616025600000-1616111999999,0.00018240000000000002,0.0001,0.9997176
1616112000000-1616198399999,0.000186255,0.0001,0.999713745
1616198400000-1616284799999,0.00016773,0.0001,0.99973227
1616284800000-1616371199999,0.00010218,0.0001,0.99979782
1616371200000-1616457599999,0.000155395,0.0001,0.999744605
1616457600000-1616543999999,0.000162198,0.0001,0.999737802
1616544000000-1616630399999,0.00026264999999999996,0.0001,0.99963735
1616630400000-1616716799999,0.000204065,0.0001,0.999695935
1616716800000-1616803199999,0.000233766,0.0001,0.999666234
1616803200000-1616889599999,0.000189853,0.0001,0.999710147
1616889600000-1616975999999,0.000130582,0.0001,0.999769418
1616976000000-1617062399999,0.000209282,0.0001,0.999690718
1617062400000-1617148799999,0.00018558500000000002,0.0001,0.999714415
1617148800000-1617235199999,0.00020170500000000002,0.0001,0.999698295
1617235200000-1617321599999,0.000239028,0.0001,0.999660972
1617321600000-1617407999999,0.000211137,0.0001,0.999688863
1617408000000-1617494399999,0.000191119,0.0001,0.999708881
1617494400000-1617580799999,0.000106141,0.0001,0.999793859
1617580800000-1617667199999,0.000233847,0.0001,0.999666153
1617667200000-1617753599999,0.000183304,0.0001,0.999716696
1617753600000-1617839999999,0.000226648,0.0001,0.999673352
1617840000000-1617926399999,0.00024137,0.0001,0.99965863
1617926400000-1618012799999,0.000249877,0.0001,0.999650123
1618012800000-1618099199999,0.00020147,0.0001,0.99969853
1618099200000-1618185599999,0.00014050899999999998,0.0001,0.999759491
1618185600000-1618271999999,0.00021170500000000002,0.0001,0.999688295
1618272000000-1618358399999,0.00023554499999999998,0.0001,0.999664455
1618358400000-1618444799999,0.00022780199999999998,0.0001,0.999672198
1618444800000-1618531199999,0.000224494,0.0001,0.999675506
1618531200000-1618617599999,0.000241904,0.0001,0.999658096
1618617600000-1618703999999,0.000158706,0.0001,0.999741294
1618704000000-1618790399999,0.000127253,0.0001,0.999772747
1618790400000-1618876799999,0.000205754,0.0001,0.999694246
1618876800000-1618963199999,0.000184134,0.0001,0.999715866
1618963200000-1619049599999,0.000189893,0.0001,0.999710107
1619049600000-1619135999999,0.000203255,0.0001,0.999696745
1619136000000-1619222399999,0.000188551,0.0001,0.999711449
1619222400000-1619308799999,0.00016161500000000002,0.0001,0.999738385
1619308800000-1619395199999,0.000097138,0.0001,0.999802862
1619395200000-1619481599999,0.000143709,0.0001,0.999756291
1619481600000-1619567999999,0.00015358199999999998,0.0001,0.999746418
1619568000000-1619654399999,0.000166615,0.0001,0.999733385
1619654400000-1619740799999,0.000175983,0.0001,0.999724017
1619740800000-1619827199999,0.00017497999999999998,0.0001,0.99972502
1619827200000-1619913599999,0.00013713200000000001,0.0001,0.999762868
1619913600000-1619999999999,0.00008883,0.0001,0.99981117
1620000000000-1620086399999,0.00015254,0.0001,0.99974746
1620086400000-1620172799999,0.000123029,0.0001,0.999776971
1620172800000-1620259199999,0.00013505600000000002,0.0001,0.999764944
1620259200000-1620345599999,0.000143676,0.0001,0.999756324
1620345600000-1620431999999,0.000145407,0.0001,0.999754593
1620432000000-1620518399999,0.000101736,0.0001,0.999798264
1620518400000-1620604799999,0.000064734,0.0001,0.999835266
1620604800000-1620691199999,0.00011117100000000001,0.0001,0.999788829
1620691200000-1620777599999,0.000101697,0.0001,0.999798303
1620777600000-1620863999999,0.000108235,0.0001,0.999791765
1620864000000-1620950399999,0.00011503199999999999,0.0001,0.999784968
1620950400000-1621036799999,0.000127673,0.0001,0.999772327
1621036800000-1621123199999,0.00008718099999999999,0.0001,0.999812819
1621123200000-1621209599999,0.000050981,0.0001,0.999849019
1621209600000-1621295999999,0.000086468,0.0001,0.999813532
1621296000000-1621382399999,0.00008395399999999999,0.0001,0.999816046
1621382400000-1621468799999,0.000088522,0.0001,0.999811478
1621468800000-1621555199999,0.000091256,0.0001,0.999808744
1621555200000-1621641599999,0.000084428,0.0001,0.999815572
1621641600000-1621727999999,0.000059811999999999996,0.0001,0.999840188
1621728000000-1621814399999,0.000038876,0.0001,0.999861124
1621814400000-1621900799999,0.00007798999999999999,0.0001,0.99982201
1621900800000-1621987199999,0.000068697,0.0001,0.999831303
1621987200000-1622073599999,0.00007243399999999999,0.0001,0.999827566
1622073600000-1622159999999,0.00008292400000000001,0.0001,0.999817076
1622160000000-1622246399999,0.000066039,0.0001,0.999833961
1622246400000-1622332799999,0.000036256999999999995,0.0001,0.999863743
1622332800000-1622419199999,0.000020344,0.0001,0.999879656
1622419200000-1622505599999,0.000017447,0.0001,0.999882553
1622505600000-1622591999999,0.000069305,0.0001,0.999830695
1622592000000-1622678399999,0.000051108,0.0001,0.999848892
1622678400000-1622764799999,0.000057643000000000004,0.0001,0.999842357
1622764800000-1622851199999,0.000050906,0.0001,0.999849094
1622851200000-1622937599999,0.000042012000000000004,0.0001,0.999857988
1622937600000-1623023999999,0.000016299,0.0001,0.999883701
1623024000000-1623110399999,0.000046815,0.0001,0.999853185
1623110400000-1623196799999,0.000039314000000000003,0.0001,0.999860686
1623196800000-1623283199999,0.000056335,0.0001,0.999843665
1623283200000-1623369599999,0.000043942,0.0001,0.999856058
1623369600000-1623455999999,0.000074619,0.0001,0.999825381
1623456000000-1623542399999,0.000024858,0.0001,0.999875142
1623542400000-1623628799999,0.000014432,0.0001,0.999885568
1623628800000-1623715199999,0.000038459000000000006,0.0001,0.999861541
1623715200000-1623801599999,0.000034154000000000005,0.0001,0.999865846
1623801600000-1623887999999,0.000037536999999999997,0.0001,0.999862463
1623888000000-1623974399999,0.000031399,0.0001,0.999868601
1623974400000-1624060799999,0.000062208,0.0001,0.999837792
1624060800000-1624147199999,0.000025739999999999998,0.0001,0.99987426
1624147200000-1624233599999,0.000011758,0.0001,0.999888242
1624233600000-1624319999999,0.000037263,0.0001,0.999862737
1624320000000-1624406399999,0.000033051,0.0001,0.999866949
1624406400000-1624492799999,0.000037570999999999997,0.0001,0.999862429
1624492800000-1624579199999,0.000038761000000000004,0.0001,0.999861239
1624579200000-1624665599999,0.000071646,0.0001,0.999828354
1624665600000-1624751999999,0.000022063,0.0001,0.999877937
1624752000000-1624838399999,0.000011843,0.0001,0.999888157
1624838400000-1624924799999,0.000045567999999999995,0.0001,0.999854432
1624924800000-1625011199999,0.00003429,0.0001,0.99986571
1625011200000-1625097599999,0.000039631,0.0001,0.999860369
1625097600000-1625183999999,0.000043695,0.0001,0.999856305
1625184000000-1625270399999,0.000090307,0.0001,0.999809693
1625270400000-1625356799999,0.000014317,0.0001,0.999885683
1625356800000-1625443199999,0.000011169000000000001,0.0001,0.999888831
1625443200000-1625529599999,0.000016701,0.0001,0.999883299
1625529600000-1625615999999,0.000073184,0.0001,0.999826816
1625616000000-1625702399999,0.00006927700000000001,0.0001,0.999830723
1625702400000-1625788799999,0.000060607,0.0001,0.999839393
1625788800000-1625875199999,0.000145742,0.0001,0.999754258
1625875200000-1625961599999,0.000027305,0.0001,0.999872695
1625961600000-1626047999999,0.000018622,0.0001,0.999881378
1626048000000-1626134399999,0.00010577899999999999,0.0001,0.999794221
1626134400000-1626220799999,0.00007983,0.0001,0.99982017
1626220800000-1626307199999,0.000096208,0.0001,0.999803792
1626307200000-1626393599999,0.000085836,0.0001,0.999814164
1626393600000-1626479999999,0.000239605,0.0001,0.999660395
1626480000000-1626566399999,0.000039154000000000005,0.0001,0.999860846
1626566400000-1626652799999,0.000036399,0.0001,0.999863601
1626652800000-1626739199999,0.000157434,0.0001,0.999742566
1626739200000-1626825599999,0.000129011,0.0001,0.999770989
1626825600000-1626911999999,0.000157195,0.0001,0.999742805
1626912000000-1626998399999,0.000166394,0.0001,0.999733606
1626998400000-1627084799999,0.0003589,0.0001,0.9995411
1627084800000-1627171199999,0.000082764,0.0001,0.999817236
1627171200000-1627257599999,0.000048362,0.0001,0.999851638
1627257600000-1627343999999,0.00026917,0.0001,0.99963083
1627344000000-1627430399999,0.000213714,0.0001,0.999686286
1627430400000-1627516799999,0.000207766,0.0001,0.999692234
1627516800000-1627603199999,0.000236161,0.0001,0.999663839
1627603200000-1627689599999,0.0005879349999999999,0.0001,0.999312065
1627689600000-1627775999999,0.000099117,0.0001,0.999800883
1627776000000-1627862399999,0.000075954,0.0001,0.999824046
1627862400000-1627948799999,0.00038663099999999996,0.0001,0.999513369
